Order_ID,Order_Date,Customer_ID,City,Restaurant,Food_Category,Quantity,Price,Discount,Delivery_Fee,Payment_Method,Order_Status,Rating,Total_Amount
ORD00833,2025-01-01,CUST0085,Mumbai,Bombay Bites,Chinese,1,296.52,42.42,40,Debit Card,Cancelled,3.6,294.1
ORD00324,2025-01-01,CUST0112,Chennai,Chennai Bites,Chinese,1,276.98,31.58,20,Credit Card,Delivered,3.8,265.4
ORD00528,2025-01-01,CUST0734,Pune,Deccan Kitchen,Chinese,2,319.65,44.24,20,Credit Card,Delivered,3.8,615.06
ORD02437,2025-01-01,CUST0167,Pune,Deccan Kitchen,Healthy Food,2,259.21,30.53,60,UPI,Delivered,4.5,547.89
ORD01444,2025-01-01,CUST0146,Chennai,Spice Hub,Pizza,1,454.31,46.88,40,Credit Card,Delivered,4.8,447.43
ORD01576,2025-01-02,CUST0335,Chennai,Dosa House,Biryani,2,219.61,6.9,30,Credit Card,Delivered,4.0,462.32
ORD01502,2025-01-02,CUST0762,Kolkata,East Spice,South Indian,1,219.19,15.26,30,Wallet,Cancelled,3.9,233.93
ORD02011,2025-01-02,CUST0084,Kochi,Coastal Treats,North Indian,2,109.52,8.18,40,UPI,Delivered,3.3,250.86
ORD02609,2025-01-02,CUST0580,Hyderabad,Hyderabad House,South Indian,1,266.65,17.19,20,Debit Card,Delivered,4.8,269.46
ORD00163,2025-01-02,CUST0734,Delhi,Street Feast,Chinese,1,234.42,20.36,30,Debit Card,Cancelled,3.8,244.06
ORD02407,2025-01-02,CUST0581,Bengaluru,Bengaluru Bowl,Burgers,1,241.27,37.06,30,Credit Card,Delivered,5.0,234.21
ORD00583,2025-01-02,CUST0196,Kochi,Kerala Kitchen,Pizza,2,453.17,32.87,50,UPI,Delivered,5.0,923.47
ORD00405,2025-01-02,CUST0686,Delhi,Delhi Zaika,Chinese,3,334.04,95.46,30,Credit Card,Delivered,5.0,936.66
ORD01183,2025-01-03,CUST0441,Hyderabad,Nawab Kitchen,Burgers,1,265.96,36.48,50,UPI,Delivered,2.6,279.48
ORD01022,2025-01-03,CUST0748,Mumbai,Coastal Kitchen,South Indian,1,159.29,22.13,30,Cash,Delivered,4.5,167.16
ORD02098,2025-01-03,CUST0794,Delhi,Delhi Zaika,Biryani,3,249.2,133.1,30,Credit Card,Delivered,5.0,644.5
ORD01384,2025-01-03,CUST0775,Chennai,Dosa House,North Indian,1,417.15,51.79,30,Credit Card,Delivered,3.8,395.36
ORD01742,2025-01-03,CUST0454,Hyderabad,Deccan Delights,Desserts,1,182.86,11.83,20,UPI,Delivered,4.0,191.03
ORD01940,2025-01-03,CUST0386,Kochi,Coastal Treats,Biryani,1,293.18,15.75,40,Debit Card,Delivered,4.7,317.43
ORD02777,2025-01-03,CUST0645,Hyderabad,Nawab Kitchen,Biryani,1,279.26,47.99,40,UPI,Delivered,4.1,271.27
ORD01458,2025-01-03,CUST0027,Kochi,Coastal Treats,Desserts,1,135.76,22.99,30,Credit Card,Delivered,3.6,142.77
ORD01119,2025-01-04,CUST0334,Kochi,Coconut Cafe,North Indian,2,323.36,54.03,20,Debit Card,Delivered,4.1,612.69
ORD02266,2025-01-04,CUST0454,Bengaluru,South Spice,Desserts,1,126.25,15.9,20,,Delivered,4.2,130.35
ORD02749,2025-01-04,CUST0232,Hyderabad,Nawab Kitchen,Chinese,2,208.47,19.91,20,UPI,Delivered,4.2,417.03
ORD00330,2025-01-04,CUST0706,Chennai,Chennai Bites,Burgers,2,183.55,66.23,40,Debit Card,Delivered,5.0,340.87
ORD01357,2025-01-04,CUST0443,Hyderabad,Hyderabad House,Chinese,1,214.24,41.21,50,UPI,Delivered,4.5,223.03
ORD02959,2025-01-04,CUST0698,Delhi,Delhi Zaika,Biryani,2,275.06,32.8,30,Cash,Delivered,4.7,547.32
ORD00730,2025-01-05,CUST0556,Bengaluru,Bengaluru Bowl,North Indian,1,384.35,9.71,30,UPI,Delivered,3.2,404.64
ORD01523,2025-01-05,CUST0061,Bengaluru,Bengaluru Bowl,South Indian,1,173.97,11.02,50,Wallet,Delivered,4.5,212.95
ORD00747,2025-01-05,CUST0233,Kolkata,East Spice,South Indian,1,242.26,46.7,40,Credit Card,Delivered,4.1,235.56
ORD02538,2025-01-05,CUST0663,Delhi,Delhi Zaika,Desserts,2,116.49,35.02,50,Cash,Delivered,3.1,247.96
ORD02596,2025-01-05,CUST0110,Chennai,Spice Hub,Biryani,1,242.23,20.9,40,UPI,Delivered,3.4,261.33
ORD00162,2025-01-05,CUST0096,Hyderabad,Hyderabad House,Biryani,3,293.51,69.91,30,Credit Card,Cancelled,4.1,840.62
ORD02676,2025-01-05,CUST0155,Delhi,Capital Bites,South Indian,1,166.01,11.17,40,Debit Card,Cancelled,5.0,194.84
ORD02050,2025-01-05,CUST0352,Bengaluru,Garden Kitchen,Pizza,1,368.39,2.06,50,UPI,Delivered,5.0,416.33
ORD01160,2025-01-05,CUST0145,Kolkata,Bengal Feast,North Indian,1,196.03,14.7,30,Debit Card,Delivered,3.6,211.33
ORD02918,2025-01-05,CUST0186,Mumbai,Coastal Kitchen,Desserts,1,95.56,11.24,40,Credit Card,Cancelled,3.8,124.32
ORD02751,2025-01-06,CUST0284,Kochi,Coastal Treats,South Indian,2,159.55,60.83,40,Credit Card,Delivered,5.0,298.27
ORD02760,2025-01-06,CUST0581,Pune,Marathi Meals,Chinese,2,192.95,62.4,30,UPI,Delivered,3.8,353.5
ORD02361,2025-01-06,CUST0583,Bengaluru,Tech Tadka,Healthy Food,1,328.93,45.63,60,Debit Card,Delivered,3.6,343.3
ORD01561,2025-01-06,CUST0655,Bengaluru,Bengaluru Bowl,South Indian,1,177.46,32.86,20,UPI,Delivered,4.6,164.6
ORD01916,2025-01-06,CUST0591,Hyderabad,Nawab Kitchen,Chinese,1,276.37,5.9,30,Credit Card,Delivered,4.0,300.47
ORD02669,2025-01-06,CUST0485,Delhi,Punjabi Rasoi,Desserts,1,162.25,31.93,50,UPI,Delivered,2.6,180.32
ORD02484,2025-01-06,CUST0209,Chennai,Dosa House,Biryani,1,374.08,66.81,40,Cash,Delivered,3.1,347.27
ORD01790,2025-01-06,CUST0426,Chennai,Chennai Bites,Pizza,1,477.48,9.95,50,Debit Card,Delivered,5.0,517.53
ORD01184,2025-01-06,CUST0097,Delhi,Capital Bites,Biryani,4,168.45,14.81,40,UPI,Delivered,3.7,698.99
ORD00632,2025-01-07,CUST0718,Mumbai,Mumbai Masala,North Indian,1,331.88,51.19,40,UPI,Returned,4.5,320.69
ORD02198,2025-01-07,CUST0495,Pune,Marathi Meals,Pizza,1,344.86,12.75,30,UPI,Delivered,3.5,362.11
ORD01089,2025-01-07,CUST0090,Pune,Deccan Kitchen,Chinese,2,264.62,26.77,30,UPI,Delivered,5.0,532.47
ORD00115,2025-01-07,CUST0139,Hyderabad,Deccan Delights,Healthy Food,1,212.82,27.37,40,Debit Card,Delivered,2.7,225.45
ORD01625,2025-01-07,CUST0416,Kochi,Coconut Cafe,Chinese,2,373.42,51.43,40,UPI,Delivered,4.4,735.41
ORD01506,2025-01-07,CUST0467,Kochi,Kerala Kitchen,Biryani,1,325.66,8.79,20,UPI,Delivered,4.4,336.87
ORD01869,2025-01-07,CUST0397,Mumbai,Coastal Kitchen,Pizza,1,395.56,76.94,30,UPI,Delivered,4.8,348.62
ORD02645,2025-01-08,CUST0329,Delhi,Capital Bites,Biryani,1,306.62,23.33,60,UPI,Delivered,4.4,343.29
ORD01186,2025-01-08,CUST0289,Mumbai,Bombay Bites,Pizza,1,332.43,14.85,20,UPI,Delivered,4.1,337.58
ORD02188,2025-01-08,CUST0216,Mumbai,Bombay Bites,North Indian,1,305.36,52.52,20,UPI,Delivered,4.9,272.84
ORD00541,2025-01-08,CUST0769,Chennai,Spice Hub,Desserts,1,149.57,17.76,30,UPI,Delivered,3.5,161.81
ORD01233,2025-01-08,CUST0460,Delhi,Delhi Zaika,Burgers,3,259.13,111.56,50,UPI,Delivered,4.5,715.83
ORD01230,2025-01-08,CUST0623,Chennai,Urban Tiffin,Biryani,1,316.5,33.03,50,UPI,Delivered,5.0,333.47
ORD00728,2025-01-08,CUST0134,Delhi,Punjabi Rasoi,South Indian,1,207.11,29.6,50,Debit Card,Delivered,4.2,227.51
ORD02859,2025-01-08,CUST0497,Delhi,Punjabi Rasoi,Pizza,1,336.24,29.56,30,Cash,Delivered,4.6,336.68
ORD01996,2025-01-08,CUST0305,Chennai,Spice Hub,Pizza,1,282.34,25.8,40,Debit Card,Delivered,5.0,296.54
ORD00219,2025-01-08,CUST0233,Hyderabad,Hyderabad House,South Indian,1,193.05,16.4,30,UPI,Delivered,4.2,206.65
ORD00242,2025-01-08,CUST0403,Pune,Pune Pantry,Biryani,1,268.04,47.4,30,UPI,Cancelled,4.5,250.64
ORD00434,2025-01-08,CUST0654,Bengaluru,South Spice,Chinese,1,303.76,16.92,40,UPI,Delivered,4.7,326.84
ORD01419,2025-01-09,CUST0727,Chennai,Chennai Bites,Biryani,3,358.05,61.62,40,Credit Card,Delivered,3.9,1052.53
ORD02914,2025-01-09,CUST0229,Delhi,Street Feast,North Indian,1,338.45,65.43,30,,Cancelled,3.0,303.02
ORD00904,2025-01-10,CUST0053,Kochi,Coastal Treats,Biryani,1,396.57,34.65,50,UPI,Delivered,4.3,411.92
ORD01268,2025-01-10,CUST0666,Bengaluru,Garden Kitchen,Healthy Food,1,320.33,24.64,20,UPI,Delivered,3.8,315.69
ORD01421,2025-01-10,CUST0736,Hyderabad,Deccan Delights,Burgers,3,149.69,16.04,50,UPI,Delivered,3.4,483.03
ORD02534,2025-01-10,CUST0738,Mumbai,Coastal Kitchen,South Indian,2,146.75,27.71,30,Debit Card,Delivered,3.9,295.79
ORD01195,2025-01-11,CUST0228,Hyderabad,Deccan Delights,Biryani,1,153.01,0.5,30,UPI,Delivered,4.1,182.51
ORD01830,2025-01-11,CUST0196,Kochi,Kerala Kitchen,Biryani,1,291.08,1.09,40,Credit Card,Delivered,2.7,329.99
ORD02815,2025-01-11,CUST0169,Pune,Pune Pantry,Pizza,1,374.65,30.94,20,Cash,Delivered,3.3,363.71
ORD00978,2025-01-11,CUST0526,Kolkata,Kolkata Kitchen,Burgers,1,151.67,24.2,50,Debit Card,Returned,4.8,177.47
ORD02274,2025-01-11,CUST0344,Kochi,Malabar Bites,Burgers,2,177.97,36.02,50,Wallet,Delivered,4.6,369.92
ORD02228,2025-01-11,CUST0145,Kolkata,Bengal Feast,South Indian,2,220.98,76.35,20,Debit Card,Delivered,3.3,385.61
ORD01516,2025-01-12,CUST0501,Mumbai,Coastal Kitchen,Pizza,1,325.7,12.18,50,UPI,Delivered,4.2,363.52
ORD00252,2025-01-12,CUST0439,Chennai,Chennai Bites,Chinese,3,330.56,195.65,40,UPI,Cancelled,3.8,836.03
ORD02851,2025-01-12,CUST0435,Chennai,Urban Tiffin,Desserts,1,175.58,13.3,40,UPI,Delivered,4.8,202.28
ORD02981,2025-01-12,CUST0221,Mumbai,Coastal Kitchen,Biryani,1,181.64,0.94,30,Credit Card,Delivered,4.0,210.7
ORD00751,2025-01-12,CUST0415,Chennai,Chennai Bites,Biryani,1,263.52,19.51,30,Cash,Delivered,3.9,274.01
ORD00920,2025-01-12,CUST0281,Mumbai,Coastal Kitchen,Desserts,3,133.56,73.01,40,Credit Card,Delivered,3.6,367.67
ORD01093,2025-01-12,CUST0139,Hyderabad,Deccan Delights,Biryani,1,322.44,60.68,30,UPI,Delivered,3.9,291.76
ORD02685,2025-01-13,CUST0386,Mumbai,Tandoor Tales,Chinese,1,310.71,37.5,20,Cash,Cancelled,4.5,293.21
ORD01034,2025-01-13,CUST0741,Hyderabad,Nawab Kitchen,Pizza,1,405.64,22.17,50,Wallet,Delivered,4.4,433.47
ORD02383,2025-01-13,CUST0783,Kolkata,Biryani Corner,Biryani,1,136.74,26.23,30,UPI,Delivered,4.1,140.51
ORD00874,2025-01-13,CUST0704,Mumbai,Bombay Bites,Burgers,4,222.25,86.72,50,Debit Card,Delivered,4.5,852.28
ORD02412,2025-01-13,CUST0226,Delhi,Punjabi Rasoi,Burgers,2,165.66,39.69,30,UPI,Delivered,4.1,321.63
ORD02261,2025-01-13,CUST0102,Pune,Cafe Central,North Indian,3,268.0,37.45,40,UPI,Delivered,,806.55
ORD02176,2025-01-13,CUST0198,Kochi,Malabar Bites,Biryani,3,233.83,71.94,30,Credit Card,Delivered,3.4,659.55
ORD02304,2025-01-13,CUST0012,Kochi,Coastal Treats,Chinese,2,347.07,20.87,30,Cash,Delivered,5.0,703.27
ORD00795,2025-01-13,CUST0010,Delhi,Street Feast,Desserts,1,187.83,35.84,20,Cash,Delivered,3.9,171.99
ORD01046,2025-01-13,CUST0446,Bengaluru,South Spice,Desserts,1,159.23,4.34,20,Debit Card,Delivered,4.2,174.89
ORD01001,2025-01-13,CUST0474,Chennai,Dosa House,Biryani,1,197.33,22.74,20,UPI,Delivered,4.5,194.59
ORD00974,2025-01-13,CUST0216,Pune,Marathi Meals,Pizza,1,359.92,14.2,40,UPI,Delivered,4.1,385.72
ORD01491,2025-01-13,CUST0227,Kolkata,Biryani Corner,South Indian,4,132.56,17.29,50,UPI,Delivered,3.8,562.95
ORD02684,2025-01-14,CUST0183,Delhi,Street Feast,South Indian,1,199.13,24.57,40,Debit Card,Delivered,3.9,214.56
ORD01543,2025-01-14,CUST0497,Mumbai,Mumbai Masala,Biryani,3,361.5,53.99,40,Cash,Delivered,4.3,1070.51
ORD02133,2025-01-14,CUST0287,Bengaluru,Tech Tadka,South Indian,2,237.84,42.84,50,UPI,Delivered,3.3,482.84
ORD02658,2025-01-14,CUST0785,Pune,Marathi Meals,North Indian,2,486.07,140.25,20,UPI,Delivered,3.5,851.89
ORD00909,2025-01-14,CUST0043,Hyderabad,Nawab Kitchen,Chinese,1,179.59,10.18,20,UPI,Delivered,,189.41
ORD01168,2025-01-15,CUST0579,Delhi,Capital Bites,Chinese,2,240.22,22.55,20,Wallet,Delivered,4.5,477.89
ORD00441,2025-01-15,CUST0051,Mumbai,Mumbai Masala,Biryani,1,305.66,51.78,40,Cash,Delivered,3.7,293.88
ORD01405,2025-01-16,CUST0261,Delhi,Punjabi Rasoi,Chinese,1,236.97,1.52,30,Credit Card,Delivered,3.3,265.45
ORD00414,2025-01-16,CUST0785,Delhi,Delhi Zaika,Burgers,2,156.59,61.96,30,UPI,Cancelled,3.8,281.22
ORD01006,2025-01-16,CUST0212,Delhi,Street Feast,Burgers,1,236.95,5.1,60,Cash,Delivered,5.0,291.85
ORD02952,2025-01-16,CUST0020,Kolkata,Bengal Feast,Pizza,1,535.9,3.44,50,Debit Card,Delivered,4.1,582.46
ORD01094,2025-01-16,CUST0511,Chennai,Urban Tiffin,North Indian,3,283.57,36.63,30,Debit Card,Cancelled,3.7,844.08
ORD00865,2025-01-16,CUST0767,Delhi,Punjabi Rasoi,Biryani,3,270.79,83.68,30,UPI,Delivered,4.2,758.69
ORD01676,2025-01-16,CUST0571,Chennai,Urban Tiffin,Pizza,2,386.85,0.76,30,UPI,Delivered,3.7,802.94
ORD01995,2025-01-16,CUST0428,Hyderabad,Deccan Delights,Healthy Food,3,420.01,232.24,30,UPI,Delivered,4.6,1057.79
ORD00254,2025-01-16,CUST0184,Bengaluru,South Spice,Pizza,1,312.47,58.02,40,Debit Card,Delivered,4.1,294.45
ORD00155,2025-01-17,CUST0554,Kolkata,Kolkata Kitchen,Biryani,3,210.86,78.97,30,UPI,Delivered,4.7,583.61
ORD00513,2025-01-17,CUST0220,Hyderabad,Deccan Delights,South Indian,1,136.18,21.18,40,UPI,Delivered,4.4,155.0
ORD01057,2025-01-17,CUST0223,Kolkata,Biryani Corner,Burgers,2,222.25,52.1,40,UPI,Delivered,4.8,432.4
ORD01863,2025-01-17,CUST0482,Hyderabad,Nawab Kitchen,Pizza,1,353.49,69.95,50,Wallet,Delivered,3.3,333.54
ORD00753,2025-01-17,CUST0373,Pune,Deccan Kitchen,Chinese,2,302.4,33.78,20,Wallet,Delivered,4.2,591.02
ORD01877,2025-01-17,CUST0130,Chennai,Urban Tiffin,South Indian,1,244.46,29.38,50,UPI,Delivered,3.3,265.08
ORD02649,2025-01-17,CUST0263,Chennai,Chennai Bites,Chinese,1,312.8,37.16,60,Credit Card,Delivered,4.8,335.64
ORD02855,2025-01-17,CUST0544,Hyderabad,Deccan Delights,South Indian,3,210.12,68.39,40,Cash,Delivered,5.0,601.97
ORD01559,2025-01-17,CUST0089,Kochi,Coastal Treats,Healthy Food,1,412.57,48.3,50,Credit Card,Delivered,4.5,414.27
ORD01132,2025-01-17,CUST0270,Delhi,Capital Bites,North Indian,1,379.15,62.1,30,UPI,Delivered,4.0,347.05
ORD01291,2025-01-17,CUST0285,Chennai,Dosa House,Biryani,1,206.29,23.93,30,Credit Card,Cancelled,4.9,212.36
ORD02783,2025-01-18,CUST0651,Mumbai,Bombay Bites,Biryani,2,305.29,19.53,20,Credit Card,Delivered,3.8,611.05
ORD02580,2025-01-18,CUST0405,Hyderabad,Deccan Delights,Biryani,2,188.25,35.71,30,Credit Card,Delivered,4.9,370.79
ORD02299,2025-01-18,CUST0454,Mumbai,Mumbai Masala,North Indian,1,285.69,55.57,30,Debit Card,Cancelled,4.4,260.12
ORD01815,2025-01-18,CUST0365,Delhi,Capital Bites,South Indian,2,220.52,38.78,50,UPI,Delivered,4.3,452.26
ORD02830,2025-01-18,CUST0693,Kochi,Coconut Cafe,Burgers,2,261.82,27.38,30,UPI,Delivered,3.9,526.26
ORD01722,2025-01-18,CUST0635,Bengaluru,Bengaluru Bowl,Chinese,3,131.65,26.61,50,UPI,Delivered,2.9,418.34
ORD02322,2025-01-18,CUST0124,Mumbai,Coastal Kitchen,Pizza,1,312.37,23.5,40,UPI,Delivered,4.1,328.87
ORD00531,2025-01-19,CUST0762,Pune,Cafe Central,Biryani,1,277.95,37.42,30,UPI,Delivered,4.6,270.53
ORD01845,2025-01-19,CUST0270,Chennai,Urban Tiffin,Healthy Food,2,365.83,42.68,30,Debit Card,Cancelled,3.8,718.98
ORD00009,2025-01-19,CUST0122,Bengaluru,Garden Kitchen,Burgers,2,209.91,35.65,40,Wallet,Delivered,4.6,424.17
ORD02109,2025-01-19,CUST0293,Bengaluru,Bengaluru Bowl,Biryani,1,338.05,38.64,60,UPI,Delivered,4.0,359.41
ORD01532,2025-01-19,CUST0172,Bengaluru,South Spice,Pizza,2,372.7,36.68,20,Debit Card,Delivered,4.6,728.72
ORD02975,2025-01-19,CUST0057,Delhi,Delhi Zaika,North Indian,1,294.39,8.69,20,Wallet,Delivered,3.3,305.7
ORD00821,2025-01-19,CUST0476,Hyderabad,Nawab Kitchen,Pizza,2,300.15,91.34,20,Debit Card,Delivered,5.0,528.96
ORD01214,2025-01-19,CUST0069,Hyderabad,Biryani Point,Desserts,2,155.92,11.46,20,Credit Card,Cancelled,4.1,320.38
ORD02687,2025-01-19,CUST0731,Bengaluru,Tech Tadka,North Indian,1,243.27,27.24,30,UPI,Delivered,3.8,246.03
ORD01587,2025-01-20,CUST0402,Delhi,Street Feast,South Indian,2,233.48,19.82,60,UPI,Delivered,5.0,507.14
ORD02168,2025-01-20,CUST0511,Kolkata,East Spice,Chinese,1,284.23,48.91,20,Credit Card,Delivered,5.0,255.32
ORD00749,2025-01-20,CUST0526,Hyderabad,Nawab Kitchen,Healthy Food,1,361.82,12.53,40,UPI,Delivered,3.6,389.29
ORD00186,2025-01-20,CUST0556,Hyderabad,Nawab Kitchen,North Indian,2,251.42,42.35,30,Credit Card,Cancelled,4.0,490.49
ORD02677,2025-01-20,CUST0092,Chennai,Urban Tiffin,Biryani,2,187.88,0.02,20,Debit Card,Cancelled,4.4,395.74
ORD01933,2025-01-20,CUST0236,Kolkata,Kolkata Kitchen,South Indian,1,199.78,7.95,40,UPI,Delivered,3.5,231.83
ORD02881,2025-01-21,CUST0797,Kolkata,East Spice,Pizza,1,407.23,72.04,40,UPI,Delivered,4.2,375.19
ORD01751,2025-01-21,CUST0224,Hyderabad,Deccan Delights,Biryani,2,241.77,89.82,30,Wallet,Delivered,4.4,423.72
ORD00448,2025-01-21,CUST0314,Bengaluru,Bengaluru Bowl,Pizza,1,378.46,16.91,20,UPI,Delivered,5.0,381.55
ORD00112,2025-01-21,CUST0648,Pune,Pune Pantry,Biryani,2,259.7,64.88,50,Debit Card,Returned,4.7,504.52
ORD00705,2025-01-21,CUST0039,Pune,Marathi Meals,South Indian,1,118.86,3.2,30,UPI,Delivered,4.5,145.66
ORD00258,2025-01-21,CUST0294,Kolkata,Biryani Corner,Pizza,1,312.08,44.18,50,Wallet,Delivered,4.0,317.9
ORD00335,2025-01-21,CUST0580,Delhi,Delhi Zaika,Chinese,1,275.09,40.78,40,UPI,Delivered,4.5,274.31
ORD00129,2025-01-21,CUST0201,Delhi,Capital Bites,Chinese,2,338.16,79.53,20,Credit Card,Delivered,4.7,616.79
ORD00983,2025-01-21,CUST0623,Kolkata,Biryani Corner,Biryani,4,207.07,40.07,20,Wallet,Cancelled,3.8,808.21
ORD01030,2025-01-21,CUST0320,Bengaluru,Bengaluru Bowl,South Indian,3,114.73,21.41,40,Cash,Delivered,3.8,362.78
ORD00892,2025-01-21,CUST0081,Mumbai,Bombay Bites,North Indian,3,171.98,64.49,30,UPI,Delivered,4.4,481.45
ORD01406,2025-01-22,CUST0256,Delhi,Punjabi Rasoi,South Indian,2,188.29,35.36,30,Wallet,Delivered,3.3,371.22
ORD02045,2025-01-22,CUST0307,Chennai,Chennai Bites,Biryani,4,186.4,57.42,30,Debit Card,Delivered,4.3,718.18
ORD01503,2025-01-22,CUST0548,Kolkata,East Spice,Biryani,1,355.79,19.39,20,UPI,Delivered,3.9,356.4
ORD02771,2025-01-22,CUST0621,Mumbai,Bombay Bites,Chinese,4,204.62,29.19,30,UPI,Delivered,3.9,819.29
ORD00800,2025-01-22,CUST0119,Delhi,Punjabi Rasoi,Chinese,3,260.68,50.47,30,UPI,Delivered,3.6,761.57
ORD00164,2025-01-22,CUST0485,Pune,Marathi Meals,Burgers,1,168.7,24.91,40,Credit Card,Delivered,4.8,183.79
ORD01581,2025-01-22,CUST0498,Hyderabad,Hyderabad House,North Indian,1,316.42,53.25,20,Debit Card,Delivered,4.5,283.17
ORD02904,2025-01-22,CUST0703,Chennai,Dosa House,Pizza,2,333.46,93.53,40,Credit Card,Delivered,4.3,613.39
ORD02641,2025-01-22,CUST0457,Chennai,Chennai Bites,Chinese,2,331.23,36.15,40,Cash,Returned,3.7,666.31
ORD00913,2025-01-22,CUST0663,Bengaluru,Bengaluru Bowl,North Indian,2,319.71,14.67,30,UPI,Delivered,4.6,654.75
ORD01915,2025-01-22,CUST0520,Bengaluru,Bengaluru Bowl,South Indian,1,213.8,36.6,30,Debit Card,Delivered,4.2,207.2
ORD00971,2025-01-23,CUST0474,Hyderabad,Nawab Kitchen,Desserts,1,158.37,26.25,40,UPI,Delivered,4.1,172.12
ORD00848,2025-01-23,CUST0072,Mumbai,Coastal Kitchen,Desserts,2,193.9,75.71,40,UPI,Delivered,3.7,352.09
ORD01765,2025-01-23,CUST0336,Bengaluru,Tech Tadka,Biryani,2,193.16,33.67,20,UPI,Delivered,4.3,372.65
ORD00621,2025-01-23,CUST0699,Delhi,Capital Bites,North Indian,3,410.01,136.98,40,Cash,Delivered,3.7,1133.05
ORD00901,2025-01-23,CUST0069,Bengaluru,Bengaluru Bowl,Burgers,1,272.98,33.98,40,UPI,Delivered,3.5,279.0
ORD01356,2025-01-24,CUST0759,Pune,Cafe Central,Burgers,2,211.31,52.84,20,Debit Card,Delivered,3.6,389.78
ORD01060,2025-01-24,CUST0468,Pune,Deccan Kitchen,Biryani,2,312.03,85.74,20,UPI,Delivered,4.0,558.32
ORD01355,2025-01-24,CUST0313,Mumbai,Tandoor Tales,Biryani,2,263.71,29.27,30,Debit Card,Delivered,4.3,528.15
ORD00976,2025-01-24,CUST0365,Bengaluru,South Spice,Burgers,2,284.34,84.31,30,Wallet,Delivered,4.3,514.37
ORD01887,2025-01-25,CUST0604,Pune,Cafe Central,South Indian,1,134.69,8.92,20,Credit Card,Delivered,4.2,145.77
ORD02571,2025-01-25,CUST0216,Hyderabad,Deccan Delights,Pizza,1,349.33,0.93,20,Wallet,Delivered,4.5,368.4
ORD02526,2025-01-25,CUST0456,Pune,Marathi Meals,Healthy Food,2,321.46,41.96,60,UPI,Delivered,4.6,660.96
ORD01879,2025-01-25,CUST0084,Bengaluru,Garden Kitchen,Biryani,1,275.71,43.57,40,UPI,Delivered,3.6,272.14
ORD00270,2025-01-25,CUST0464,Bengaluru,South Spice,Biryani,1,298.46,28.63,30,Wallet,Delivered,3.6,299.83
ORD01621,2025-01-25,CUST0759,Delhi,Delhi Zaika,South Indian,2,197.39,6.47,20,UPI,Delivered,5.0,408.31
ORD02105,2025-01-25,CUST0526,Chennai,Dosa House,Healthy Food,1,374.09,72.96,40,UPI,Delivered,4.2,341.13
ORD00831,2025-01-25,CUST0083,Pune,Pune Pantry,Pizza,2,345.9,46.46,50,Wallet,Cancelled,5.0,695.34
ORD02807,2025-01-25,CUST0768,Mumbai,Tandoor Tales,South Indian,1,155.93,18.24,40,Wallet,Delivered,4.2,177.69
ORD01398,2025-01-25,CUST0746,Kolkata,Bengal Feast,North Indian,1,386.57,11.45,20,UPI,Delivered,4.6,395.12
ORD01138,2025-01-25,CUST0379,Bengaluru,Garden Kitchen,Biryani,1,291.78,57.97,20,UPI,Delivered,3.7,253.81
ORD02801,2025-01-25,CUST0623,Kolkata,Biryani Corner,Chinese,1,207.48,4.15,50,Credit Card,Delivered,3.6,253.33
ORD00444,2025-01-26,CUST0575,Hyderabad,Nawab Kitchen,Burgers,1,201.94,25.9,40,UPI,Delivered,4.5,216.04
ORD00201,2025-01-26,CUST0628,Bengaluru,South Spice,South Indian,4,155.86,36.72,30,UPI,Delivered,3.4,616.72
ORD02674,2025-01-26,CUST0483,Bengaluru,Bengaluru Bowl,South Indian,1,226.36,20.58,20,UPI,Delivered,4.7,225.78
ORD01137,2025-01-26,CUST0005,Bengaluru,Tech Tadka,Burgers,1,217.41,5.24,40,UPI,Delivered,3.3,252.17
ORD02182,2025-01-26,CUST0206,Kochi,Coastal Treats,Pizza,2,305.05,97.76,30,UPI,Delivered,4.2,542.34
ORD00882,2025-01-27,CUST0447,Hyderabad,Biryani Point,Pizza,3,272.71,120.63,40,Wallet,Delivered,4.6,737.5
ORD02071,2025-01-27,CUST0152,Delhi,Capital Bites,North Indian,1,244.21,41.04,30,UPI,Delivered,3.6,233.17
ORD02884,2025-01-27,CUST0770,Kochi,Coastal Treats,Pizza,2,245.69,31.22,40,UPI,Delivered,3.6,500.16
ORD01129,2025-01-28,CUST0349,Mumbai,Mumbai Masala,Chinese,1,207.43,29.9,40,UPI,Delivered,4.3,217.53
ORD02258,2025-01-28,CUST0324,Chennai,Spice Hub,South Indian,1,163.18,8.77,50,UPI,Delivered,4.1,204.41
ORD00457,2025-01-28,CUST0613,Pune,Pune Pantry,Desserts,3,200.63,31.2,40,Debit Card,Delivered,3.4,610.69
ORD00578,2025-01-28,CUST0605,Hyderabad,Deccan Delights,Biryani,1,214.99,38.18,20,Credit Card,Delivered,4.0,196.81
ORD01023,2025-01-28,CUST0595,Kolkata,Bengal Feast,Burgers,3,208.48,73.52,30,Wallet,Delivered,4.5,581.92
ORD00150,2025-01-28,CUST0398,Kochi,Coastal Treats,North Indian,1,357.45,18.81,40,Wallet,Delivered,4.0,378.64
ORD00992,2025-01-28,CUST0192,Hyderabad,Nawab Kitchen,South Indian,3,184.39,14.18,30,UPI,Delivered,4.5,568.99
ORD02487,2025-01-28,CUST0798,Pune,Cafe Central,North Indian,2,256.89,71.02,30,Credit Card,Delivered,4.4,472.76
ORD01026,2025-01-28,CUST0613,Kochi,Kerala Kitchen,Biryani,1,289.88,24.8,20,Cash,Delivered,4.3,285.08
ORD02041,2025-01-28,CUST0631,Kolkata,East Spice,Biryani,2,343.16,31.02,50,UPI,Delivered,4.2,705.3
ORD02121,2025-01-28,CUST0145,Bengaluru,Garden Kitchen,Biryani,2,393.87,11.16,20,Credit Card,Delivered,3.7,796.58
ORD01829,2025-01-28,CUST0278,Kochi,Coconut Cafe,Desserts,1,147.49,28.08,20,UPI,Delivered,3.4,139.41
ORD01977,2025-01-29,CUST0660,Delhi,Delhi Zaika,South Indian,1,126.84,24.06,40,Credit Card,Delivered,4.0,142.78
ORD02108,2025-01-29,CUST0375,Chennai,Spice Hub,Biryani,2,310.63,79.77,20,UPI,Delivered,4.6,561.49
ORD01548,2025-01-29,CUST0339,Pune,Pune Pantry,Pizza,2,345.12,106.51,40,Credit Card,Delivered,3.8,623.73
ORD01061,2025-01-29,CUST0732,Pune,Deccan Kitchen,North Indian,1,337.66,65.78,30,Credit Card,Delivered,5.0,301.88
ORD01883,2025-01-29,CUST0707,Mumbai,Bombay Bites,Desserts,1,171.05,18.76,50,UPI,Delivered,4.5,202.29
ORD02189,2025-01-29,CUST0251,Mumbai,Bombay Bites,Burgers,2,239.37,90.46,40,UPI,Delivered,3.5,428.28
ORD00004,2025-01-30,CUST0107,Bengaluru,South Spice,Burgers,1,167.88,4.69,20,UPI,Delivered,3.6,183.19
ORD00362,2025-01-30,CUST0798,Pune,Cafe Central,Pizza,1,330.43,1.86,20,Cash,Delivered,3.5,348.57
ORD02989,2025-01-30,CUST0500,Chennai,Urban Tiffin,Chinese,1,348.61,9.65,20,Cash,Delivered,4.0,358.96
ORD00914,2025-01-30,CUST0183,Chennai,Spice Hub,Pizza,1,435.77,32.85,50,Debit Card,Delivered,3.0,452.92
ORD01907,2025-01-30,CUST0208,Hyderabad,Nawab Kitchen,Biryani,1,203.73,36.25,40,Debit Card,Delivered,3.6,207.48
ORD00670,2025-01-30,CUST0519,Pune,Cafe Central,Healthy Food,3,444.02,27.8,30,UPI,Delivered,4.5,1334.26
ORD02797,2025-01-30,CUST0520,Chennai,Urban Tiffin,South Indian,1,110.44,15.45,20,Debit Card,Delivered,,114.99
ORD01395,2025-01-30,CUST0514,Kolkata,Kolkata Kitchen,South Indian,1,215.85,23.44,30,Debit Card,Delivered,3.2,222.41
ORD00826,2025-01-30,CUST0023,Bengaluru,Tech Tadka,North Indian,3,257.76,42.07,40,UPI,Delivered,4.1,771.21
ORD02613,2025-01-30,CUST0128,Mumbai,Coastal Kitchen,North Indian,3,312.67,81.98,20,UPI,Delivered,3.9,876.03
ORD02896,2025-01-30,CUST0461,Bengaluru,Bengaluru Bowl,North Indian,2,304.96,105.58,40,UPI,Delivered,4.3,544.34
ORD00610,2025-01-30,CUST0695,Bengaluru,Bengaluru Bowl,Healthy Food,2,237.62,54.63,20,Debit Card,Returned,4.7,440.61
ORD00651,2025-01-31,CUST0693,Bengaluru,Bengaluru Bowl,Biryani,1,296.23,9.95,20,UPI,Delivered,3.5,306.28
ORD02273,2025-01-31,CUST0641,Delhi,Delhi Zaika,Biryani,3,301.04,130.53,40,UPI,Delivered,4.6,812.59
ORD01005,2025-01-31,CUST0525,Kochi,Kerala Kitchen,South Indian,2,191.15,21.6,50,Wallet,Delivered,3.6,410.7
ORD00898,2025-01-31,CUST0330,Hyderabad,Deccan Delights,Chinese,3,296.69,135.62,30,Cash,Delivered,4.3,784.45
ORD02627,2025-01-31,CUST0663,Hyderabad,Nawab Kitchen,Desserts,1,219.51,9.11,40,UPI,Delivered,4.8,250.4
ORD00083,2025-01-31,CUST0556,Bengaluru,Garden Kitchen,Biryani,1,194.57,16.66,20,Credit Card,Delivered,4.3,197.91
ORD00184,2025-02-01,CUST0028,Hyderabad,Biryani Point,Biryani,1,318.79,55.57,20,Credit Card,Delivered,4.4,283.22
ORD02306,2025-02-01,CUST0304,Kolkata,East Spice,Burgers,1,196.79,12.53,20,UPI,Delivered,4.7,204.26
ORD01776,2025-02-01,CUST0693,Mumbai,Bombay Bites,Biryani,1,214.98,20.39,50,Debit Card,Delivered,4.4,244.59
ORD00250,2025-02-01,CUST0416,Mumbai,Bombay Bites,Biryani,2,302.48,66.75,20,UPI,Delivered,4.4,558.21
ORD01471,2025-02-01,CUST0634,Kochi,Coconut Cafe,North Indian,2,323.23,112.41,50,UPI,Delivered,4.5,584.05
ORD02363,2025-02-01,CUST0241,Kochi,Coconut Cafe,Burgers,2,245.0,40.94,30,Credit Card,Delivered,3.7,479.06
ORD01415,2025-02-01,CUST0714,Bengaluru,Bengaluru Bowl,South Indian,2,184.17,40.91,20,Wallet,Delivered,4.1,347.43
ORD00902,2025-02-01,CUST0546,Pune,Cafe Central,Biryani,2,347.89,0.78,40,Debit Card,Delivered,,735.0
ORD01087,2025-02-02,CUST0559,Kochi,Kerala Kitchen,North Indian,1,324.61,49.57,60,UPI,Delivered,4.2,335.04
ORD01529,2025-02-02,CUST0498,Pune,Deccan Kitchen,Pizza,1,250.31,15.84,60,Cash,Delivered,3.5,294.47
ORD02899,2025-02-03,CUST0421,Pune,Marathi Meals,Pizza,1,381.87,46.46,50,UPI,Delivered,4.2,385.41
ORD00298,2025-02-03,CUST0002,Chennai,Urban Tiffin,Desserts,1,189.52,15.22,20,Credit Card,Delivered,4.0,194.3
ORD01274,2025-02-03,CUST0386,Chennai,Chennai Bites,North Indian,2,361.87,100.12,30,Wallet,Delivered,3.1,653.62
ORD00418,2025-02-04,CUST0176,Mumbai,Mumbai Masala,Biryani,3,347.48,182.64,30,Debit Card,Delivered,4.2,889.8
ORD00677,2025-02-04,CUST0634,Pune,Cafe Central,Pizza,3,341.56,188.87,20,UPI,Delivered,3.6,855.81
ORD00055,2025-02-04,CUST0601,Kochi,Kerala Kitchen,North Indian,2,259.89,22.13,30,UPI,Delivered,4.1,527.65
ORD00844,2025-02-04,CUST0800,Bengaluru,Garden Kitchen,Chinese,1,261.91,2.62,30,Wallet,Delivered,3.9,289.29
ORD01792,2025-02-04,CUST0672,Mumbai,Bombay Bites,North Indian,3,464.71,0.53,30,UPI,Delivered,4.0,1423.6
ORD00360,2025-02-04,CUST0226,Delhi,Delhi Zaika,Pizza,2,375.45,32.51,60,Debit Card,Delivered,3.5,778.39
ORD00431,2025-02-04,CUST0776,Mumbai,Coastal Kitchen,Healthy Food,1,274.83,43.52,30,UPI,Delivered,5.0,261.31
ORD00814,2025-02-04,CUST0610,Bengaluru,South Spice,North Indian,1,303.25,54.46,20,UPI,Delivered,4.7,268.79
ORD02262,2025-02-05,CUST0494,Kolkata,Bengal Feast,Biryani,1,255.9,26.38,40,UPI,Delivered,4.9,269.52
ORD01249,2025-02-05,CUST0407,Chennai,Chennai Bites,Chinese,2,326.8,83.62,30,Credit Card,Delivered,4.8,599.98
ORD00086,2025-02-05,CUST0270,Bengaluru,South Spice,Biryani,1,297.48,24.65,60,UPI,Delivered,3.8,332.83
ORD01779,2025-02-05,CUST0191,Bengaluru,Tech Tadka,Biryani,1,344.06,52.4,20,Debit Card,Delivered,3.8,311.66
ORD01703,2025-02-06,CUST0490,Kochi,Kerala Kitchen,Chinese,1,217.13,9.17,30,Debit Card,Delivered,4.7,237.96
ORD00834,2025-02-06,CUST0078,Bengaluru,South Spice,Burgers,1,160.89,15.58,30,UPI,Delivered,3.7,175.31
ORD00832,2025-02-06,CUST0145,Hyderabad,Nawab Kitchen,Healthy Food,4,240.92,175.53,60,Debit Card,Delivered,4.6,848.15
ORD00673,2025-02-06,CUST0168,Mumbai,Tandoor Tales,Burgers,1,216.95,14.27,30,Credit Card,Delivered,4.8,232.68
ORD02600,2025-02-06,CUST0436,Chennai,Urban Tiffin,North Indian,1,177.72,0.42,40,Credit Card,Delivered,5.0,217.3
ORD00510,2025-02-06,CUST0086,Hyderabad,Deccan Delights,Chinese,1,358.7,7.2,40,Cash,Delivered,4.3,391.5
ORD01719,2025-02-06,CUST0267,Bengaluru,Bengaluru Bowl,Pizza,1,326.76,42.68,20,UPI,Delivered,3.9,304.08
ORD00355,2025-02-07,CUST0563,Kolkata,East Spice,Chinese,2,274.12,21.52,20,UPI,Cancelled,4.5,546.72
ORD02316,2025-02-07,CUST0427,Kochi,Malabar Bites,Desserts,1,99.07,16.29,20,Credit Card,Delivered,4.3,102.78
ORD02908,2025-02-07,CUST0413,Pune,Cafe Central,Chinese,1,279.82,41.97,30,Wallet,Delivered,3.8,267.85
ORD02488,2025-02-07,CUST0116,Delhi,Street Feast,South Indian,2,236.85,63.9,50,Credit Card,Delivered,3.9,459.8
ORD01746,2025-02-07,CUST0796,Mumbai,Coastal Kitchen,North Indian,1,285.15,27.55,40,UPI,Delivered,4.5,297.6
ORD01389,2025-02-07,CUST0624,Bengaluru,Garden Kitchen,Burgers,1,214.58,19.39,40,Credit Card,Delivered,5.0,235.19
ORD00450,2025-02-07,CUST0342,Hyderabad,Nawab Kitchen,North Indian,2,220.72,79.83,60,UPI,Cancelled,3.2,421.61
ORD01682,2025-02-07,CUST0493,Bengaluru,Tech Tadka,Biryani,2,179.46,19.08,20,UPI,Delivered,4.7,359.84
ORD02069,2025-02-07,CUST0382,Bengaluru,Tech Tadka,Pizza,3,356.56,170.73,30,UPI,Cancelled,4.0,928.95
ORD01659,2025-02-08,CUST0344,Bengaluru,Tech Tadka,North Indian,1,302.49,8.03,50,UPI,Delivered,4.5,344.46
ORD01237,2025-02-08,CUST0127,Hyderabad,Biryani Point,Chinese,3,374.16,211.03,40,Debit Card,Delivered,3.3,951.45
ORD01793,2025-02-08,CUST0363,Pune,Deccan Kitchen,Chinese,1,256.59,7.86,40,UPI,Delivered,4.0,288.73
ORD00520,2025-02-08,CUST0218,Kolkata,East Spice,Biryani,1,314.34,57.42,30,Cash,Delivered,4.9,286.92
ORD00341,2025-02-08,CUST0195,Kochi,Coconut Cafe,North Indian,4,253.73,127.37,20,Wallet,Delivered,3.2,907.55
ORD02339,2025-02-08,CUST0751,Bengaluru,Garden Kitchen,Chinese,3,197.54,38.47,30,Credit Card,Delivered,4.2,584.15
ORD01404,2025-02-08,CUST0532,Chennai,Chennai Bites,North Indian,1,176.37,21.08,50,UPI,Delivered,4.5,205.29
ORD00577,2025-02-08,CUST0776,Delhi,Street Feast,North Indian,1,251.26,47.57,30,Credit Card,Delivered,4.7,233.69
ORD02257,2025-02-08,CUST0489,Mumbai,Tandoor Tales,Biryani,2,330.56,126.28,20,Credit Card,Cancelled,3.5,554.84
ORD01332,2025-02-09,CUST0194,Kolkata,Bengal Feast,Biryani,2,275.43,7.55,20,UPI,Returned,3.9,563.31
ORD02307,2025-02-09,CUST0293,Hyderabad,Biryani Point,Pizza,1,442.69,45.06,40,UPI,Delivered,4.1,437.63
ORD02632,2025-02-09,CUST0778,Chennai,Dosa House,Pizza,3,323.14,16.35,30,Wallet,Delivered,5.0,983.07
ORD00239,2025-02-09,CUST0736,Chennai,Chennai Bites,Pizza,2,385.38,96.03,40,UPI,Delivered,4.8,714.73
ORD01944,2025-02-09,CUST0064,Delhi,Delhi Zaika,South Indian,2,135.05,18.63,20,Debit Card,Delivered,3.4,271.47
ORD01352,2025-02-09,CUST0391,Kochi,Coastal Treats,South Indian,2,149.74,40.86,30,UPI,Delivered,5.0,288.62
ORD02000,2025-02-09,CUST0774,Bengaluru,South Spice,Biryani,1,259.66,3.5,40,Debit Card,Delivered,4.6,296.16
ORD02587,2025-02-09,CUST0768,Bengaluru,Tech Tadka,South Indian,2,172.86,52.58,30,UPI,Cancelled,4.4,323.14
ORD00619,2025-02-10,CUST0342,Delhi,Capital Bites,Biryani,1,335.3,56.82,30,Debit Card,Cancelled,3.5,308.48
ORD01588,2025-02-10,CUST0443,Kochi,Coastal Treats,Biryani,1,165.68,20.59,40,Wallet,Cancelled,4.2,185.09
ORD01310,2025-02-10,CUST0769,Delhi,Street Feast,Burgers,2,197.99,11.59,30,UPI,Delivered,3.7,414.39
ORD00512,2025-02-10,CUST0285,Bengaluru,Tech Tadka,Biryani,1,345.06,54.92,20,Credit Card,Delivered,4.7,310.14
ORD00299,2025-02-10,CUST0304,Delhi,Capital Bites,Desserts,1,152.39,1.0,20,Credit Card,Delivered,2.7,171.39
ORD01342,2025-02-10,CUST0800,Delhi,Delhi Zaika,Pizza,1,413.1,41.94,40,Cash,Delivered,3.3,411.16
ORD01655,2025-02-10,CUST0432,Chennai,Urban Tiffin,South Indian,1,142.31,27.97,40,Debit Card,Delivered,4.0,154.34
ORD00401,2025-02-10,CUST0735,Bengaluru,Bengaluru Bowl,Chinese,3,256.53,99.55,50,Cash,Delivered,5.0,720.04
ORD00565,2025-02-10,CUST0556,Mumbai,Mumbai Masala,Biryani,1,233.2,12.41,30,UPI,Cancelled,3.8,250.79
ORD00993,2025-02-10,CUST0631,Bengaluru,Bengaluru Bowl,Chinese,1,233.48,10.45,20,UPI,Delivered,3.6,243.03
ORD00519,2025-02-10,CUST0204,Pune,Marathi Meals,Biryani,1,213.39,15.46,30,Debit Card,Delivered,4.3,227.93
ORD00229,2025-02-11,CUST0113,Mumbai,Bombay Bites,Biryani,2,243.81,89.33,20,UPI,Delivered,4.7,418.29
ORD00207,2025-02-11,CUST0411,Hyderabad,Biryani Point,South Indian,1,186.4,19.45,30,UPI,Delivered,4.5,196.95
ORD02455,2025-02-11,CUST0676,Chennai,Dosa House,North Indian,2,249.5,83.48,20,Credit Card,Delivered,4.5,435.52
ORD00699,2025-02-11,CUST0445,Hyderabad,Biryani Point,Burgers,1,234.87,46.21,30,Credit Card,Delivered,5.0,218.66
ORD00496,2025-02-12,CUST0601,Pune,Pune Pantry,Desserts,1,139.12,15.35,20,Cash,Delivered,3.7,143.77
ORD01654,2025-02-12,CUST0665,Chennai,Dosa House,South Indian,4,153.64,15.0,40,UPI,Delivered,4.5,639.56
ORD01497,2025-02-12,CUST0758,Mumbai,Bombay Bites,Healthy Food,2,319.01,109.49,30,UPI,Delivered,2.9,558.53
ORD02854,2025-02-12,CUST0122,Delhi,Delhi Zaika,South Indian,1,168.96,26.75,40,UPI,Delivered,4.5,182.21
ORD01096,2025-02-12,CUST0673,Hyderabad,Hyderabad House,North Indian,1,257.04,37.93,30,Credit Card,Delivered,,249.11
ORD00151,2025-02-12,CUST0795,Delhi,Delhi Zaika,Desserts,3,189.48,76.53,30,Cash,Delivered,4.2,521.91
ORD01475,2025-02-12,CUST0363,Kochi,Malabar Bites,Burgers,3,203.45,59.25,30,UPI,Delivered,4.9,581.1
ORD02163,2025-02-12,CUST0719,Bengaluru,Garden Kitchen,Biryani,1,316.34,16.03,20,Credit Card,Cancelled,4.8,320.31
ORD01976,2025-02-13,CUST0092,Chennai,Chennai Bites,North Indian,2,333.06,55.83,30,UPI,Returned,3.9,640.29
ORD02686,2025-02-13,CUST0574,Bengaluru,Tech Tadka,Healthy Food,1,336.09,61.38,40,Cash,Delivered,5.0,314.71
ORD00102,2025-02-13,CUST0188,Hyderabad,Nawab Kitchen,Chinese,2,234.13,82.71,30,Wallet,Delivered,3.6,415.55
ORD01041,2025-02-13,CUST0582,Bengaluru,Tech Tadka,South Indian,2,196.36,28.46,30,UPI,Delivered,3.8,394.26
ORD00205,2025-02-13,CUST0710,Chennai,Dosa House,Pizza,1,337.11,61.51,50,Credit Card,Delivered,4.2,325.6
ORD02694,2025-02-13,CUST0471,Chennai,Dosa House,Biryani,1,317.46,17.73,40,UPI,Returned,3.9,339.73
ORD01246,2025-02-13,CUST0297,Hyderabad,Deccan Delights,South Indian,1,182.26,7.26,30,UPI,Cancelled,4.8,205.0
ORD02438,2025-02-13,CUST0753,Mumbai,Tandoor Tales,Biryani,1,287.5,3.95,40,,Delivered,4.8,323.55
ORD02546,2025-02-13,CUST0449,Pune,Marathi Meals,North Indian,1,335.34,52.65,20,UPI,Delivered,3.5,302.69
ORD01809,2025-02-14,CUST0233,Mumbai,Mumbai Masala,Burgers,1,221.1,40.77,50,UPI,Delivered,4.3,230.33
ORD00658,2025-02-14,CUST0163,Bengaluru,South Spice,Biryani,1,344.97,20.7,40,UPI,Cancelled,5.0,364.27
ORD02199,2025-02-14,CUST0427,Delhi,Delhi Zaika,North Indian,2,172.65,2.35,50,UPI,Delivered,4.1,392.95
ORD02729,2025-02-14,CUST0422,Chennai,Urban Tiffin,Pizza,1,265.6,24.94,20,Credit Card,Delivered,5.0,260.66
ORD00527,2025-02-14,CUST0254,Chennai,Chennai Bites,Pizza,2,334.1,52.32,50,Cash,Delivered,3.5,665.88
ORD02897,2025-02-14,CUST0278,Mumbai,Bombay Bites,Biryani,1,245.35,13.9,20,UPI,Delivered,4.3,251.45
ORD00860,2025-02-14,CUST0389,Kolkata,East Spice,Biryani,3,236.76,101.69,20,UPI,Delivered,3.1,628.59
ORD02384,2025-02-14,CUST0010,Hyderabad,Nawab Kitchen,Healthy Food,2,302.85,116.23,20,Credit Card,Delivered,4.0,509.47
ORD01106,2025-02-14,CUST0321,Hyderabad,Biryani Point,Biryani,1,240.75,28.26,50,UPI,Delivered,4.2,262.49
ORD01931,2025-02-14,CUST0455,Bengaluru,South Spice,Burgers,2,179.66,55.68,40,Debit Card,Delivered,4.6,343.64
ORD01807,2025-02-15,CUST0667,Chennai,Spice Hub,Pizza,1,265.06,52.7,20,Credit Card,Delivered,4.7,232.36
ORD01346,2025-02-15,CUST0380,Chennai,Chennai Bites,Burgers,2,181.83,24.24,30,Cash,Cancelled,4.7,369.42
ORD00354,2025-02-15,CUST0365,Mumbai,Bombay Bites,Biryani,2,283.07,78.3,40,UPI,Delivered,3.3,527.84
ORD01633,2025-02-15,CUST0748,Delhi,Punjabi Rasoi,Chinese,1,261.56,43.34,30,UPI,Delivered,4.0,248.22
ORD01173,2025-02-15,CUST0500,Hyderabad,Hyderabad House,Pizza,1,284.47,24.1,20,UPI,Delivered,3.7,280.37
ORD00750,2025-02-15,CUST0143,Mumbai,Mumbai Masala,North Indian,1,366.8,8.57,20,Wallet,Delivered,3.4,378.23
ORD00526,2025-02-15,CUST0289,Mumbai,Mumbai Masala,North Indian,2,208.24,51.27,50,UPI,Delivered,4.8,415.21
ORD01045,2025-02-15,CUST0350,Hyderabad,Deccan Delights,Pizza,1,341.77,5.53,50,Wallet,Cancelled,4.2,386.24
ORD02967,2025-02-16,CUST0154,Delhi,Street Feast,North Indian,1,366.1,7.69,50,UPI,Delivered,4.1,408.41
ORD01834,2025-02-16,CUST0731,Kolkata,Kolkata Kitchen,South Indian,2,129.06,10.15,30,UPI,Delivered,4.0,277.97
ORD01663,2025-02-16,CUST0380,Chennai,Spice Hub,Biryani,1,326.73,41.89,20,UPI,Delivered,4.2,304.84
ORD01402,2025-02-16,CUST0119,Kolkata,Biryani Corner,Chinese,2,295.88,105.59,40,Credit Card,Cancelled,4.8,526.17
ORD01154,2025-02-16,CUST0637,Bengaluru,Tech Tadka,North Indian,3,252.33,73.6,30,Credit Card,Delivered,3.9,713.39
ORD00440,2025-02-16,CUST0727,Hyderabad,Hyderabad House,North Indian,1,391.52,68.27,20,Debit Card,Delivered,3.4,343.25
ORD00637,2025-02-16,CUST0367,Chennai,Urban Tiffin,Chinese,4,237.01,43.21,20,UPI,Delivered,5.0,924.83
ORD00320,2025-02-16,CUST0422,Bengaluru,Garden Kitchen,Biryani,1,285.66,35.39,30,Credit Card,Delivered,3.7,280.27
ORD02794,2025-02-16,CUST0773,Bengaluru,Garden Kitchen,Healthy Food,1,414.42,79.09,30,Cash,Delivered,2.6,365.33
ORD00031,2025-02-16,CUST0022,Kolkata,East Spice,Healthy Food,2,422.24,133.95,50,Cash,Delivered,4.4,760.53
ORD00742,2025-02-16,CUST0659,Delhi,Delhi Zaika,Biryani,1,383.13,20.55,50,Credit Card,Delivered,4.3,412.58
ORD00033,2025-02-16,CUST0748,Pune,Deccan Kitchen,Desserts,1,188.12,8.7,50,UPI,Delivered,4.9,229.42
ORD01535,2025-02-16,CUST0102,Delhi,Capital Bites,Healthy Food,2,269.25,33.25,20,UPI,Delivered,3.9,525.25
ORD00225,2025-02-16,CUST0268,Kochi,Coastal Treats,North Indian,1,199.02,24.8,30,UPI,Cancelled,4.7,204.22
ORD01602,2025-02-17,CUST0039,Kochi,Coconut Cafe,South Indian,2,136.31,52.79,40,Wallet,Delivered,5.0,259.83
ORD01616,2025-02-17,CUST0739,Chennai,Spice Hub,Pizza,1,246.89,33.86,20,Wallet,Delivered,5.0,233.03
ORD02115,2025-02-17,CUST0014,Chennai,Spice Hub,Burgers,3,214.76,127.99,30,Credit Card,Delivered,3.4,546.29
ORD01425,2025-02-17,CUST0526,Chennai,Urban Tiffin,South Indian,1,263.61,10.3,30,UPI,Delivered,4.2,283.31
ORD01855,2025-02-17,CUST0007,Kolkata,Kolkata Kitchen,South Indian,1,193.51,28.77,30,Wallet,Delivered,4.7,194.74
ORD02321,2025-02-17,CUST0117,Kochi,Malabar Bites,North Indian,1,270.07,29.69,20,UPI,Delivered,4.1,260.38
ORD02811,2025-02-17,CUST0561,Pune,Deccan Kitchen,South Indian,1,230.42,14.51,20,Debit Card,Delivered,3.9,235.91
ORD01963,2025-02-17,CUST0779,Kolkata,Biryani Corner,Chinese,1,268.26,47.62,40,UPI,Cancelled,3.7,260.64
ORD00781,2025-02-17,CUST0145,Delhi,Street Feast,Biryani,2,173.79,27.06,40,Wallet,Cancelled,4.4,360.52
ORD01204,2025-02-17,CUST0324,Mumbai,Bombay Bites,Chinese,2,273.49,50.3,50,UPI,Delivered,3.9,546.68
ORD00624,2025-02-17,CUST0612,Pune,Marathi Meals,Chinese,4,296.74,64.5,40,UPI,Cancelled,4.3,1162.46
ORD01911,2025-02-17,CUST0430,Pune,Marathi Meals,Chinese,2,259.7,56.38,30,Debit Card,Cancelled,3.8,493.02
ORD02259,2025-02-18,CUST0610,Mumbai,Mumbai Masala,Burgers,2,263.87,39.59,40,Wallet,Delivered,5.0,528.15
ORD00492,2025-02-18,CUST0096,Delhi,Capital Bites,Burgers,1,282.34,53.67,20,Credit Card,Delivered,4.0,248.67
ORD00598,2025-02-18,CUST0739,Mumbai,Coastal Kitchen,Pizza,2,310.82,41.31,20,UPI,Delivered,4.2,600.33
ORD01147,2025-02-18,CUST0402,Hyderabad,Hyderabad House,South Indian,1,149.39,13.83,30,UPI,Delivered,3.4,165.56
ORD00930,2025-02-18,CUST0789,Chennai,Chennai Bites,Pizza,1,351.33,41.58,40,Credit Card,Delivered,3.8,349.75
ORD01461,2025-02-18,CUST0731,Pune,Pune Pantry,Chinese,2,241.85,21.44,20,Debit Card,Delivered,4.1,482.26
ORD00183,2025-02-18,CUST0796,Delhi,Street Feast,Biryani,1,253.04,14.35,20,Debit Card,Delivered,4.4,258.69
ORD01957,2025-02-18,CUST0011,Hyderabad,Nawab Kitchen,Burgers,1,162.79,2.69,30,Credit Card,Delivered,3.6,190.1
ORD01036,2025-02-18,CUST0289,Bengaluru,Garden Kitchen,Desserts,1,194.32,8.47,30,Credit Card,Delivered,5.0,215.85
ORD01926,2025-02-18,CUST0558,Bengaluru,Tech Tadka,Biryani,1,215.48,17.01,40,UPI,Cancelled,2.8,238.47
ORD00060,2025-02-18,CUST0346,Kochi,Coconut Cafe,North Indian,2,390.55,153.35,40,UPI,Delivered,4.9,667.75
ORD02236,2025-02-19,CUST0147,Chennai,Dosa House,Chinese,1,324.24,48.25,40,Wallet,Delivered,3.8,315.99
ORD01194,2025-02-19,CUST0159,Chennai,Dosa House,Pizza,1,368.38,36.36,60,UPI,Delivered,,392.02
ORD01531,2025-02-19,CUST0108,Delhi,Delhi Zaika,Chinese,1,311.86,24.78,20,Debit Card,Delivered,4.3,307.08
ORD02916,2025-02-19,CUST0136,Kolkata,Bengal Feast,South Indian,1,152.88,1.36,40,UPI,Delivered,3.4,191.52
ORD02700,2025-02-19,CUST0493,Mumbai,Tandoor Tales,Healthy Food,3,338.4,121.3,20,UPI,Delivered,4.7,913.9
ORD00421,2025-02-19,CUST0682,Hyderabad,Hyderabad House,Healthy Food,2,349.72,79.59,30,UPI,Delivered,4.2,649.85
ORD02128,2025-02-19,CUST0424,Kolkata,Biryani Corner,Pizza,2,452.74,177.85,30,Debit Card,Delivered,4.0,757.63
ORD00043,2025-02-19,CUST0687,Kolkata,East Spice,Burgers,1,239.23,17.3,60,Cash,Delivered,4.1,281.93
ORD00574,2025-02-20,CUST0035,Mumbai,Coastal Kitchen,Pizza,1,452.65,44.55,20,UPI,Delivered,4.1,428.1
ORD00053,2025-02-20,CUST0274,Chennai,Urban Tiffin,North Indian,4,229.5,32.18,50,Debit Card,Delivered,2.9,935.82
ORD02125,2025-02-20,CUST0229,Hyderabad,Biryani Point,Chinese,3,275.59,89.69,40,UPI,Delivered,3.4,777.08
ORD01435,2025-02-20,CUST0494,Mumbai,Bombay Bites,South Indian,3,183.13,7.51,50,Debit Card,Delivered,4.3,591.88
ORD00702,2025-02-20,CUST0091,Hyderabad,Nawab Kitchen,Healthy Food,1,222.28,40.82,30,UPI,Delivered,4.8,211.46
ORD00664,2025-02-20,CUST0588,Bengaluru,Garden Kitchen,Pizza,2,295.79,10.15,60,UPI,Delivered,4.3,641.43
ORD01770,2025-02-21,CUST0571,Mumbai,Coastal Kitchen,Burgers,1,208.71,17.84,50,Cash,Delivered,4.6,240.87
ORD02628,2025-02-21,CUST0467,Delhi,Punjabi Rasoi,Pizza,2,300.34,103.08,50,Wallet,Cancelled,3.5,547.6
ORD01149,2025-02-21,CUST0295,Chennai,Dosa House,Healthy Food,1,349.7,50.84,50,Debit Card,Delivered,5.0,348.86
ORD02239,2025-02-21,CUST0053,Hyderabad,Hyderabad House,South Indian,2,188.97,52.7,50,Debit Card,Delivered,3.0,375.24
ORD00906,2025-02-21,CUST0205,Mumbai,Bombay Bites,North Indian,1,251.58,15.35,20,Debit Card,Delivered,,256.23
ORD02348,2025-02-22,CUST0002,Pune,Cafe Central,Biryani,2,213.31,78.01,50,UPI,Delivered,3.5,398.61
ORD00911,2025-02-22,CUST0111,Delhi,Delhi Zaika,Burgers,4,181.48,92.16,20,UPI,Delivered,,653.76
ORD00893,2025-02-22,CUST0133,Mumbai,Tandoor Tales,Chinese,1,220.63,10.53,50,UPI,Delivered,3.4,260.1
ORD02431,2025-02-22,CUST0263,Chennai,Chennai Bites,South Indian,3,126.23,4.75,40,Cash,Cancelled,3.8,413.94
ORD01043,2025-02-22,CUST0624,Bengaluru,Bengaluru Bowl,Burgers,3,247.87,104.33,40,UPI,Delivered,4.0,679.28
ORD01040,2025-02-22,CUST0710,Chennai,Spice Hub,Healthy Food,1,407.32,70.19,20,UPI,Delivered,3.6,357.13
ORD01518,2025-02-22,CUST0713,Chennai,Dosa House,Chinese,1,248.03,27.56,20,Debit Card,Delivered,3.8,240.47
ORD00886,2025-02-22,CUST0481,Mumbai,Mumbai Masala,Burgers,2,246.25,17.57,30,Debit Card,Delivered,4.4,504.93
ORD00805,2025-02-23,CUST0239,Hyderabad,Biryani Point,Chinese,1,216.9,8.54,50,UPI,Delivered,3.0,258.36
ORD01994,2025-02-23,CUST0106,Kolkata,East Spice,Chinese,1,334.97,41.45,20,Credit Card,Delivered,4.4,313.52
ORD01038,2025-02-23,CUST0662,Chennai,Spice Hub,Pizza,1,353.53,16.09,50,Debit Card,Delivered,3.6,387.44
ORD01642,2025-02-23,CUST0340,Delhi,Street Feast,Chinese,1,273.68,26.57,40,Debit Card,Delivered,4.3,287.11
ORD01165,2025-02-23,CUST0039,Delhi,Punjabi Rasoi,Chinese,1,209.31,34.23,20,Wallet,Delivered,4.3,195.08
ORD00905,2025-02-23,CUST0450,Delhi,Delhi Zaika,South Indian,1,228.94,37.05,20,Wallet,Delivered,4.4,211.89
ORD02825,2025-02-23,CUST0652,Pune,Deccan Kitchen,Healthy Food,3,199.98,113.3,20,UPI,Delivered,3.5,506.64
ORD01374,2025-02-23,CUST0120,Bengaluru,Garden Kitchen,Chinese,1,275.75,23.92,40,Credit Card,Delivered,4.0,291.83
ORD01088,2025-02-24,CUST0001,Kolkata,Bengal Feast,North Indian,1,237.08,7.92,40,UPI,Delivered,4.2,269.16
ORD02138,2025-02-24,CUST0270,Hyderabad,Nawab Kitchen,South Indian,2,206.73,49.46,30,UPI,Delivered,5.0,394.0
ORD01777,2025-02-24,CUST0170,Delhi,Delhi Zaika,Burgers,1,149.66,10.23,40,Debit Card,Delivered,4.0,179.43
ORD00224,2025-02-24,CUST0564,Pune,Marathi Meals,Pizza,2,293.65,20.98,40,Debit Card,Delivered,4.4,606.32
ORD00881,2025-02-24,CUST0435,Chennai,Chennai Bites,South Indian,1,155.36,21.36,30,UPI,Cancelled,5.0,164.0
ORD01259,2025-02-24,CUST0371,Mumbai,Coastal Kitchen,South Indian,2,134.48,39.67,40,UPI,Delivered,5.0,269.29
ORD02423,2025-02-24,CUST0650,Bengaluru,South Spice,Biryani,1,289.74,15.3,50,Debit Card,Cancelled,4.1,324.44
ORD02057,2025-02-25,CUST0445,Delhi,Capital Bites,Biryani,1,282.99,49.22,20,UPI,Delivered,4.0,253.77
ORD02601,2025-02-25,CUST0483,Delhi,Delhi Zaika,South Indian,1,211.79,29.13,20,Credit Card,Delivered,3.6,202.66
ORD02254,2025-02-25,CUST0757,Hyderabad,Nawab Kitchen,North Indian,3,370.4,202.22,40,UPI,Delivered,4.6,948.98
ORD00963,2025-02-25,CUST0253,Bengaluru,Bengaluru Bowl,South Indian,1,196.14,26.71,30,UPI,Delivered,4.1,199.43
ORD02465,2025-02-25,CUST0517,Bengaluru,Tech Tadka,Burgers,1,233.11,9.2,30,UPI,Returned,3.4,253.91
ORD01706,2025-02-25,CUST0062,Pune,Marathi Meals,Chinese,1,214.05,22.96,50,Credit Card,Delivered,3.6,241.09
ORD00634,2025-02-25,CUST0384,Hyderabad,Biryani Point,South Indian,2,155.43,22.93,50,Credit Card,Delivered,3.8,337.93
ORD02248,2025-02-25,CUST0161,Kochi,Coconut Cafe,Pizza,3,419.51,224.26,20,Credit Card,Delivered,4.6,1054.27
ORD00166,2025-02-26,CUST0231,Delhi,Street Feast,Desserts,1,206.86,31.84,40,UPI,Delivered,4.2,215.02
ORD00082,2025-02-26,CUST0730,Kochi,Malabar Bites,Desserts,1,146.75,6.83,30,UPI,Delivered,4.3,169.92
ORD01554,2025-02-26,CUST0374,Hyderabad,Biryani Point,Burgers,1,276.23,14.31,30,Cash,Delivered,4.6,291.92
ORD01153,2025-02-26,CUST0691,Kochi,Malabar Bites,Chinese,2,295.73,100.4,20,Cash,Delivered,3.0,511.06
ORD00817,2025-02-26,CUST0511,Kolkata,Bengal Feast,South Indian,2,159.5,32.44,40,UPI,Delivered,4.5,326.56
ORD01908,2025-02-26,CUST0539,Kochi,Coconut Cafe,Biryani,1,416.51,40.81,30,UPI,Delivered,4.8,405.7
ORD01524,2025-02-26,CUST0616,Mumbai,Tandoor Tales,North Indian,1,275.72,39.11,40,UPI,Delivered,5.0,276.61
ORD02391,2025-02-27,CUST0720,Delhi,Delhi Zaika,Desserts,1,162.48,17.36,50,UPI,Delivered,3.7,195.12
ORD02501,2025-02-27,CUST0670,Delhi,Capital Bites,South Indian,1,166.76,6.79,20,Cash,Cancelled,4.2,179.97
ORD02232,2025-02-27,CUST0744,Hyderabad,Deccan Delights,Desserts,1,164.91,4.15,40,Debit Card,Delivered,4.0,200.76
ORD02498,2025-02-27,CUST0208,Mumbai,Coastal Kitchen,Biryani,3,300.56,90.42,30,UPI,Delivered,4.1,841.26
ORD02671,2025-02-27,CUST0703,Bengaluru,Bengaluru Bowl,Biryani,1,248.14,29.33,30,Debit Card,Returned,3.8,248.81
ORD01710,2025-02-27,CUST0160,Bengaluru,Garden Kitchen,North Indian,4,335.33,1.28,20,UPI,Delivered,3.4,1360.04
ORD01562,2025-02-27,CUST0571,Kochi,Malabar Bites,Biryani,1,293.23,16.99,30,UPI,Delivered,4.3,306.24
ORD01302,2025-02-27,CUST0630,Bengaluru,South Spice,Chinese,3,237.44,113.43,40,UPI,Delivered,4.5,638.89
ORD00199,2025-02-27,CUST0283,Mumbai,Bombay Bites,Pizza,2,447.42,1.55,40,UPI,Delivered,3.8,933.29
ORD00177,2025-02-28,CUST0796,Kolkata,East Spice,Burgers,2,246.07,80.25,30,Debit Card,Delivered,5.0,441.89
ORD01978,2025-02-28,CUST0673,Mumbai,Coastal Kitchen,Biryani,2,298.28,115.56,40,UPI,Delivered,4.7,521.0
ORD00685,2025-02-28,CUST0496,Bengaluru,Tech Tadka,Desserts,1,165.96,28.46,60,UPI,Cancelled,,197.5
ORD01998,2025-02-28,CUST0635,Mumbai,Mumbai Masala,South Indian,1,205.52,39.98,40,Wallet,Delivered,4.7,205.54
ORD01221,2025-02-28,CUST0023,Delhi,Punjabi Rasoi,Pizza,3,309.07,147.86,30,Wallet,Cancelled,3.5,809.35
ORD01133,2025-02-28,CUST0798,Bengaluru,South Spice,Biryani,1,261.23,34.21,20,UPI,Delivered,4.1,247.02
ORD01412,2025-02-28,CUST0364,Bengaluru,Bengaluru Bowl,Burgers,1,280.03,30.0,30,UPI,Delivered,3.2,280.03
ORD01528,2025-02-28,CUST0131,Kolkata,Biryani Corner,North Indian,4,359.95,250.0,30,Wallet,Delivered,4.7,1219.8
ORD01108,2025-02-28,CUST0613,Bengaluru,Bengaluru Bowl,Biryani,1,289.34,41.36,20,UPI,Delivered,4.2,267.98
ORD01606,2025-02-28,CUST0349,Pune,Cafe Central,South Indian,3,204.02,1.02,20,Cash,Delivered,4.0,631.04
ORD02607,2025-02-28,CUST0537,Pune,Cafe Central,Burgers,1,187.04,7.62,40,Wallet,Delivered,3.8,219.42
ORD02162,2025-02-28,CUST0367,Hyderabad,Deccan Delights,Chinese,1,221.23,37.37,40,UPI,Cancelled,3.9,223.86
ORD00265,2025-02-28,CUST0609,Bengaluru,Tech Tadka,Desserts,1,94.38,5.04,30,Credit Card,Delivered,3.8,119.34
ORD00517,2025-02-28,CUST0750,Delhi,Capital Bites,Burgers,1,244.46,10.43,40,Debit Card,Delivered,3.8,274.03
ORD02679,2025-02-28,CUST0455,Mumbai,Coastal Kitchen,North Indian,1,316.9,49.29,20,UPI,Delivered,4.3,287.61
ORD01945,2025-02-28,CUST0717,Chennai,Dosa House,Chinese,2,252.04,20.56,40,Credit Card,Delivered,4.1,523.52
ORD00918,2025-02-28,CUST0360,Bengaluru,Garden Kitchen,Biryani,1,248.79,16.37,30,UPI,Delivered,3.2,262.42
ORD02145,2025-02-28,CUST0276,Chennai,Dosa House,North Indian,2,351.55,28.35,30,Debit Card,Delivered,4.0,704.75
ORD01948,2025-03-01,CUST0789,Kochi,Coastal Treats,North Indian,2,246.9,55.12,30,Debit Card,Delivered,4.6,468.68
ORD02255,2025-03-01,CUST0589,Pune,Marathi Meals,South Indian,1,215.0,34.4,30,UPI,Delivered,4.4,210.6
ORD02741,2025-03-01,CUST0129,Pune,Pune Pantry,Biryani,1,188.79,8.64,30,Debit Card,Delivered,4.4,210.15
ORD00282,2025-03-01,CUST0640,Delhi,Capital Bites,Chinese,2,282.19,29.26,40,Credit Card,Delivered,4.4,575.12
ORD02668,2025-03-01,CUST0063,Chennai,Urban Tiffin,Desserts,1,167.18,21.57,40,UPI,Delivered,,185.61
ORD01768,2025-03-02,CUST0353,Kochi,Malabar Bites,Pizza,1,281.92,18.51,30,Cash,Delivered,4.4,293.41
ORD02594,2025-03-02,CUST0095,Delhi,Capital Bites,Pizza,1,335.07,22.32,20,UPI,Delivered,5.0,332.75
ORD02024,2025-03-02,CUST0515,Bengaluru,Bengaluru Bowl,Desserts,2,119.95,39.23,30,UPI,Delivered,4.1,230.67
ORD00041,2025-03-02,CUST0783,Mumbai,Coastal Kitchen,Chinese,1,182.11,4.55,40,Debit Card,Delivered,3.0,217.56
ORD00147,2025-03-02,CUST0218,Mumbai,Coastal Kitchen,South Indian,1,134.47,5.92,50,UPI,Delivered,3.8,178.55
ORD00148,2025-03-02,CUST0503,Pune,Marathi Meals,Biryani,1,402.74,24.19,40,UPI,Delivered,2.6,418.55
ORD01170,2025-03-02,CUST0179,Mumbai,Tandoor Tales,Burgers,1,208.2,13.54,20,Debit Card,Delivered,3.4,214.66
ORD00473,2025-03-02,CUST0670,Pune,Pune Pantry,South Indian,1,179.06,11.18,20,UPI,Delivered,4.1,187.88
ORD02112,2025-03-02,CUST0502,Mumbai,Coastal Kitchen,Healthy Food,2,331.78,71.35,20,UPI,Delivered,4.4,612.21
ORD00861,2025-03-02,CUST0734,Kochi,Malabar Bites,Desserts,1,143.18,10.41,50,Cash,Delivered,4.2,182.77
ORD02077,2025-03-02,CUST0250,Delhi,Delhi Zaika,Burgers,1,216.47,31.69,50,Wallet,Delivered,5.0,234.78
ORD01671,2025-03-02,CUST0226,Kolkata,Bengal Feast,Desserts,2,124.51,14.05,30,UPI,Delivered,2.8,264.97
ORD02107,2025-03-02,CUST0002,Chennai,Spice Hub,Desserts,1,191.27,14.49,40,Credit Card,Delivered,4.1,216.78
ORD01734,2025-03-02,CUST0395,Pune,Cafe Central,North Indian,1,309.77,3.03,20,UPI,Delivered,3.8,326.74
ORD00415,2025-03-03,CUST0104,Hyderabad,Nawab Kitchen,South Indian,2,130.86,13.64,30,UPI,Delivered,3.3,278.08
ORD01556,2025-03-03,CUST0200,Delhi,Street Feast,Biryani,2,291.17,26.55,50,Credit Card,Delivered,4.2,605.79
ORD01175,2025-03-03,CUST0623,Chennai,Urban Tiffin,Biryani,3,264.53,17.56,30,Credit Card,Delivered,4.8,806.03
ORD00597,2025-03-03,CUST0192,Bengaluru,Garden Kitchen,Biryani,3,299.62,90.52,50,UPI,Delivered,3.6,858.34
ORD01955,2025-03-03,CUST0166,Pune,Cafe Central,Desserts,1,155.07,12.11,30,Cash,Delivered,4.4,172.96
ORD02018,2025-03-03,CUST0084,Kolkata,Kolkata Kitchen,Pizza,1,241.38,31.75,20,UPI,Delivered,3.8,229.63
ORD01946,2025-03-03,CUST0721,Chennai,Chennai Bites,Healthy Food,2,340.25,19.95,30,Wallet,Delivered,3.9,690.55
ORD01876,2025-03-03,CUST0800,Bengaluru,Tech Tadka,Biryani,4,263.21,156.13,50,UPI,Delivered,3.2,946.71
ORD01989,2025-03-03,CUST0166,Pune,Deccan Kitchen,South Indian,1,191.19,18.66,20,UPI,Delivered,4.7,192.53
ORD02044,2025-03-04,CUST0288,Pune,Marathi Meals,Chinese,1,173.29,30.93,30,UPI,Delivered,4.4,172.36
ORD00791,2025-03-04,CUST0594,Mumbai,Mumbai Masala,Burgers,1,277.18,42.27,40,UPI,Cancelled,4.5,274.91
ORD00620,2025-03-04,CUST0397,Kolkata,East Spice,Healthy Food,1,391.31,37.1,40,UPI,Cancelled,4.5,394.21
ORD01664,2025-03-04,CUST0710,Delhi,Street Feast,Burgers,2,281.73,104.66,20,UPI,Delivered,4.2,478.8
ORD00380,2025-03-04,CUST0518,Chennai,Dosa House,Chinese,3,240.47,55.83,30,UPI,Delivered,4.0,695.58
ORD01724,2025-03-04,CUST0649,Hyderabad,Nawab Kitchen,Biryani,1,265.86,38.61,60,UPI,Delivered,4.6,287.25
ORD00256,2025-03-04,CUST0401,Pune,Pune Pantry,Burgers,1,199.06,33.51,40,Debit Card,Delivered,4.5,205.55
ORD02856,2025-03-04,CUST0222,Pune,Deccan Kitchen,Healthy Food,3,155.78,37.66,20,Credit Card,Cancelled,3.6,449.68
ORD02850,2025-03-04,CUST0288,Bengaluru,Garden Kitchen,Biryani,1,275.66,49.75,40,UPI,Delivered,3.7,265.91
ORD02688,2025-03-04,CUST0405,Delhi,Delhi Zaika,Burgers,1,283.82,33.92,30,UPI,Delivered,5.0,279.9
ORD02478,2025-03-04,CUST0342,Mumbai,Tandoor Tales,Pizza,2,355.82,79.2,20,Wallet,Returned,3.6,652.44
ORD01460,2025-03-04,CUST0646,Chennai,Spice Hub,Pizza,2,301.5,76.47,40,Wallet,Delivered,5.0,566.53
ORD02150,2025-03-05,CUST0576,Delhi,Punjabi Rasoi,Biryani,3,337.05,163.25,40,UPI,Delivered,3.7,887.9
ORD00735,2025-03-05,CUST0080,Pune,Deccan Kitchen,Desserts,1,147.53,16.41,30,UPI,Delivered,3.6,161.12
ORD00420,2025-03-05,CUST0477,Hyderabad,Hyderabad House,Chinese,1,229.97,13.85,40,UPI,Delivered,4.7,256.12
ORD02225,2025-03-05,CUST0427,Hyderabad,Nawab Kitchen,Pizza,1,375.45,62.31,40,Debit Card,Delivered,3.9,353.14
ORD02820,2025-03-05,CUST0767,Mumbai,Mumbai Masala,Burgers,1,140.62,6.17,40,UPI,Delivered,4.3,174.45
ORD01985,2025-03-05,CUST0116,Delhi,Capital Bites,South Indian,1,164.8,24.64,20,Credit Card,Delivered,3.8,160.16
ORD02882,2025-03-05,CUST0781,Hyderabad,Biryani Point,Desserts,3,181.13,6.49,30,Credit Card,Cancelled,2.9,566.9
ORD00645,2025-03-05,CUST0565,Bengaluru,Tech Tadka,South Indian,4,176.62,85.42,30,Credit Card,Delivered,4.5,651.06
ORD01467,2025-03-06,CUST0685,Kolkata,Kolkata Kitchen,Healthy Food,3,317.33,114.21,40,Wallet,Delivered,5.0,877.78
ORD00829,2025-03-06,CUST0714,Chennai,Spice Hub,Biryani,1,322.26,49.45,40,Credit Card,Delivered,4.1,312.81
ORD02287,2025-03-06,CUST0736,Kochi,Coconut Cafe,North Indian,1,419.62,11.6,20,Debit Card,Delivered,3.1,428.02
ORD00950,2025-03-06,CUST0121,Chennai,Chennai Bites,Pizza,1,449.17,16.62,50,Credit Card,Delivered,4.4,482.55
ORD01608,2025-03-06,CUST0722,Kolkata,East Spice,Biryani,2,405.47,32.39,40,Credit Card,Delivered,4.7,818.55
ORD01028,2025-03-06,CUST0692,Delhi,Punjabi Rasoi,South Indian,1,210.99,29.65,50,UPI,Returned,4.4,231.34
ORD00433,2025-03-06,CUST0400,Chennai,Spice Hub,Burgers,1,194.17,4.04,40,UPI,Delivered,4.3,230.13
ORD00159,2025-03-06,CUST0743,Kochi,Kerala Kitchen,Pizza,3,322.2,19.87,40,UPI,Delivered,4.2,986.73
ORD02701,2025-03-06,CUST0213,Bengaluru,South Spice,Chinese,3,259.72,41.05,60,Wallet,Delivered,3.1,798.11
ORD00167,2025-03-07,CUST0749,Hyderabad,Deccan Delights,Chinese,1,262.05,52.3,40,Wallet,Delivered,3.0,249.75
ORD02560,2025-03-07,CUST0101,Mumbai,Coastal Kitchen,Pizza,2,320.76,112.99,60,Debit Card,Delivered,4.8,588.53
ORD00317,2025-03-07,CUST0587,Pune,Cafe Central,South Indian,1,152.69,29.79,20,Debit Card,Delivered,4.4,142.9
ORD00202,2025-03-07,CUST0745,Chennai,Chennai Bites,South Indian,4,211.15,35.2,30,Debit Card,Delivered,4.0,839.4
ORD00866,2025-03-07,CUST0303,Chennai,Urban Tiffin,Biryani,1,374.44,74.67,30,Cash,Delivered,4.7,329.77
ORD00329,2025-03-08,CUST0338,Bengaluru,Tech Tadka,Biryani,1,242.88,21.42,50,UPI,Delivered,3.7,271.46
ORD02528,2025-03-08,CUST0800,Chennai,Urban Tiffin,South Indian,2,238.57,27.92,40,UPI,Delivered,3.8,489.22
ORD00656,2025-03-08,CUST0634,Pune,Marathi Meals,Biryani,2,301.72,77.66,40,UPI,Delivered,3.8,565.78
ORD00828,2025-03-08,CUST0677,Bengaluru,Bengaluru Bowl,Chinese,3,325.33,105.51,20,Debit Card,Delivered,3.4,890.48
ORD00460,2025-03-08,CUST0572,Delhi,Punjabi Rasoi,South Indian,1,203.11,33.44,40,UPI,Delivered,4.0,209.67
ORD02933,2025-03-09,CUST0231,Chennai,Urban Tiffin,South Indian,1,222.69,35.54,40,Debit Card,Delivered,3.4,227.15
ORD02492,2025-03-09,CUST0548,Kochi,Coconut Cafe,Burgers,1,210.77,13.66,40,Credit Card,Delivered,3.9,237.11
ORD00690,2025-03-09,CUST0511,Chennai,Dosa House,Pizza,2,364.72,67.07,50,Wallet,Delivered,3.5,712.37
ORD00188,2025-03-09,CUST0798,Bengaluru,South Spice,Healthy Food,2,211.64,59.54,30,UPI,Delivered,4.6,393.74
ORD01624,2025-03-09,CUST0274,Bengaluru,South Spice,Chinese,1,219.15,16.18,20,Credit Card,Delivered,3.4,222.97
ORD02106,2025-03-09,CUST0334,Bengaluru,South Spice,Pizza,1,370.99,52.88,60,UPI,Delivered,4.1,378.11
ORD01144,2025-03-09,CUST0749,Delhi,Delhi Zaika,North Indian,1,342.85,36.0,40,UPI,Delivered,3.5,346.85
ORD00403,2025-03-09,CUST0570,Kolkata,Bengal Feast,Chinese,2,336.63,69.05,30,UPI,Delivered,3.3,634.21
ORD01317,2025-03-09,CUST0032,Mumbai,Tandoor Tales,Burgers,1,305.46,43.71,40,Credit Card,Delivered,4.6,301.75
ORD01201,2025-03-09,CUST0261,Delhi,Punjabi Rasoi,Biryani,1,259.36,29.41,30,Wallet,Delivered,4.0,259.95
ORD00691,2025-03-10,CUST0327,Chennai,Chennai Bites,Biryani,1,331.54,10.21,30,Debit Card,Delivered,4.7,351.33
ORD00131,2025-03-10,CUST0033,Chennai,Spice Hub,Burgers,2,283.06,97.08,40,Debit Card,Delivered,4.9,509.04
ORD02793,2025-03-10,CUST0261,Delhi,Delhi Zaika,Pizza,2,261.26,100.18,20,UPI,Delivered,4.2,442.34
ORD01526,2025-03-10,CUST0025,Kochi,Coconut Cafe,Chinese,2,277.91,91.51,30,Credit Card,Delivered,3.8,494.31
ORD01365,2025-03-10,CUST0051,Bengaluru,Garden Kitchen,Healthy Food,1,235.61,43.91,40,Credit Card,Delivered,3.7,231.7
ORD01666,2025-03-10,CUST0319,Bengaluru,Bengaluru Bowl,Burgers,1,236.38,0.43,40,Cash,Delivered,4.4,275.95
ORD00057,2025-03-10,CUST0014,Chennai,Dosa House,South Indian,2,203.09,27.99,40,Credit Card,Delivered,4.0,418.19
ORD01758,2025-03-10,CUST0040,Bengaluru,South Spice,Burgers,1,167.85,5.21,40,UPI,Delivered,3.3,202.64
ORD02046,2025-03-11,CUST0594,Mumbai,Bombay Bites,North Indian,1,351.05,48.58,50,Credit Card,Delivered,3.6,352.47
ORD01198,2025-03-11,CUST0015,Delhi,Punjabi Rasoi,Healthy Food,1,309.77,34.32,30,Debit Card,Returned,4.6,305.45
ORD02573,2025-03-11,CUST0462,Delhi,Punjabi Rasoi,Biryani,1,230.7,1.84,30,Debit Card,Delivered,4.1,258.86
ORD01453,2025-03-11,CUST0378,Mumbai,Coastal Kitchen,Pizza,1,255.8,50.57,40,UPI,Delivered,3.3,245.23
ORD00752,2025-03-11,CUST0513,Hyderabad,Deccan Delights,South Indian,2,199.72,24.58,20,Wallet,Delivered,3.5,394.86
ORD02909,2025-03-11,CUST0030,Hyderabad,Hyderabad House,Desserts,1,156.8,17.88,60,Wallet,Delivered,5.0,198.92
ORD00065,2025-03-11,CUST0455,Mumbai,Tandoor Tales,North Indian,1,365.6,3.3,40,Credit Card,Delivered,4.5,402.3
ORD00116,2025-03-11,CUST0499,Delhi,Delhi Zaika,South Indian,4,209.16,103.25,20,UPI,Delivered,4.4,753.39
ORD00761,2025-03-11,CUST0784,Mumbai,Tandoor Tales,South Indian,2,148.53,29.48,40,Credit Card,Cancelled,3.6,307.58
ORD00101,2025-03-11,CUST0764,Mumbai,Bombay Bites,South Indian,1,198.04,5.68,50,Wallet,Delivered,3.4,242.36
ORD02230,2025-03-12,CUST0648,Pune,Cafe Central,Pizza,1,306.0,36.07,20,Credit Card,Delivered,3.3,289.93
ORD02731,2025-03-12,CUST0021,Pune,Pune Pantry,Biryani,1,233.89,0.59,20,Debit Card,Delivered,3.8,253.3
ORD02872,2025-03-12,CUST0236,Kolkata,Bengal Feast,Chinese,1,346.44,33.03,40,UPI,Delivered,3.9,353.41
ORD01864,2025-03-12,CUST0430,Bengaluru,Tech Tadka,Chinese,1,246.08,10.06,20,Cash,Delivered,3.1,256.02
ORD01570,2025-03-12,CUST0401,Mumbai,Bombay Bites,North Indian,1,415.65,11.05,30,UPI,Delivered,4.6,434.6
ORD01979,2025-03-12,CUST0714,Kochi,Malabar Bites,Pizza,1,570.2,106.64,30,UPI,Delivered,4.7,493.56
ORD01840,2025-03-13,CUST0022,Kochi,Malabar Bites,Burgers,1,168.0,20.34,40,UPI,Delivered,4.1,187.66
ORD02358,2025-03-13,CUST0586,Mumbai,Coastal Kitchen,Pizza,1,308.46,45.77,30,Wallet,Delivered,4.3,292.69
ORD02245,2025-03-13,CUST0704,Mumbai,Mumbai Masala,Pizza,1,296.09,24.19,40,UPI,Delivered,4.4,311.9
ORD00533,2025-03-13,CUST0758,Mumbai,Bombay Bites,North Indian,1,334.44,5.33,20,UPI,Delivered,4.8,349.11
ORD00223,2025-03-13,CUST0442,Hyderabad,Deccan Delights,Pizza,1,490.31,94.83,40,Credit Card,Delivered,4.5,435.48
ORD00855,2025-03-13,CUST0771,Hyderabad,Nawab Kitchen,Biryani,1,240.95,42.34,20,Debit Card,Returned,4.2,218.61
ORD02660,2025-03-13,CUST0359,Mumbai,Bombay Bites,South Indian,2,185.86,58.34,20,Debit Card,Delivered,4.1,333.38
ORD02448,2025-03-13,CUST0288,Bengaluru,Tech Tadka,Pizza,2,365.15,118.34,40,Debit Card,Delivered,3.7,651.96
ORD02340,2025-03-13,CUST0156,Hyderabad,Nawab Kitchen,Biryani,1,282.49,12.38,50,Credit Card,Delivered,4.4,320.11
ORD02847,2025-03-13,CUST0414,Kolkata,Bengal Feast,South Indian,1,195.65,18.93,20,UPI,Cancelled,5.0,196.72
ORD00467,2025-03-13,CUST0047,Hyderabad,Nawab Kitchen,Desserts,3,167.2,74.28,20,UPI,Delivered,3.6,447.32
ORD02531,2025-03-14,CUST0460,Mumbai,Coastal Kitchen,South Indian,2,134.53,48.32,30,UPI,Delivered,4.0,250.74
ORD01890,2025-03-14,CUST0084,Kochi,Coastal Treats,Chinese,2,226.81,62.4,50,Debit Card,Delivered,4.6,441.22
ORD01696,2025-03-14,CUST0727,Kolkata,Bengal Feast,Burgers,1,117.44,11.03,50,UPI,Delivered,,156.41
ORD01600,2025-03-14,CUST0183,Delhi,Street Feast,Pizza,4,318.9,142.19,20,UPI,Delivered,3.5,1153.41
ORD00381,2025-03-14,CUST0099,Mumbai,Coastal Kitchen,Desserts,2,108.86,20.47,20,UPI,Delivered,3.6,217.25
ORD00608,2025-03-14,CUST0780,Bengaluru,South Spice,South Indian,1,186.39,10.6,40,Debit Card,Delivered,4.7,215.79
ORD02606,2025-03-14,CUST0392,Bengaluru,South Spice,Chinese,3,186.29,25.54,50,Credit Card,Delivered,4.3,583.33
ORD01631,2025-03-14,CUST0318,Bengaluru,Bengaluru Bowl,Healthy Food,1,242.38,5.83,30,UPI,Delivered,3.9,266.55
ORD02206,2025-03-14,CUST0308,Chennai,Dosa House,Healthy Food,2,240.9,85.87,40,Credit Card,Delivered,4.2,435.93
ORD01650,2025-03-14,CUST0670,Hyderabad,Deccan Delights,Chinese,1,292.23,50.92,30,Debit Card,Delivered,3.6,271.31
ORD01451,2025-03-14,CUST0677,Bengaluru,Tech Tadka,Desserts,1,151.13,1.12,50,UPI,Delivered,3.7,200.01
ORD00061,2025-03-15,CUST0565,Delhi,Delhi Zaika,North Indian,1,380.25,27.36,40,Cash,Cancelled,3.9,392.89
ORD02111,2025-03-15,CUST0318,Chennai,Dosa House,Burgers,2,238.48,61.5,50,UPI,Delivered,4.2,465.46
ORD02802,2025-03-15,CUST0368,Chennai,Spice Hub,South Indian,1,220.91,13.27,30,UPI,Delivered,4.2,237.64
ORD00218,2025-03-15,CUST0472,Delhi,Capital Bites,North Indian,3,274.6,97.33,50,UPI,Delivered,4.4,776.47
ORD00903,2025-03-15,CUST0774,Kolkata,Biryani Corner,Biryani,1,289.78,24.09,20,,Delivered,4.1,285.69
ORD01248,2025-03-15,CUST0779,Chennai,Urban Tiffin,Pizza,2,273.47,27.03,30,UPI,Delivered,4.3,549.91
ORD02032,2025-03-15,CUST0301,Kochi,Kerala Kitchen,Burgers,1,172.22,3.54,20,UPI,Delivered,4.2,188.68
ORD01044,2025-03-15,CUST0516,Chennai,Spice Hub,South Indian,2,129.36,4.68,60,Credit Card,Delivered,4.9,314.04
ORD01579,2025-03-15,CUST0137,Hyderabad,Nawab Kitchen,Burgers,1,159.75,0.98,20,UPI,Delivered,3.7,178.77
ORD00303,2025-03-16,CUST0037,Bengaluru,South Spice,Biryani,1,333.21,58.72,20,Cash,Delivered,3.9,294.49
ORD02921,2025-03-16,CUST0129,Mumbai,Tandoor Tales,Healthy Food,1,257.98,14.26,50,Credit Card,Delivered,3.7,293.72
ORD02183,2025-03-16,CUST0012,Chennai,Spice Hub,Chinese,1,283.43,30.94,40,Debit Card,Delivered,4.2,292.49
ORD00657,2025-03-16,CUST0133,Mumbai,Mumbai Masala,South Indian,1,200.15,36.89,30,UPI,Delivered,4.3,193.26
ORD00623,2025-03-16,CUST0177,Hyderabad,Hyderabad House,Biryani,2,290.54,110.58,20,UPI,Delivered,3.5,490.5
ORD00853,2025-03-16,CUST0438,Kochi,Coastal Treats,North Indian,1,301.97,14.36,30,UPI,Delivered,4.9,317.61
ORD00036,2025-03-16,CUST0059,Kolkata,Bengal Feast,Chinese,1,373.27,17.37,50,UPI,Returned,4.1,405.9
ORD00766,2025-03-16,CUST0008,Kolkata,Bengal Feast,South Indian,1,217.58,14.3,30,UPI,Delivered,4.2,233.28
ORD02141,2025-03-16,CUST0778,Hyderabad,Nawab Kitchen,Pizza,1,322.83,42.59,20,UPI,Delivered,5.0,300.24
ORD00927,2025-03-16,CUST0634,Kolkata,Bengal Feast,Biryani,1,379.74,29.58,40,UPI,Delivered,4.0,390.16
ORD02868,2025-03-17,CUST0360,Bengaluru,Garden Kitchen,Pizza,1,405.0,0.37,20,Wallet,Delivered,3.8,424.63
ORD00459,2025-03-17,CUST0053,Mumbai,Bombay Bites,South Indian,1,187.59,28.45,20,Credit Card,Delivered,5.0,179.14
ORD00003,2025-03-17,CUST0271,Mumbai,Bombay Bites,Biryani,1,237.24,17.81,20,Credit Card,Delivered,4.2,239.43
ORD02839,2025-03-17,CUST0273,Bengaluru,South Spice,Pizza,2,396.94,140.17,40,Credit Card,Delivered,4.9,693.71
ORD02522,2025-03-17,CUST0286,Delhi,Delhi Zaika,Pizza,1,411.8,47.44,50,Wallet,Delivered,3.2,414.36
ORD00289,2025-03-17,CUST0415,Mumbai,Mumbai Masala,Pizza,1,358.84,7.82,40,Wallet,Delivered,4.9,391.02
ORD01462,2025-03-17,CUST0168,Mumbai,Tandoor Tales,South Indian,3,135.29,33.74,20,UPI,Cancelled,3.7,392.13
ORD02630,2025-03-17,CUST0517,Bengaluru,South Spice,Pizza,3,335.0,200.41,60,Credit Card,Delivered,4.8,864.59
ORD01324,2025-03-17,CUST0144,Hyderabad,Hyderabad House,Healthy Food,2,252.37,52.16,30,UPI,Delivered,,482.58
ORD00438,2025-03-17,CUST0354,Chennai,Urban Tiffin,Burgers,1,239.98,5.33,40,UPI,Delivered,4.3,274.65
ORD00174,2025-03-17,CUST0699,Chennai,Spice Hub,South Indian,1,160.92,7.11,30,Wallet,Delivered,3.7,183.81
ORD01798,2025-03-17,CUST0356,Chennai,Dosa House,Healthy Food,1,257.07,37.51,20,Debit Card,Delivered,4.2,239.56
ORD02779,2025-03-17,CUST0277,Kolkata,Biryani Corner,Biryani,1,358.26,20.3,60,Cash,Delivered,4.0,397.96
ORD02367,2025-03-17,CUST0084,Mumbai,Tandoor Tales,South Indian,1,152.72,16.9,30,Cash,Delivered,3.8,165.82
ORD02927,2025-03-18,CUST0224,Bengaluru,Tech Tadka,Chinese,2,203.18,3.68,20,UPI,Delivered,3.5,422.68
ORD01687,2025-03-18,CUST0218,Chennai,Chennai Bites,Burgers,1,219.49,7.41,20,UPI,Delivered,,232.08
ORD02062,2025-03-18,CUST0725,Pune,Deccan Kitchen,Pizza,1,178.0,31.93,40,UPI,Delivered,4.1,186.07
ORD02332,2025-03-18,CUST0787,Hyderabad,Nawab Kitchen,Chinese,3,256.5,57.65,50,Credit Card,Cancelled,3.4,761.85
ORD00684,2025-03-18,CUST0648,Kolkata,Biryani Corner,North Indian,1,369.76,58.14,40,Debit Card,Delivered,3.6,351.62
ORD02655,2025-03-19,CUST0772,Kolkata,Biryani Corner,North Indian,1,268.18,27.71,30,Debit Card,Delivered,4.3,270.47
ORD00034,2025-03-19,CUST0561,Kolkata,Biryani Corner,Burgers,3,194.97,42.99,30,Debit Card,Delivered,4.2,571.92
ORD01178,2025-03-19,CUST0478,Bengaluru,Garden Kitchen,Biryani,3,318.56,149.01,30,Credit Card,Delivered,3.8,836.67
ORD01476,2025-03-19,CUST0705,Kolkata,Bengal Feast,Healthy Food,4,324.83,28.44,50,UPI,Delivered,3.7,1320.88
ORD02846,2025-03-20,CUST0790,Pune,Pune Pantry,South Indian,2,151.15,39.45,40,UPI,Delivered,3.6,302.85
ORD00931,2025-03-20,CUST0005,Bengaluru,South Spice,Burgers,1,234.89,16.78,60,Debit Card,Delivered,4.3,278.11
ORD01116,2025-03-20,CUST0581,Bengaluru,South Spice,South Indian,3,150.2,50.65,40,UPI,Delivered,4.6,439.95
ORD01541,2025-03-20,CUST0330,Pune,Marathi Meals,Biryani,1,258.85,48.87,40,UPI,Delivered,3.3,249.98
ORD01613,2025-03-20,CUST0108,Kochi,Malabar Bites,Burgers,2,202.32,27.31,30,UPI,Delivered,4.1,407.33
ORD02049,2025-03-20,CUST0549,Kolkata,Biryani Corner,South Indian,1,139.9,25.79,30,Credit Card,Delivered,4.4,144.11
ORD00193,2025-03-20,CUST0473,Chennai,Spice Hub,South Indian,2,173.51,64.16,30,UPI,Delivered,4.6,312.86
ORD01496,2025-03-21,CUST0664,Pune,Deccan Kitchen,Pizza,2,286.61,83.13,20,UPI,Cancelled,3.3,510.09
ORD01238,2025-03-22,CUST0106,Kochi,Coconut Cafe,Chinese,3,310.11,177.77,30,Credit Card,Delivered,3.6,782.56
ORD02009,2025-03-22,CUST0690,Bengaluru,Garden Kitchen,North Indian,1,260.98,2.54,60,UPI,Delivered,5.0,318.44
ORD01437,2025-03-22,CUST0666,Chennai,Spice Hub,Chinese,3,258.35,52.75,40,UPI,Cancelled,3.5,762.3
ORD00145,2025-03-22,CUST0769,Kochi,Coconut Cafe,Pizza,2,433.84,16.4,60,Wallet,Delivered,4.6,911.28
ORD01448,2025-03-22,CUST0041,Bengaluru,Garden Kitchen,North Indian,1,239.06,12.56,40,Credit Card,Delivered,4.0,266.5
ORD00589,2025-03-22,CUST0376,Hyderabad,Hyderabad House,Biryani,1,266.85,4.65,40,Credit Card,Delivered,4.2,302.2
ORD00130,2025-03-23,CUST0780,Chennai,Spice Hub,Burgers,1,263.58,43.2,30,Debit Card,Delivered,5.0,250.38
ORD00774,2025-03-23,CUST0178,Delhi,Delhi Zaika,North Indian,1,440.92,82.12,20,UPI,Delivered,4.5,378.8
ORD02311,2025-03-23,CUST0043,Bengaluru,Garden Kitchen,North Indian,1,381.8,0.31,20,UPI,Delivered,4.1,401.49
ORD01928,2025-03-23,CUST0153,Chennai,Dosa House,Burgers,2,159.78,28.11,50,UPI,Delivered,4.0,341.45
ORD00556,2025-03-23,CUST0545,Kochi,Kerala Kitchen,South Indian,2,227.03,12.94,30,UPI,Delivered,4.7,471.12
ORD01298,2025-03-23,CUST0084,Pune,Cafe Central,Burgers,2,173.86,34.94,30,UPI,Delivered,5.0,342.78
ORD01566,2025-03-23,CUST0288,Kolkata,Kolkata Kitchen,Healthy Food,1,422.7,20.16,30,Credit Card,Delivered,3.4,432.54
ORD02507,2025-03-24,CUST0648,Hyderabad,Nawab Kitchen,Chinese,1,227.61,23.02,30,Credit Card,Delivered,3.9,234.59
ORD01629,2025-03-24,CUST0029,Delhi,Street Feast,Chinese,1,211.98,12.57,60,Wallet,Delivered,3.3,259.41
ORD00959,2025-03-24,CUST0026,Bengaluru,Tech Tadka,Pizza,1,301.66,17.4,20,UPI,Delivered,3.6,304.26
ORD01609,2025-03-24,CUST0161,Delhi,Capital Bites,North Indian,2,402.32,96.11,60,Debit Card,Cancelled,4.5,768.53
ORD00862,2025-03-24,CUST0763,Pune,Marathi Meals,Biryani,2,297.52,94.24,30,Cash,Delivered,3.8,530.8
ORD01510,2025-03-24,CUST0507,Hyderabad,Hyderabad House,North Indian,1,421.27,7.0,20,UPI,Delivered,3.7,434.27
ORD01756,2025-03-24,CUST0323,Bengaluru,Bengaluru Bowl,Pizza,2,400.51,107.81,20,Debit Card,Delivered,4.4,713.21
ORD02790,2025-03-24,CUST0563,Hyderabad,Hyderabad House,South Indian,2,159.54,55.47,30,Debit Card,Delivered,4.2,293.61
ORD00372,2025-03-24,CUST0512,Bengaluru,Tech Tadka,Healthy Food,2,399.86,40.36,30,UPI,Delivered,4.7,789.36
ORD01591,2025-03-25,CUST0273,Delhi,Delhi Zaika,South Indian,1,241.19,45.9,20,Debit Card,Returned,3.8,215.29
ORD01161,2025-03-25,CUST0225,Delhi,Capital Bites,Burgers,1,207.4,17.85,40,UPI,Delivered,4.6,229.55
ORD01755,2025-03-25,CUST0698,Mumbai,Tandoor Tales,Burgers,1,245.56,46.44,30,Credit Card,Delivered,5.0,229.12
ORD01337,2025-03-25,CUST0678,Mumbai,Tandoor Tales,Pizza,2,334.58,129.62,60,UPI,Delivered,3.6,599.54
ORD01539,2025-03-25,CUST0044,Mumbai,Tandoor Tales,Chinese,3,285.56,41.93,40,Credit Card,Delivered,5.0,854.75
ORD01240,2025-03-25,CUST0799,Mumbai,Coastal Kitchen,North Indian,1,346.22,17.67,60,Credit Card,Delivered,3.4,388.55
ORD00364,2025-03-25,CUST0284,Chennai,Chennai Bites,Burgers,1,293.27,43.84,30,UPI,Delivered,3.8,279.43
ORD02241,2025-03-25,CUST0069,Hyderabad,Biryani Point,Burgers,1,208.57,29.7,40,Debit Card,Cancelled,3.7,218.87
ORD00580,2025-03-25,CUST0418,Pune,Deccan Kitchen,South Indian,2,150.39,16.62,50,Credit Card,Delivered,3.6,334.16
ORD00559,2025-03-25,CUST0613,Pune,Marathi Meals,North Indian,1,280.44,6.57,20,Cash,Delivered,4.1,293.87
ORD02382,2025-03-25,CUST0521,Mumbai,Mumbai Masala,South Indian,1,161.2,15.78,40,UPI,Delivered,4.6,185.42
ORD02990,2025-03-25,CUST0766,Kochi,Kerala Kitchen,South Indian,1,179.82,12.88,50,Credit Card,Delivered,3.1,216.94
ORD00084,2025-03-25,CUST0162,Hyderabad,Biryani Point,Biryani,1,418.39,74.47,30,Debit Card,Delivered,4.0,373.92
ORD00108,2025-03-25,CUST0065,Pune,Pune Pantry,Biryani,2,218.56,84.95,50,UPI,Delivered,3.5,402.17
ORD02816,2025-03-26,CUST0217,Delhi,Street Feast,South Indian,1,234.21,16.11,40,Cash,Returned,3.6,258.1
ORD00222,2025-03-26,CUST0497,Bengaluru,Tech Tadka,Burgers,3,210.97,81.02,30,UPI,Delivered,4.0,581.89
ORD01381,2025-03-26,CUST0735,Hyderabad,Hyderabad House,Biryani,1,250.55,12.09,40,UPI,Delivered,4.4,278.46
ORD01812,2025-03-26,CUST0223,Bengaluru,Bengaluru Bowl,Healthy Food,2,256.71,58.05,30,Credit Card,Delivered,,485.37
ORD01895,2025-03-27,CUST0507,Hyderabad,Nawab Kitchen,North Indian,1,362.23,63.61,30,Credit Card,Cancelled,3.7,328.62
ORD02265,2025-03-27,CUST0019,Mumbai,Coastal Kitchen,Chinese,1,135.05,4.2,30,UPI,Delivered,3.8,160.85
ORD02089,2025-03-27,CUST0246,Bengaluru,Bengaluru Bowl,Chinese,2,155.29,33.34,20,UPI,Delivered,,297.24
ORD01176,2025-03-27,CUST0669,Pune,Pune Pantry,Chinese,2,282.43,11.89,30,UPI,Delivered,5.0,582.97
ORD01245,2025-03-27,CUST0296,Pune,Marathi Meals,South Indian,1,199.5,14.62,40,Debit Card,Delivered,3.2,224.88
ORD00143,2025-03-27,CUST0462,Kolkata,East Spice,Chinese,1,331.77,15.97,40,Debit Card,Delivered,4.0,355.8
ORD00409,2025-03-27,CUST0663,Pune,Pune Pantry,Chinese,2,251.58,85.26,30,Debit Card,Delivered,3.6,447.9
ORD00173,2025-03-27,CUST0160,Delhi,Delhi Zaika,Pizza,1,324.11,56.45,30,Credit Card,Returned,3.6,297.66
ORD00153,2025-03-27,CUST0207,Kochi,Coastal Treats,North Indian,1,310.74,5.8,50,UPI,Cancelled,4.4,354.94
ORD01797,2025-03-28,CUST0082,Mumbai,Bombay Bites,Biryani,1,283.47,4.58,40,Wallet,Delivered,4.1,318.89
ORD01804,2025-03-28,CUST0224,Hyderabad,Biryani Point,Biryani,3,270.32,40.12,20,UPI,Delivered,4.7,790.84
ORD00468,2025-03-28,CUST0656,Bengaluru,Garden Kitchen,Pizza,2,372.45,115.65,40,UPI,Cancelled,3.8,669.25
ORD00133,2025-03-28,CUST0503,Kochi,Coastal Treats,Biryani,3,259.21,138.14,50,Credit Card,Cancelled,4.0,689.49
ORD02554,2025-03-28,CUST0262,Mumbai,Tandoor Tales,Pizza,1,296.24,26.1,30,Credit Card,Delivered,5.0,300.14
ORD02780,2025-03-28,CUST0232,Pune,Pune Pantry,Pizza,2,260.78,76.53,40,Credit Card,Delivered,5.0,485.03
ORD00678,2025-03-28,CUST0194,Hyderabad,Biryani Point,Burgers,2,218.72,87.38,20,Debit Card,Delivered,3.7,370.06
ORD01737,2025-03-29,CUST0038,Hyderabad,Biryani Point,South Indian,3,280.15,41.7,40,UPI,Delivered,4.4,838.75
ORD00941,2025-03-29,CUST0346,Mumbai,Mumbai Masala,Pizza,1,467.32,25.54,40,UPI,Delivered,3.4,481.78
ORD02204,2025-03-29,CUST0384,Chennai,Spice Hub,Pizza,1,358.61,13.95,30,Wallet,Delivered,3.5,374.66
ORD02956,2025-03-29,CUST0070,Kolkata,East Spice,Burgers,1,178.48,24.79,20,UPI,Delivered,3.8,173.69
ORD01438,2025-03-29,CUST0442,Delhi,Delhi Zaika,Burgers,1,302.89,6.27,40,,Delivered,4.7,336.62
ORD01241,2025-03-29,CUST0378,Mumbai,Tandoor Tales,Desserts,2,138.33,19.36,40,Credit Card,Delivered,4.1,297.3
ORD01498,2025-03-30,CUST0406,Bengaluru,South Spice,Biryani,1,189.16,11.46,60,Debit Card,Delivered,4.3,237.7
ORD00394,2025-03-30,CUST0253,Mumbai,Coastal Kitchen,Chinese,4,234.24,166.56,40,UPI,Delivered,4.5,810.4
ORD02297,2025-03-30,CUST0328,Chennai,Dosa House,Biryani,1,382.34,56.06,30,Credit Card,Delivered,4.6,356.28
ORD01277,2025-03-30,CUST0418,Kolkata,Bengal Feast,South Indian,2,158.08,34.2,60,UPI,Delivered,4.2,341.96
ORD01212,2025-03-30,CUST0794,Chennai,Spice Hub,Chinese,2,134.84,3.05,40,UPI,Cancelled,3.2,306.63
ORD02559,2025-03-30,CUST0316,Mumbai,Tandoor Tales,Biryani,1,281.3,31.09,20,UPI,Delivered,4.5,270.21
ORD00212,2025-03-30,CUST0234,Bengaluru,Garden Kitchen,South Indian,1,218.05,5.1,20,Cash,Delivered,4.4,232.95
ORD02174,2025-03-31,CUST0119,Kochi,Coastal Treats,Pizza,1,410.89,52.01,40,Credit Card,Delivered,3.7,398.88
ORD02650,2025-03-31,CUST0080,Hyderabad,Deccan Delights,Burgers,1,206.19,36.03,40,UPI,Delivered,2.1,210.16
ORD02617,2025-03-31,CUST0543,Hyderabad,Nawab Kitchen,North Indian,2,253.94,13.49,30,Debit Card,Delivered,4.2,524.39
ORD00066,2025-03-31,CUST0428,Bengaluru,South Spice,South Indian,2,140.88,32.32,30,Credit Card,Delivered,4.4,279.44
ORD01120,2025-03-31,CUST0376,Chennai,Urban Tiffin,Chinese,2,356.43,75.9,60,Cash,Delivered,4.1,696.96
ORD01134,2025-03-31,CUST0291,Bengaluru,South Spice,Burgers,2,296.0,33.17,20,Cash,Delivered,4.1,578.83
ORD00039,2025-03-31,CUST0476,Pune,Marathi Meals,North Indian,1,158.99,6.08,40,Debit Card,Delivered,4.5,192.91
ORD01208,2025-03-31,CUST0095,Mumbai,Mumbai Masala,Burgers,2,279.75,44.59,30,UPI,Delivered,4.9,544.91
ORD02861,2025-03-31,CUST0233,Chennai,Dosa House,Chinese,1,237.16,7.78,30,UPI,Delivered,4.3,259.38
ORD00498,2025-03-31,CUST0237,Hyderabad,Hyderabad House,Burgers,1,220.96,25.36,40,Credit Card,Delivered,4.5,235.6
ORD00538,2025-03-31,CUST0659,Pune,Cafe Central,South Indian,1,143.69,1.74,30,Wallet,Delivered,4.2,171.95
ORD02579,2025-04-01,CUST0399,Pune,Pune Pantry,Healthy Food,1,255.47,43.92,30,Cash,Cancelled,4.1,241.55
ORD00352,2025-04-01,CUST0038,Delhi,Delhi Zaika,Biryani,3,234.92,71.05,50,Credit Card,Delivered,3.8,683.71
ORD00736,2025-04-01,CUST0213,Kochi,Kerala Kitchen,South Indian,1,179.12,9.89,40,,Delivered,3.6,209.23
ORD01288,2025-04-01,CUST0501,Kolkata,East Spice,Pizza,1,300.92,22.8,40,Debit Card,Delivered,3.9,318.12
ORD01260,2025-04-01,CUST0661,Delhi,Capital Bites,Burgers,2,147.34,29.28,20,Debit Card,Delivered,4.7,285.4
ORD01691,2025-04-01,CUST0774,Pune,Cafe Central,North Indian,1,213.42,10.42,40,UPI,Delivered,4.6,243.0
ORD01297,2025-04-01,CUST0049,Bengaluru,Tech Tadka,North Indian,1,200.17,32.03,40,Credit Card,Cancelled,4.8,208.14
ORD02076,2025-04-01,CUST0420,Mumbai,Mumbai Masala,Burgers,1,127.56,18.17,50,UPI,Delivered,4.3,159.39
ORD00775,2025-04-02,CUST0540,Delhi,Delhi Zaika,Biryani,1,268.41,3.51,40,UPI,Returned,3.8,304.9
ORD01980,2025-04-02,CUST0242,Pune,Pune Pantry,Desserts,1,209.42,17.25,20,Debit Card,Delivered,3.5,212.17
ORD01074,2025-04-02,CUST0435,Bengaluru,South Spice,Healthy Food,1,310.33,49.66,40,Debit Card,Delivered,4.7,300.67
ORD00710,2025-04-02,CUST0754,Mumbai,Mumbai Masala,North Indian,3,354.69,43.39,40,UPI,Delivered,4.1,1060.68
ORD01721,2025-04-02,CUST0323,Bengaluru,Bengaluru Bowl,Biryani,1,338.93,62.96,30,UPI,Delivered,4.1,305.97
ORD00196,2025-04-02,CUST0225,Bengaluru,South Spice,Burgers,1,221.89,14.96,40,UPI,Delivered,3.8,246.93
ORD01894,2025-04-03,CUST0387,Delhi,Street Feast,South Indian,2,116.53,39.84,60,UPI,Delivered,4.3,253.22
ORD02750,2025-04-03,CUST0789,Hyderabad,Hyderabad House,Desserts,1,149.22,26.35,30,Credit Card,Delivered,4.0,152.87
ORD01244,2025-04-03,CUST0462,Delhi,Street Feast,North Indian,2,217.16,13.26,20,UPI,Delivered,3.4,441.06
ORD01649,2025-04-03,CUST0376,Chennai,Dosa House,North Indian,1,299.7,24.16,20,UPI,Delivered,3.7,295.54
ORD00480,2025-04-03,CUST0346,Mumbai,Mumbai Masala,Burgers,1,216.57,25.74,30,UPI,Delivered,4.5,220.83
ORD01278,2025-04-03,CUST0347,Chennai,Urban Tiffin,South Indian,2,158.85,60.64,50,UPI,Delivered,5.0,307.06
ORD02252,2025-04-03,CUST0781,Chennai,Chennai Bites,Burgers,3,251.59,18.34,30,Debit Card,Delivered,3.8,766.43
ORD01852,2025-04-03,CUST0227,Delhi,Punjabi Rasoi,Chinese,2,296.52,104.86,50,Credit Card,Delivered,3.9,538.18
ORD00584,2025-04-03,CUST0501,Hyderabad,Deccan Delights,North Indian,2,273.5,66.25,50,UPI,Delivered,3.9,530.75
ORD00446,2025-04-03,CUST0125,Hyderabad,Deccan Delights,Biryani,1,192.18,6.95,50,UPI,Delivered,4.7,235.23
ORD02159,2025-04-03,CUST0632,Bengaluru,Bengaluru Bowl,Biryani,1,337.65,19.21,40,UPI,Delivered,4.2,358.44
ORD01185,2025-04-03,CUST0411,Kolkata,Kolkata Kitchen,Burgers,2,190.71,73.93,20,Credit Card,Cancelled,4.0,327.49
ORD02002,2025-04-04,CUST0359,Delhi,Street Feast,North Indian,1,286.19,47.02,40,Cash,Delivered,3.8,279.17
ORD02620,2025-04-04,CUST0447,Bengaluru,South Spice,Burgers,1,235.21,35.16,40,UPI,Delivered,3.7,240.05
ORD02175,2025-04-04,CUST0035,Mumbai,Tandoor Tales,North Indian,3,259.78,155.83,20,Credit Card,Cancelled,4.2,643.51
ORD02416,2025-04-04,CUST0662,Delhi,Capital Bites,Healthy Food,1,244.48,15.6,50,Cash,Delivered,3.8,278.88
ORD01816,2025-04-04,CUST0675,Delhi,Capital Bites,Chinese,3,187.18,78.53,20,Credit Card,Delivered,4.4,503.01
ORD02420,2025-04-04,CUST0455,Kolkata,Bengal Feast,North Indian,1,275.36,32.02,30,Wallet,Delivered,4.3,273.34
ORD01283,2025-04-04,CUST0182,Mumbai,Coastal Kitchen,Chinese,1,225.38,35.83,60,Credit Card,Delivered,4.6,249.55
ORD01678,2025-04-04,CUST0660,Chennai,Urban Tiffin,Pizza,3,388.7,149.57,50,Credit Card,Delivered,4.7,1066.53
ORD02805,2025-04-04,CUST0223,Kolkata,Bengal Feast,South Indian,1,177.46,16.02,60,Wallet,Delivered,4.6,221.44
ORD01235,2025-04-04,CUST0324,Bengaluru,Bengaluru Bowl,North Indian,1,307.62,31.27,50,Credit Card,Delivered,3.9,326.35
ORD00981,2025-04-04,CUST0007,Pune,Cafe Central,Chinese,1,226.34,38.77,50,UPI,Delivered,4.5,237.57
ORD02962,2025-04-05,CUST0381,Chennai,Dosa House,Pizza,1,412.79,33.2,50,Cash,Delivered,4.5,429.59
ORD02931,2025-04-05,CUST0405,Mumbai,Mumbai Masala,South Indian,3,134.39,71.71,30,,Delivered,3.7,361.46
ORD02336,2025-04-05,CUST0494,Pune,Cafe Central,Chinese,1,236.67,45.51,50,Credit Card,Delivered,3.1,241.16
ORD02217,2025-04-05,CUST0517,Chennai,Chennai Bites,Chinese,1,212.23,2.06,40,UPI,Delivered,4.1,250.17
ORD02940,2025-04-05,CUST0598,Kolkata,Bengal Feast,Burgers,1,165.3,7.66,40,UPI,Delivered,3.9,197.64
ORD01500,2025-04-05,CUST0312,Chennai,Chennai Bites,Chinese,1,305.49,40.95,30,Debit Card,Delivered,4.2,294.54
ORD02276,2025-04-06,CUST0601,Hyderabad,Biryani Point,North Indian,1,375.05,29.6,20,Debit Card,Delivered,4.7,365.45
ORD02355,2025-04-06,CUST0263,Kochi,Malabar Bites,Healthy Food,1,328.27,5.88,30,UPI,Delivered,4.3,352.39
ORD02047,2025-04-06,CUST0723,Mumbai,Mumbai Masala,North Indian,2,373.9,20.16,40,Credit Card,Delivered,4.1,767.64
ORD01125,2025-04-06,CUST0513,Mumbai,Mumbai Masala,Healthy Food,1,246.71,49.05,20,UPI,Delivered,4.1,217.66
ORD02994,2025-04-06,CUST0594,Kochi,Malabar Bites,Desserts,1,153.59,4.17,60,UPI,Delivered,3.9,209.42
ORD02756,2025-04-06,CUST0200,Bengaluru,Tech Tadka,Burgers,2,169.46,12.83,50,UPI,Delivered,3.4,376.09
ORD01442,2025-04-06,CUST0727,Bengaluru,South Spice,Biryani,1,333.58,11.59,20,Debit Card,Delivered,4.4,341.99
ORD02413,2025-04-06,CUST0673,Kolkata,Bengal Feast,Burgers,1,140.1,14.05,50,UPI,Delivered,4.4,176.05
ORD00936,2025-04-06,CUST0405,Mumbai,Coastal Kitchen,Pizza,1,415.67,13.18,20,UPI,Delivered,4.2,422.49
ORD01952,2025-04-06,CUST0366,Bengaluru,South Spice,Burgers,1,135.46,15.66,50,UPI,Delivered,4.2,169.8
ORD02766,2025-04-06,CUST0200,Hyderabad,Deccan Delights,North Indian,1,257.83,23.67,50,Debit Card,Delivered,3.5,284.16
ORD02518,2025-04-07,CUST0248,Delhi,Punjabi Rasoi,Biryani,2,315.47,8.38,50,UPI,Delivered,3.9,672.56
ORD00206,2025-04-07,CUST0456,Bengaluru,Tech Tadka,Biryani,1,384.25,4.72,30,Cash,Delivered,4.4,409.53
ORD01522,2025-04-07,CUST0217,Chennai,Dosa House,North Indian,1,362.08,41.97,50,UPI,Delivered,4.8,370.11
ORD01786,2025-04-07,CUST0557,Hyderabad,Hyderabad House,Burgers,3,155.26,10.67,60,Credit Card,Delivered,4.0,515.11
ORD01620,2025-04-08,CUST0251,Kolkata,Biryani Corner,Healthy Food,2,306.57,90.62,40,Debit Card,Delivered,4.3,562.52
ORD02229,2025-04-08,CUST0538,Delhi,Street Feast,South Indian,1,182.21,30.06,50,Credit Card,Delivered,3.5,202.15
ORD02441,2025-04-08,CUST0700,Mumbai,Mumbai Masala,Chinese,3,245.29,27.15,20,Debit Card,Delivered,3.7,728.72
ORD00169,2025-04-08,CUST0171,Delhi,Capital Bites,Pizza,1,407.74,80.1,30,UPI,Cancelled,3.1,357.64
ORD00158,2025-04-08,CUST0575,Mumbai,Tandoor Tales,Biryani,1,339.21,48.08,50,Credit Card,Delivered,4.3,341.13
ORD00156,2025-04-08,CUST0461,Hyderabad,Biryani Point,South Indian,2,183.59,18.21,50,Cash,Delivered,4.5,398.97
ORD01113,2025-04-08,CUST0419,Bengaluru,Garden Kitchen,Healthy Food,1,316.45,9.78,40,Debit Card,Cancelled,4.3,346.67
ORD02742,2025-04-08,CUST0130,Bengaluru,Bengaluru Bowl,Chinese,3,339.12,31.72,50,UPI,Delivered,,1035.64
ORD01572,2025-04-08,CUST0086,Mumbai,Bombay Bites,North Indian,2,252.83,96.53,40,Cash,Delivered,3.3,449.13
ORD00717,2025-04-09,CUST0361,Bengaluru,Bengaluru Bowl,Biryani,1,217.12,11.91,30,Credit Card,Delivered,4.3,235.21
ORD02364,2025-04-09,CUST0445,Mumbai,Bombay Bites,South Indian,1,165.73,19.07,20,UPI,Delivered,3.3,166.66
ORD01323,2025-04-09,CUST0286,Kolkata,Kolkata Kitchen,Desserts,1,144.72,18.81,30,Wallet,Delivered,4.5,155.91
ORD02643,2025-04-09,CUST0099,Pune,Pune Pantry,Pizza,1,414.63,24.49,40,Debit Card,Delivered,4.0,430.14
ORD00607,2025-04-09,CUST0037,Chennai,Chennai Bites,Burgers,2,160.25,61.65,20,UPI,Returned,3.6,278.85
ORD00179,2025-04-09,CUST0682,Kochi,Kerala Kitchen,Burgers,1,241.89,4.74,30,Cash,Cancelled,3.9,267.15
ORD02814,2025-04-09,CUST0617,Chennai,Urban Tiffin,Burgers,1,202.18,35.88,20,Credit Card,Delivered,3.0,186.3
ORD01285,2025-04-09,CUST0025,Kolkata,Kolkata Kitchen,Biryani,3,297.77,73.38,40,Credit Card,Delivered,3.9,859.93
ORD01004,2025-04-10,CUST0145,Hyderabad,Hyderabad House,North Indian,3,186.36,93.2,50,UPI,Delivered,4.9,515.88
ORD00955,2025-04-10,CUST0107,Mumbai,Coastal Kitchen,Chinese,1,204.32,19.78,40,Debit Card,Delivered,3.8,224.54
ORD02691,2025-04-10,CUST0591,Mumbai,Tandoor Tales,Pizza,3,271.04,111.5,40,Credit Card,Delivered,4.3,741.62
ORD00357,2025-04-10,CUST0776,Mumbai,Mumbai Masala,Burgers,1,149.25,19.26,30,Debit Card,Delivered,3.5,159.99
ORD01470,2025-04-10,CUST0702,Kolkata,Bengal Feast,South Indian,2,186.14,11.35,30,Credit Card,Delivered,,390.93
ORD00628,2025-04-10,CUST0076,Bengaluru,Tech Tadka,North Indian,1,184.14,21.2,40,Credit Card,Cancelled,4.1,202.94
ORD00074,2025-04-10,CUST0002,Pune,Marathi Meals,Healthy Food,1,281.92,13.86,30,Debit Card,Delivered,3.9,298.06
ORD01011,2025-04-10,CUST0233,Mumbai,Mumbai Masala,Chinese,1,277.56,31.87,40,Debit Card,Delivered,3.7,285.69
ORD01605,2025-04-10,CUST0516,Bengaluru,Tech Tadka,Biryani,2,258.38,79.99,20,Debit Card,Delivered,4.2,456.77
ORD01262,2025-04-11,CUST0309,Kochi,Coastal Treats,Burgers,2,190.57,44.21,30,Debit Card,Delivered,3.9,366.93
ORD01250,2025-04-11,CUST0769,Kolkata,East Spice,Chinese,2,281.23,8.55,40,UPI,Delivered,3.6,593.91
ORD02869,2025-04-11,CUST0238,Kochi,Coconut Cafe,Pizza,1,377.68,67.96,20,Wallet,Delivered,4.1,329.72
ORD00732,2025-04-11,CUST0672,Kolkata,East Spice,Chinese,1,179.84,21.22,60,Credit Card,Delivered,4.7,218.62
ORD00989,2025-04-11,CUST0506,Chennai,Dosa House,Biryani,1,365.32,59.55,40,Wallet,Delivered,2.8,345.77
ORD00246,2025-04-11,CUST0684,Chennai,Dosa House,Healthy Food,1,342.2,53.92,20,Debit Card,Returned,4.5,308.28
ORD02633,2025-04-11,CUST0345,Bengaluru,Bengaluru Bowl,Biryani,1,311.71,43.07,20,UPI,Delivered,5.0,288.64
ORD00243,2025-04-11,CUST0638,Mumbai,Bombay Bites,South Indian,1,219.01,29.24,40,Debit Card,Delivered,4.1,229.77
ORD00975,2025-04-11,CUST0386,Pune,Cafe Central,North Indian,1,313.11,37.98,30,Credit Card,Delivered,4.7,305.13
ORD02263,2025-04-11,CUST0644,Kolkata,Biryani Corner,Biryani,2,225.56,65.75,20,Cash,Returned,4.9,405.37
ORD01056,2025-04-12,CUST0548,Hyderabad,Deccan Delights,Burgers,2,154.41,2.8,30,Credit Card,Delivered,4.8,336.02
ORD01048,2025-04-12,CUST0607,Chennai,Urban Tiffin,Healthy Food,2,269.47,16.06,30,Cash,Delivered,4.3,552.88
ORD01150,2025-04-12,CUST0616,Bengaluru,Bengaluru Bowl,Pizza,1,243.44,0.58,50,Wallet,Cancelled,5.0,292.86
ORD00369,2025-04-12,CUST0547,Hyderabad,Nawab Kitchen,Biryani,2,326.34,55.02,30,Credit Card,Delivered,3.8,627.66
ORD01745,2025-04-12,CUST0688,Chennai,Urban Tiffin,Pizza,2,365.32,112.12,40,Debit Card,Delivered,4.1,658.52
ORD00765,2025-04-12,CUST0373,Delhi,Capital Bites,South Indian,4,231.5,172.23,30,UPI,Delivered,4.6,783.77
ORD02467,2025-04-12,CUST0539,Pune,Pune Pantry,Burgers,2,350.58,62.92,30,UPI,Delivered,3.6,668.24
ORD00263,2025-04-12,CUST0752,Delhi,Delhi Zaika,Pizza,4,389.65,72.74,20,UPI,Delivered,4.5,1505.86
ORD01430,2025-04-12,CUST0359,Bengaluru,South Spice,North Indian,1,346.56,6.7,40,Wallet,Delivered,3.2,379.86
ORD01872,2025-04-13,CUST0271,Chennai,Spice Hub,Pizza,1,395.07,13.5,40,UPI,Delivered,,421.57
ORD01380,2025-04-13,CUST0469,Mumbai,Tandoor Tales,Healthy Food,1,350.75,60.8,30,Cash,Cancelled,4.2,319.95
ORD02458,2025-04-13,CUST0353,Kochi,Kerala Kitchen,Healthy Food,1,303.9,42.47,20,Credit Card,Delivered,4.8,281.43
ORD00539,2025-04-13,CUST0442,Bengaluru,South Spice,South Indian,1,190.11,15.89,20,Cash,Delivered,4.5,194.22
ORD01345,2025-04-13,CUST0162,Hyderabad,Biryani Point,Chinese,1,228.05,43.41,30,Wallet,Delivered,4.4,214.64
ORD02621,2025-04-13,CUST0390,Hyderabad,Deccan Delights,Desserts,2,160.74,1.64,40,UPI,Delivered,4.4,359.84
ORD02733,2025-04-13,CUST0397,Chennai,Chennai Bites,Burgers,1,228.15,45.45,30,UPI,Delivered,3.2,212.7
ORD01997,2025-04-14,CUST0317,Hyderabad,Nawab Kitchen,Pizza,2,329.09,86.57,30,UPI,Delivered,4.6,601.61
ORD01811,2025-04-14,CUST0360,Chennai,Urban Tiffin,Desserts,1,181.47,6.82,50,Credit Card,Delivered,3.9,224.65
ORD02155,2025-04-14,CUST0204,Hyderabad,Deccan Delights,Biryani,2,310.23,51.0,40,UPI,Delivered,4.3,609.46
ORD01110,2025-04-14,CUST0785,Kochi,Coconut Cafe,Pizza,1,399.23,63.73,40,UPI,Cancelled,4.4,375.5
ORD02479,2025-04-14,CUST0130,Mumbai,Mumbai Masala,Pizza,1,251.83,42.38,20,Credit Card,Delivered,4.9,229.45
ORD01440,2025-04-14,CUST0109,Bengaluru,Bengaluru Bowl,North Indian,2,240.9,33.31,20,UPI,Delivered,4.0,468.49
ORD02061,2025-04-14,CUST0332,Chennai,Chennai Bites,North Indian,1,370.7,23.74,50,Credit Card,Delivered,4.9,396.96
ORD00847,2025-04-14,CUST0095,Delhi,Punjabi Rasoi,Pizza,1,375.25,40.1,40,UPI,Delivered,3.3,375.15
ORD01121,2025-04-14,CUST0459,Hyderabad,Hyderabad House,Healthy Food,2,235.67,93.45,40,UPI,Delivered,4.0,417.89
ORD01073,2025-04-14,CUST0026,Mumbai,Mumbai Masala,South Indian,2,143.33,36.05,20,UPI,Delivered,4.5,270.61
ORD00720,2025-04-14,CUST0348,Pune,Marathi Meals,South Indian,4,175.63,18.5,30,UPI,Delivered,4.3,714.02
ORD00227,2025-04-14,CUST0386,Hyderabad,Hyderabad House,Chinese,3,231.45,29.16,30,UPI,Delivered,4.1,695.19
ORD00568,2025-04-15,CUST0012,Kolkata,Bengal Feast,Pizza,1,244.34,45.3,30,Credit Card,Delivered,4.4,229.04
ORD02503,2025-04-15,CUST0055,Hyderabad,Hyderabad House,North Indian,2,260.25,3.35,30,Debit Card,Delivered,3.4,547.15
ORD01311,2025-04-15,CUST0736,Kochi,Coastal Treats,Burgers,3,176.5,31.32,50,UPI,Delivered,4.4,548.18
ORD02544,2025-04-15,CUST0770,Chennai,Chennai Bites,Chinese,3,323.08,121.33,20,Debit Card,Delivered,4.6,867.91
ORD02969,2025-04-16,CUST0469,Hyderabad,Hyderabad House,Healthy Food,1,333.54,52.42,40,Wallet,Delivered,3.8,321.12
ORD00098,2025-04-16,CUST0053,Delhi,Capital Bites,Desserts,1,171.89,6.6,30,Wallet,Delivered,4.6,195.29
ORD00504,2025-04-16,CUST0790,Chennai,Chennai Bites,Healthy Food,1,203.64,5.13,20,UPI,Delivered,3.4,218.51
ORD00089,2025-04-16,CUST0462,Kochi,Kerala Kitchen,North Indian,1,382.07,64.08,50,UPI,Delivered,3.8,367.99
ORD02930,2025-04-16,CUST0010,Mumbai,Tandoor Tales,South Indian,1,166.37,1.68,30,UPI,Delivered,3.7,194.69
ORD02300,2025-04-16,CUST0629,Mumbai,Mumbai Masala,South Indian,2,146.44,41.72,30,Debit Card,Delivered,3.7,281.16
ORD01634,2025-04-16,CUST0697,Chennai,Chennai Bites,North Indian,1,366.14,33.15,30,Cash,Delivered,4.7,362.99
ORD02971,2025-04-16,CUST0202,Bengaluru,Tech Tadka,Burgers,2,258.06,27.04,50,Cash,Delivered,4.1,539.08
ORD02880,2025-04-16,CUST0534,Kochi,Malabar Bites,South Indian,1,195.61,30.32,30,UPI,Delivered,3.8,195.29
ORD02291,2025-04-16,CUST0267,Mumbai,Bombay Bites,Burgers,3,256.96,109.71,40,Cash,Delivered,3.8,701.17
ORD02753,2025-04-16,CUST0759,Hyderabad,Hyderabad House,South Indian,4,141.1,6.67,20,,Delivered,4.4,577.73
ORD02763,2025-04-16,CUST0087,Kolkata,Bengal Feast,Biryani,2,339.06,31.09,30,Credit Card,Delivered,4.3,677.03
ORD00951,2025-04-17,CUST0214,Bengaluru,South Spice,Pizza,2,334.62,21.15,20,UPI,Delivered,4.5,668.09
ORD02955,2025-04-17,CUST0735,Bengaluru,South Spice,North Indian,2,354.32,27.81,20,Debit Card,Delivered,4.5,700.83
ORD01697,2025-04-17,CUST0689,Kochi,Coconut Cafe,North Indian,1,282.48,41.31,60,Wallet,Delivered,3.1,301.17
ORD01718,2025-04-17,CUST0610,Delhi,Delhi Zaika,Burgers,1,283.92,2.75,50,UPI,Delivered,4.6,331.17
ORD00245,2025-04-17,CUST0053,Kolkata,Bengal Feast,North Indian,2,336.01,43.0,30,Debit Card,Delivered,5.0,659.02
ORD01951,2025-04-17,CUST0338,Chennai,Chennai Bites,Pizza,1,340.49,57.75,20,UPI,Delivered,3.9,302.74
ORD00605,2025-04-17,CUST0190,Kochi,Coconut Cafe,Pizza,2,251.71,49.58,30,UPI,Delivered,4.2,483.84
ORD01225,2025-04-17,CUST0396,Delhi,Punjabi Rasoi,North Indian,2,347.92,2.19,60,UPI,Delivered,4.2,753.65
ORD02453,2025-04-17,CUST0741,Kolkata,East Spice,Pizza,3,425.87,15.54,30,Debit Card,Delivered,4.2,1292.07
ORD00107,2025-04-17,CUST0015,Bengaluru,Bengaluru Bowl,North Indian,4,299.41,24.17,40,Credit Card,Delivered,4.0,1213.47
ORD00045,2025-04-17,CUST0567,Mumbai,Bombay Bites,Pizza,1,392.55,39.83,50,UPI,Cancelled,4.6,402.72
ORD01219,2025-04-18,CUST0134,Chennai,Dosa House,Desserts,1,207.28,26.97,60,Credit Card,Delivered,3.7,240.31
ORD00309,2025-04-18,CUST0208,Delhi,Capital Bites,Biryani,1,202.13,18.57,40,Wallet,Delivered,4.2,223.56
ORD01188,2025-04-18,CUST0196,Bengaluru,Bengaluru Bowl,Burgers,1,213.0,19.59,40,UPI,Delivered,4.7,233.41
ORD02974,2025-04-18,CUST0188,Delhi,Street Feast,South Indian,2,209.33,59.73,40,UPI,Cancelled,4.1,398.93
ORD01590,2025-04-18,CUST0615,Chennai,Urban Tiffin,North Indian,1,354.75,35.77,20,UPI,Delivered,3.5,338.98
ORD02615,2025-04-18,CUST0092,Mumbai,Mumbai Masala,Burgers,2,173.65,46.6,50,Wallet,Delivered,3.6,350.7
ORD00757,2025-04-18,CUST0471,Bengaluru,Bengaluru Bowl,South Indian,1,134.99,14.07,20,Cash,Delivered,4.3,140.92
ORD01814,2025-04-18,CUST0448,Kolkata,Bengal Feast,South Indian,3,166.22,79.89,20,UPI,Delivered,4.1,438.77
ORD02748,2025-04-18,CUST0242,Kolkata,East Spice,Pizza,2,359.7,115.8,40,Debit Card,Cancelled,4.5,643.6
ORD00530,2025-04-18,CUST0023,Bengaluru,Tech Tadka,Pizza,1,369.18,20.31,20,Credit Card,Delivered,4.8,368.87
ORD00481,2025-04-19,CUST0741,Hyderabad,Deccan Delights,Burgers,2,170.51,24.4,40,Cash,Delivered,4.9,356.62
ORD02394,2025-04-19,CUST0293,Mumbai,Mumbai Masala,Healthy Food,1,337.3,10.03,30,UPI,Delivered,3.1,357.27
ORD01340,2025-04-19,CUST0055,Delhi,Street Feast,North Indian,2,353.34,127.33,20,UPI,Delivered,3.6,599.35
ORD01326,2025-04-19,CUST0019,Bengaluru,Bengaluru Bowl,North Indian,2,173.62,55.25,30,Credit Card,Delivered,,321.99
ORD00701,2025-04-19,CUST0167,Bengaluru,Tech Tadka,Desserts,1,154.36,13.86,30,Cash,Delivered,4.5,170.5
ORD00257,2025-04-19,CUST0767,Kochi,Coconut Cafe,South Indian,3,110.56,35.52,50,Credit Card,Delivered,4.5,346.16
ORD01464,2025-04-19,CUST0268,Mumbai,Mumbai Masala,South Indian,1,196.35,0.45,40,Debit Card,Delivered,3.7,235.9
ORD01791,2025-04-19,CUST0394,Delhi,Delhi Zaika,Biryani,2,392.67,22.35,40,Debit Card,Cancelled,3.9,802.99
ORD01753,2025-04-19,CUST0349,Kolkata,Kolkata Kitchen,Healthy Food,1,500.95,52.5,40,UPI,Cancelled,3.1,488.45
ORD00002,2025-04-19,CUST0436,Bengaluru,South Spice,Burgers,1,295.31,42.92,40,UPI,Delivered,4.7,292.39
ORD01012,2025-04-19,CUST0109,Delhi,Delhi Zaika,Biryani,3,229.14,95.36,50,Credit Card,Delivered,4.4,642.06
ORD00534,2025-04-19,CUST0100,Delhi,Delhi Zaika,South Indian,1,176.86,4.89,40,Cash,Cancelled,4.5,211.97
ORD00687,2025-04-19,CUST0342,Kolkata,Biryani Corner,Pizza,2,310.3,29.18,30,UPI,Delivered,4.9,621.42
ORD02250,2025-04-20,CUST0089,Bengaluru,Garden Kitchen,Desserts,3,164.55,90.8,20,UPI,Delivered,4.7,422.85
ORD02119,2025-04-20,CUST0130,Kolkata,Kolkata Kitchen,Biryani,1,330.39,19.5,30,UPI,Delivered,3.3,340.89
ORD00373,2025-04-20,CUST0017,Kochi,Malabar Bites,Biryani,1,386.8,70.48,50,UPI,Delivered,3.7,366.32
ORD01780,2025-04-20,CUST0667,Pune,Marathi Meals,Burgers,1,261.16,47.95,30,UPI,Delivered,3.9,243.21
ORD02028,2025-04-20,CUST0012,Pune,Pune Pantry,Healthy Food,2,270.74,100.26,30,Credit Card,Delivered,5.0,471.22
ORD00408,2025-04-20,CUST0288,Hyderabad,Nawab Kitchen,Chinese,1,307.78,40.71,60,UPI,Delivered,4.2,327.07
ORD01662,2025-04-21,CUST0061,Bengaluru,Bengaluru Bowl,North Indian,2,275.04,95.79,40,Wallet,Delivered,4.0,494.29
ORD00713,2025-04-21,CUST0058,Mumbai,Mumbai Masala,Chinese,1,321.43,10.35,50,Debit Card,Delivered,3.8,361.08
ORD01055,2025-04-21,CUST0229,Chennai,Spice Hub,Chinese,1,343.51,20.99,30,Credit Card,Delivered,4.0,352.52
ORD02634,2025-04-21,CUST0642,Mumbai,Mumbai Masala,Biryani,1,336.8,41.07,50,,Delivered,4.3,345.73
ORD01426,2025-04-21,CUST0521,Delhi,Capital Bites,Biryani,1,199.17,6.47,40,UPI,Delivered,3.8,232.7
ORD01099,2025-04-21,CUST0261,Chennai,Chennai Bites,Biryani,1,279.43,17.91,30,Debit Card,Delivered,4.2,291.52
ORD02400,2025-04-21,CUST0060,Hyderabad,Deccan Delights,Pizza,4,357.0,96.95,30,UPI,Delivered,3.5,1361.05
ORD00876,2025-04-21,CUST0738,Mumbai,Mumbai Masala,Desserts,2,195.41,67.83,40,UPI,Delivered,3.9,362.99
ORD00165,2025-04-22,CUST0407,Hyderabad,Hyderabad House,North Indian,1,322.65,50.27,40,UPI,Delivered,4.3,312.38
ORD00962,2025-04-22,CUST0625,Chennai,Dosa House,Biryani,1,255.05,18.57,30,Debit Card,Delivered,4.4,266.48
ORD02422,2025-04-22,CUST0523,Mumbai,Mumbai Masala,North Indian,1,319.5,15.13,40,Wallet,Delivered,4.3,344.37
ORD02283,2025-04-22,CUST0605,Pune,Deccan Kitchen,Pizza,4,334.78,250.0,20,UPI,Delivered,5.0,1109.12
ORD01344,2025-04-22,CUST0458,Pune,Pune Pantry,Chinese,4,288.77,106.84,30,UPI,Delivered,4.5,1078.24
ORD02161,2025-04-22,CUST0156,Delhi,Delhi Zaika,Biryani,1,336.19,44.05,30,Wallet,Delivered,3.9,322.14
ORD02576,2025-04-22,CUST0007,Pune,Cafe Central,Desserts,1,105.66,19.0,20,UPI,Delivered,4.1,106.66
ORD02761,2025-04-22,CUST0416,Delhi,Capital Bites,Burgers,2,233.67,89.7,30,UPI,Delivered,3.9,407.64
ORD01399,2025-04-22,CUST0386,Pune,Cafe Central,Chinese,2,248.14,18.64,40,Debit Card,Delivered,3.2,517.64
ORD01808,2025-04-22,CUST0113,Mumbai,Bombay Bites,North Indian,1,409.01,26.76,20,Debit Card,Returned,3.6,402.25
ORD02541,2025-04-23,CUST0578,Pune,Pune Pantry,Biryani,2,225.76,33.0,40,UPI,Delivered,4.4,458.52
ORD00046,2025-04-23,CUST0244,Bengaluru,Garden Kitchen,South Indian,3,197.46,8.09,30,Cash,Delivered,5.0,614.29
ORD01515,2025-04-23,CUST0450,Pune,Marathi Meals,Pizza,1,378.61,62.63,30,UPI,Cancelled,4.6,345.98
ORD01286,2025-04-23,CUST0180,Pune,Cafe Central,Pizza,1,425.36,27.08,30,Wallet,Cancelled,4.3,428.28
ORD00824,2025-04-23,CUST0771,Mumbai,Tandoor Tales,Pizza,2,352.41,28.73,30,UPI,Delivered,3.9,706.09
ORD00560,2025-04-23,CUST0268,Pune,Pune Pantry,Biryani,1,346.24,8.79,40,Credit Card,Delivered,4.8,377.45
ORD02130,2025-04-23,CUST0676,Bengaluru,Tech Tadka,Biryani,2,248.73,94.5,30,Credit Card,Delivered,4.6,432.96
ORD00652,2025-04-23,CUST0042,Mumbai,Mumbai Masala,Burgers,1,282.16,51.94,60,,Delivered,3.2,290.22
ORD00014,2025-04-23,CUST0088,Mumbai,Tandoor Tales,Biryani,1,253.98,9.73,30,UPI,Delivered,5.0,274.25
ORD02784,2025-04-23,CUST0436,Hyderabad,Hyderabad House,North Indian,1,288.56,37.42,20,UPI,Delivered,4.3,271.14
ORD00019,2025-04-23,CUST0662,Mumbai,Mumbai Masala,Burgers,3,247.69,126.28,20,Cash,Delivered,3.7,636.79
ORD02574,2025-04-23,CUST0134,Bengaluru,Bengaluru Bowl,Burgers,1,191.1,23.3,40,Debit Card,Returned,,207.8
ORD00237,2025-04-24,CUST0220,Hyderabad,Deccan Delights,Pizza,1,285.85,25.28,50,Debit Card,Delivered,3.8,310.57
ORD01508,2025-04-24,CUST0244,Hyderabad,Biryani Point,Pizza,2,350.44,39.37,40,UPI,Delivered,4.6,701.51
ORD02386,2025-04-24,CUST0633,Kochi,Coconut Cafe,Chinese,1,242.37,47.51,40,UPI,Cancelled,3.9,234.86
ORD00799,2025-04-24,CUST0005,Delhi,Punjabi Rasoi,Desserts,1,132.27,20.62,40,UPI,Cancelled,4.6,151.65
ORD01300,2025-04-24,CUST0689,Bengaluru,Garden Kitchen,Desserts,2,129.35,29.49,30,Debit Card,Delivered,4.1,259.21
ORD01716,2025-04-24,CUST0580,Chennai,Chennai Bites,Pizza,2,370.67,39.14,50,Debit Card,Delivered,5.0,752.2
ORD02091,2025-04-24,CUST0268,Bengaluru,South Spice,Pizza,1,305.91,49.56,60,UPI,Delivered,4.4,316.35
ORD01825,2025-04-25,CUST0572,Hyderabad,Deccan Delights,Biryani,2,219.5,50.22,40,Credit Card,Delivered,4.0,428.78
ORD00347,2025-04-25,CUST0470,Bengaluru,South Spice,Biryani,2,283.86,61.74,40,UPI,Delivered,3.7,545.98
ORD02477,2025-04-25,CUST0259,Kolkata,Biryani Corner,Biryani,1,288.61,27.76,20,UPI,Delivered,4.2,280.85
ORD00018,2025-04-26,CUST0131,Pune,Cafe Central,North Indian,1,291.04,34.89,40,UPI,Delivered,3.9,296.15
ORD00195,2025-04-26,CUST0190,Hyderabad,Nawab Kitchen,Pizza,2,392.76,61.34,30,UPI,Cancelled,3.6,754.18
ORD01924,2025-04-26,CUST0536,Pune,Deccan Kitchen,Healthy Food,1,384.34,8.43,50,UPI,Delivered,4.2,425.91
ORD01362,2025-04-26,CUST0239,Chennai,Spice Hub,Biryani,4,333.66,207.09,50,Debit Card,Delivered,4.7,1177.55
ORD02194,2025-04-26,CUST0185,Mumbai,Bombay Bites,Burgers,1,138.68,19.12,30,UPI,Delivered,3.9,149.56
ORD02425,2025-04-26,CUST0077,Bengaluru,Garden Kitchen,Chinese,1,231.13,31.8,30,Wallet,Delivered,3.8,229.33
ORD02910,2025-04-26,CUST0108,Mumbai,Tandoor Tales,Burgers,1,233.48,27.78,40,Debit Card,Delivered,4.6,245.7
ORD00784,2025-04-26,CUST0461,Mumbai,Mumbai Masala,Burgers,1,178.18,14.24,20,UPI,Delivered,5.0,183.94
ORD01305,2025-04-26,CUST0063,Chennai,Spice Hub,Pizza,1,348.23,15.0,30,Debit Card,Delivered,3.3,363.23
ORD02810,2025-04-26,CUST0463,Kolkata,Kolkata Kitchen,Desserts,1,191.11,11.69,50,Debit Card,Delivered,3.8,229.42
ORD00648,2025-04-26,CUST0569,Pune,Deccan Kitchen,Biryani,1,269.16,25.04,20,Cash,Delivered,3.4,264.12
ORD01294,2025-04-26,CUST0666,Pune,Cafe Central,South Indian,1,154.27,16.34,40,Wallet,Delivered,4.6,177.93
ORD01339,2025-04-26,CUST0264,Pune,Marathi Meals,Biryani,1,252.49,9.76,30,UPI,Delivered,4.0,272.73
ORD02564,2025-04-26,CUST0239,Pune,Deccan Kitchen,Biryani,2,294.02,52.16,40,UPI,Delivered,4.4,575.88
ORD00006,2025-04-27,CUST0701,Mumbai,Tandoor Tales,North Indian,1,367.46,54.51,20,UPI,Delivered,4.4,332.95
ORD01884,2025-04-27,CUST0382,Mumbai,Coastal Kitchen,Biryani,1,212.11,29.64,30,UPI,Delivered,4.1,212.47
ORD00737,2025-04-27,CUST0203,Mumbai,Coastal Kitchen,Pizza,4,311.0,153.58,40,Credit Card,Cancelled,4.5,1130.42
ORD00140,2025-04-27,CUST0547,Kochi,Malabar Bites,Chinese,3,317.86,146.87,20,Debit Card,Delivered,3.8,826.71
ORD00338,2025-04-27,CUST0504,Chennai,Chennai Bites,Healthy Food,1,260.17,51.61,20,Debit Card,Delivered,3.6,228.56
ORD01282,2025-04-27,CUST0179,Chennai,Spice Hub,Chinese,1,180.09,14.75,30,UPI,Delivered,4.7,195.34
ORD00582,2025-04-27,CUST0617,Kochi,Kerala Kitchen,North Indian,1,277.65,46.56,40,UPI,Cancelled,3.7,271.09
ORD01898,2025-04-28,CUST0527,Hyderabad,Biryani Point,Burgers,2,149.8,28.84,30,UPI,Delivered,4.5,300.76
ORD01527,2025-04-28,CUST0039,Delhi,Capital Bites,South Indian,1,169.2,9.22,40,Cash,Delivered,3.9,199.98
ORD00883,2025-04-28,CUST0308,Chennai,Spice Hub,Chinese,1,242.43,15.77,20,Credit Card,Delivered,4.4,246.66
ORD00627,2025-04-28,CUST0233,Mumbai,Mumbai Masala,Pizza,1,482.22,6.87,50,UPI,Delivered,3.6,525.35
ORD02865,2025-04-28,CUST0661,Mumbai,Mumbai Masala,Burgers,1,200.33,19.49,20,Cash,Delivered,4.4,200.84
ORD01795,2025-04-28,CUST0670,Delhi,Delhi Zaika,Pizza,3,395.57,194.51,50,UPI,Delivered,3.8,1042.2
ORD00575,2025-04-28,CUST0727,Mumbai,Coastal Kitchen,Pizza,2,325.89,39.38,60,Debit Card,Delivered,5.0,672.4
ORD01838,2025-04-28,CUST0401,Hyderabad,Hyderabad House,Pizza,1,499.57,14.2,30,,Delivered,3.1,515.37
ORD00049,2025-04-28,CUST0485,Kochi,Malabar Bites,Healthy Food,1,385.25,68.3,30,Debit Card,Delivered,4.3,346.95
ORD02167,2025-04-28,CUST0642,Delhi,Punjabi Rasoi,Pizza,2,322.27,78.05,60,UPI,Delivered,4.4,626.49
ORD00024,2025-04-28,CUST0414,Hyderabad,Deccan Delights,Biryani,1,290.51,41.4,20,Cash,Delivered,4.5,269.11
ORD01037,2025-04-28,CUST0437,Bengaluru,Garden Kitchen,South Indian,2,204.95,63.3,30,Credit Card,Delivered,4.1,376.6
ORD02530,2025-04-28,CUST0784,Chennai,Dosa House,Desserts,1,184.46,26.8,40,Credit Card,Delivered,4.5,197.66
ORD00921,2025-04-29,CUST0195,Bengaluru,Bengaluru Bowl,North Indian,1,223.98,22.46,20,Wallet,Delivered,4.3,221.52
ORD02222,2025-04-29,CUST0311,Delhi,Delhi Zaika,Chinese,1,188.85,0.75,30,UPI,Delivered,4.2,218.1
ORD02489,2025-04-29,CUST0264,Delhi,Delhi Zaika,Desserts,2,165.65,0.23,20,UPI,Delivered,3.8,351.07
ORD02213,2025-04-29,CUST0776,Hyderabad,Deccan Delights,Chinese,2,176.35,38.73,20,Credit Card,Delivered,4.3,333.97
ORD01122,2025-04-29,CUST0137,Hyderabad,Hyderabad House,North Indian,2,340.28,72.39,40,UPI,Delivered,4.9,648.17
ORD01069,2025-04-29,CUST0441,Delhi,Delhi Zaika,Desserts,2,147.35,7.7,40,Credit Card,Delivered,5.0,327.0
ORD02346,2025-04-30,CUST0670,Delhi,Street Feast,Pizza,1,346.3,33.45,30,Debit Card,Delivered,4.2,342.85
ORD00386,2025-04-30,CUST0497,Delhi,Capital Bites,South Indian,1,219.88,27.37,30,Credit Card,Cancelled,4.4,222.51
ORD00095,2025-04-30,CUST0720,Hyderabad,Biryani Point,Biryani,1,198.76,31.79,20,UPI,Delivered,4.6,186.97
ORD01891,2025-04-30,CUST0774,Bengaluru,Tech Tadka,Pizza,2,159.12,50.56,50,UPI,Delivered,4.2,317.68
ORD00880,2025-04-30,CUST0335,Delhi,Street Feast,South Indian,2,192.83,70.57,20,Debit Card,Delivered,4.5,335.09
ORD00410,2025-04-30,CUST0639,Hyderabad,Deccan Delights,North Indian,3,319.15,150.37,30,Wallet,Delivered,3.0,837.08
ORD00969,2025-04-30,CUST0726,Bengaluru,Bengaluru Bowl,South Indian,1,204.25,0.59,50,UPI,Delivered,4.3,253.66
ORD02052,2025-04-30,CUST0059,Mumbai,Mumbai Masala,Healthy Food,2,309.19,16.39,40,Wallet,Delivered,3.8,641.99
ORD01744,2025-05-01,CUST0316,Delhi,Punjabi Rasoi,Burgers,1,228.01,1.9,30,Cash,Delivered,3.6,256.11
ORD02823,2025-05-01,CUST0149,Hyderabad,Hyderabad House,Chinese,1,311.26,12.03,30,Credit Card,Delivered,3.6,329.23
ORD00949,2025-05-01,CUST0047,Delhi,Street Feast,Biryani,1,315.33,60.52,40,UPI,Delivered,4.4,294.81
ORD00384,2025-05-01,CUST0280,Chennai,Chennai Bites,North Indian,3,380.24,151.99,20,UPI,Delivered,4.0,1008.73
ORD02693,2025-05-02,CUST0650,Bengaluru,Bengaluru Bowl,South Indian,1,135.62,15.17,30,UPI,Delivered,3.8,150.45
ORD01171,2025-05-02,CUST0554,Kolkata,Bengal Feast,North Indian,2,332.43,58.57,50,Credit Card,Returned,3.3,656.29
ORD01823,2025-05-02,CUST0224,Delhi,Capital Bites,Burgers,1,275.69,53.0,40,UPI,Delivered,4.1,262.69
ORD02747,2025-05-02,CUST0010,Bengaluru,Garden Kitchen,Burgers,1,225.88,25.52,30,UPI,Delivered,4.7,230.36
ORD00671,2025-05-02,CUST0174,Kolkata,Biryani Corner,Pizza,4,254.47,71.35,30,Wallet,Delivered,4.4,976.53
ORD01950,2025-05-02,CUST0320,Mumbai,Mumbai Masala,South Indian,1,198.05,7.26,40,Debit Card,Delivered,4.0,230.79
ORD00609,2025-05-02,CUST0369,Delhi,Punjabi Rasoi,North Indian,1,318.88,48.58,50,UPI,Delivered,4.6,320.3
ORD01712,2025-05-03,CUST0781,Pune,Cafe Central,Burgers,2,178.33,34.6,30,Credit Card,Delivered,3.4,352.06
ORD01935,2025-05-03,CUST0521,Mumbai,Bombay Bites,Healthy Food,2,198.96,5.67,20,Credit Card,Delivered,3.6,412.25
ORD01428,2025-05-03,CUST0237,Hyderabad,Deccan Delights,Chinese,1,310.76,30.63,30,Cash,Delivered,4.2,310.13
ORD00863,2025-05-03,CUST0401,Mumbai,Coastal Kitchen,Chinese,1,302.17,19.1,30,Credit Card,Delivered,2.8,313.07
ORD00035,2025-05-04,CUST0475,Bengaluru,South Spice,North Indian,3,382.23,116.32,30,Debit Card,Cancelled,4.4,1060.37
ORD01960,2025-05-04,CUST0102,Delhi,Punjabi Rasoi,Biryani,1,118.29,11.44,20,Debit Card,Delivered,3.4,126.85
ORD01117,2025-05-04,CUST0318,Bengaluru,Bengaluru Bowl,Pizza,3,442.24,157.46,60,UPI,Delivered,4.1,1229.26
ORD01514,2025-05-04,CUST0154,Pune,Deccan Kitchen,Pizza,4,431.85,93.8,50,Debit Card,Delivered,,1683.6
ORD00675,2025-05-04,CUST0393,Delhi,Punjabi Rasoi,Desserts,2,144.63,9.3,50,UPI,Cancelled,4.6,329.96
ORD02874,2025-05-04,CUST0203,Hyderabad,Deccan Delights,Pizza,2,399.2,8.47,30,UPI,Delivered,4.1,819.93
ORD01577,2025-05-04,CUST0629,Delhi,Punjabi Rasoi,South Indian,1,167.58,11.56,40,UPI,Delivered,4.3,196.02
ORD00323,2025-05-04,CUST0227,Pune,Pune Pantry,Healthy Food,2,413.29,118.76,60,UPI,Cancelled,3.6,767.82
ORD00383,2025-05-04,CUST0037,Kochi,Malabar Bites,Burgers,2,252.17,1.88,20,Cash,Delivered,4.2,522.46
ORD02260,2025-05-05,CUST0381,Mumbai,Tandoor Tales,North Indian,2,279.72,83.88,20,UPI,Delivered,3.3,495.56
ORD02102,2025-05-05,CUST0478,Bengaluru,South Spice,Biryani,2,120.71,36.6,40,UPI,Delivered,4.3,244.82
ORD00668,2025-05-05,CUST0253,Pune,Pune Pantry,South Indian,1,167.94,0.66,20,UPI,Delivered,3.8,187.28
ORD01222,2025-05-05,CUST0346,Pune,Marathi Meals,South Indian,1,116.38,1.43,30,Credit Card,Delivered,3.7,144.95
ORD00672,2025-05-05,CUST0653,Pune,Deccan Kitchen,Burgers,1,134.02,4.34,50,UPI,Cancelled,4.1,179.68
ORD00712,2025-05-05,CUST0638,Hyderabad,Hyderabad House,Chinese,2,311.38,69.64,40,Cash,Delivered,4.4,593.12
ORD00171,2025-05-05,CUST0036,Bengaluru,Garden Kitchen,Burgers,3,242.7,124.09,20,UPI,Delivered,4.5,624.01
ORD02791,2025-05-05,CUST0491,Hyderabad,Deccan Delights,Biryani,1,289.45,54.01,30,UPI,Delivered,3.8,265.44
ORD00407,2025-05-05,CUST0626,Mumbai,Tandoor Tales,South Indian,1,166.64,0.43,20,Credit Card,Delivered,3.9,186.21
ORD02734,2025-05-05,CUST0625,Delhi,Punjabi Rasoi,Chinese,2,322.99,55.27,40,UPI,Delivered,4.2,630.71
ORD01092,2025-05-06,CUST0550,Hyderabad,Deccan Delights,South Indian,3,154.1,23.5,50,Debit Card,Delivered,4.5,488.8
ORD02243,2025-05-06,CUST0602,Mumbai,Coastal Kitchen,North Indian,4,269.35,2.35,20,UPI,Cancelled,4.0,1095.05
ORD00686,2025-05-06,CUST0365,Delhi,Delhi Zaika,Pizza,1,208.05,33.3,30,UPI,Delivered,3.6,204.75
ORD01446,2025-05-06,CUST0042,Delhi,Street Feast,Pizza,1,377.95,6.82,40,UPI,Delivered,4.7,411.13
ORD01517,2025-05-06,CUST0073,Hyderabad,Hyderabad House,North Indian,1,272.97,19.69,50,UPI,Delivered,4.1,303.28
ORD00642,2025-05-06,CUST0025,Chennai,Spice Hub,South Indian,2,192.97,55.52,20,Wallet,Delivered,4.7,350.42
ORD01821,2025-05-06,CUST0586,Bengaluru,Garden Kitchen,Chinese,1,261.99,15.58,30,Cash,Delivered,4.1,276.41
ORD00068,2025-05-06,CUST0776,Kolkata,Bengal Feast,Burgers,1,141.45,28.12,40,Debit Card,Delivered,3.6,153.33
ORD02920,2025-05-06,CUST0584,Hyderabad,Deccan Delights,North Indian,2,217.72,60.95,20,Wallet,Delivered,3.8,394.49
ORD00808,2025-05-06,CUST0282,Kolkata,Bengal Feast,North Indian,2,328.82,33.08,20,Debit Card,Delivered,4.2,644.56
ORD02385,2025-05-07,CUST0378,Bengaluru,Garden Kitchen,Biryani,3,254.16,117.36,50,UPI,Delivered,5.0,695.12
ORD00117,2025-05-07,CUST0593,Pune,Pune Pantry,South Indian,3,235.42,112.77,20,Credit Card,Delivered,4.2,613.49
ORD01683,2025-05-07,CUST0366,Mumbai,Mumbai Masala,Desserts,1,195.89,3.66,40,UPI,Delivered,4.2,232.23
ORD02377,2025-05-07,CUST0118,Kochi,Coconut Cafe,Chinese,1,285.76,25.81,50,UPI,Delivered,3.8,309.95
ORD00926,2025-05-07,CUST0061,Bengaluru,South Spice,North Indian,1,365.33,3.0,30,Credit Card,Delivered,3.4,392.33
ORD00841,2025-05-07,CUST0446,Chennai,Chennai Bites,Desserts,1,145.95,16.93,40,Credit Card,Delivered,4.5,169.02
ORD01646,2025-05-07,CUST0003,Chennai,Urban Tiffin,South Indian,1,197.02,18.02,40,Wallet,Delivered,4.0,219.0
ORD01836,2025-05-07,CUST0017,Mumbai,Coastal Kitchen,Chinese,3,275.7,140.16,20,UPI,Delivered,4.2,706.94
ORD00411,2025-05-07,CUST0155,Bengaluru,South Spice,Chinese,1,282.19,17.52,20,UPI,Delivered,4.2,284.67
ORD02806,2025-05-07,CUST0648,Delhi,Punjabi Rasoi,Desserts,1,125.76,4.76,30,Debit Card,Delivered,4.8,151.0
ORD00525,2025-05-07,CUST0612,Mumbai,Bombay Bites,South Indian,2,138.86,27.51,50,UPI,Delivered,4.3,300.21
ORD00555,2025-05-07,CUST0380,Bengaluru,South Spice,Burgers,1,264.3,33.25,50,UPI,Delivered,4.4,281.05
ORD00599,2025-05-07,CUST0689,Mumbai,Mumbai Masala,Biryani,2,263.08,3.33,40,UPI,Delivered,4.6,562.83
ORD02192,2025-05-08,CUST0306,Kochi,Kerala Kitchen,Pizza,1,361.75,32.8,20,Credit Card,Delivered,4.4,348.95
ORD01473,2025-05-08,CUST0576,Delhi,Punjabi Rasoi,South Indian,1,113.37,11.06,50,UPI,Delivered,4.2,152.31
ORD00839,2025-05-08,CUST0717,Mumbai,Mumbai Masala,Chinese,1,230.23,14.65,20,Cash,Delivered,4.0,235.58
ORD02280,2025-05-08,CUST0076,Delhi,Punjabi Rasoi,Chinese,3,334.62,125.58,60,Credit Card,Delivered,3.9,938.28
ORD00327,2025-05-08,CUST0099,Bengaluru,Tech Tadka,South Indian,1,166.58,13.28,30,Credit Card,Delivered,3.5,183.3
ORD01545,2025-05-08,CUST0318,Delhi,Capital Bites,Biryani,2,231.16,23.1,50,Credit Card,Delivered,4.4,489.22
ORD01860,2025-05-08,CUST0459,Hyderabad,Deccan Delights,South Indian,2,150.01,14.7,20,Credit Card,Delivered,4.5,305.32
ORD00267,2025-05-08,CUST0124,Delhi,Delhi Zaika,Biryani,1,285.74,47.59,40,Credit Card,Delivered,5.0,278.15
ORD02707,2025-05-08,CUST0465,Hyderabad,Nawab Kitchen,Pizza,1,432.11,17.05,20,UPI,Delivered,4.3,435.06
ORD00071,2025-05-09,CUST0081,Delhi,Delhi Zaika,Biryani,1,315.34,41.95,40,Wallet,Delivered,4.6,313.39
ORD00241,2025-05-09,CUST0385,Bengaluru,Bengaluru Bowl,Chinese,1,253.14,18.95,20,Cash,Delivered,5.0,254.19
ORD02557,2025-05-09,CUST0143,Mumbai,Tandoor Tales,Burgers,1,268.0,44.97,20,Credit Card,Delivered,4.4,243.03
ORD01275,2025-05-09,CUST0210,Chennai,Urban Tiffin,South Indian,2,179.04,58.09,50,Debit Card,Delivered,5.0,349.99
ORD01740,2025-05-09,CUST0176,Mumbai,Tandoor Tales,South Indian,1,246.69,39.11,60,Credit Card,Delivered,4.3,267.58
ORD02025,2025-05-09,CUST0127,Chennai,Dosa House,Biryani,2,231.36,43.99,30,Credit Card,Delivered,3.4,448.73
ORD00255,2025-05-09,CUST0123,Delhi,Capital Bites,Burgers,2,232.5,17.18,20,UPI,Delivered,3.8,467.82
ORD01759,2025-05-09,CUST0040,Mumbai,Bombay Bites,Desserts,4,149.11,47.7,30,Wallet,Cancelled,4.6,578.74
ORD02957,2025-05-09,CUST0211,Bengaluru,Bengaluru Bowl,South Indian,1,203.68,10.94,20,Credit Card,Delivered,3.8,212.74
ORD02843,2025-05-10,CUST0488,Mumbai,Bombay Bites,North Indian,3,259.55,78.54,60,UPI,Returned,4.1,760.11
ORD02946,2025-05-10,CUST0209,Chennai,Dosa House,Desserts,1,172.83,27.5,20,Credit Card,Delivered,4.0,165.33
ORD02272,2025-05-10,CUST0331,Delhi,Capital Bites,Pizza,3,470.16,214.65,40,Cash,Delivered,4.0,1235.83
ORD02350,2025-05-11,CUST0644,Delhi,Delhi Zaika,North Indian,2,197.8,63.43,30,Credit Card,Delivered,3.9,362.17
ORD00132,2025-05-11,CUST0048,Hyderabad,Hyderabad House,Healthy Food,1,324.4,51.92,30,UPI,Delivered,4.5,302.48
ORD02171,2025-05-11,CUST0282,Chennai,Spice Hub,Pizza,2,254.95,37.7,30,UPI,Delivered,4.2,502.2
ORD00271,2025-05-11,CUST0349,Kolkata,East Spice,Desserts,4,152.7,35.25,60,UPI,Delivered,5.0,635.55
ORD00288,2025-05-11,CUST0151,Bengaluru,South Spice,Chinese,2,213.37,31.15,30,UPI,Delivered,4.7,425.59
ORD02553,2025-05-12,CUST0311,Delhi,Delhi Zaika,South Indian,1,144.87,23.7,50,Credit Card,Delivered,5.0,171.17
ORD01334,2025-05-12,CUST0113,Pune,Pune Pantry,Desserts,1,194.87,6.08,20,Debit Card,Delivered,2.8,208.79
ORD02338,2025-05-12,CUST0669,Kolkata,Kolkata Kitchen,Desserts,4,105.67,58.82,20,Wallet,Delivered,3.6,383.86
ORD00454,2025-05-12,CUST0783,Chennai,Chennai Bites,North Indian,1,310.93,26.54,40,UPI,Cancelled,4.0,324.39
ORD01109,2025-05-12,CUST0329,Mumbai,Mumbai Masala,Chinese,1,224.11,28.02,20,UPI,Returned,3.7,216.09
ORD01947,2025-05-12,CUST0072,Mumbai,Tandoor Tales,Biryani,1,351.38,46.11,20,UPI,Cancelled,4.2,325.27
ORD01648,2025-05-12,CUST0142,Bengaluru,Bengaluru Bowl,South Indian,2,168.64,15.56,40,UPI,Delivered,4.1,361.72
ORD01123,2025-05-13,CUST0588,Bengaluru,Garden Kitchen,Desserts,1,109.19,12.53,20,Credit Card,Delivered,3.7,116.66
ORD00276,2025-05-13,CUST0346,Chennai,Chennai Bites,Biryani,2,355.07,103.82,40,Credit Card,Delivered,4.2,646.32
ORD02143,2025-05-13,CUST0257,Bengaluru,Tech Tadka,Biryani,2,309.77,26.41,20,Credit Card,Delivered,4.7,613.13
ORD01748,2025-05-13,CUST0114,Chennai,Urban Tiffin,Chinese,1,198.89,15.65,50,UPI,Delivered,4.0,233.24
ORD01333,2025-05-13,CUST0502,Bengaluru,South Spice,Pizza,1,382.54,31.85,20,UPI,Delivered,3.7,370.69
ORD00679,2025-05-14,CUST0517,Delhi,Street Feast,South Indian,3,164.28,24.71,50,UPI,Delivered,3.4,518.13
ORD00349,2025-05-14,CUST0022,Chennai,Chennai Bites,Chinese,3,210.45,98.67,20,Credit Card,Delivered,,552.68
ORD01813,2025-05-14,CUST0700,Bengaluru,Tech Tadka,South Indian,1,207.02,2.1,40,UPI,Delivered,3.4,244.92
ORD01084,2025-05-14,CUST0532,Bengaluru,Garden Kitchen,South Indian,2,250.15,70.65,30,Credit Card,Returned,4.8,459.65
ORD00280,2025-05-14,CUST0711,Bengaluru,Bengaluru Bowl,Burgers,2,181.27,24.93,30,Credit Card,Delivered,4.1,367.61
ORD01596,2025-05-14,CUST0188,Pune,Marathi Meals,South Indian,1,191.07,28.45,40,UPI,Delivered,3.4,202.62
ORD02932,2025-05-15,CUST0302,Chennai,Urban Tiffin,Biryani,1,229.64,4.4,50,Credit Card,Delivered,4.7,275.24
ORD00827,2025-05-15,CUST0565,Delhi,Delhi Zaika,Biryani,4,270.1,171.99,40,Debit Card,Delivered,3.9,948.41
ORD01097,2025-05-15,CUST0690,Mumbai,Tandoor Tales,South Indian,1,188.36,14.79,20,UPI,Delivered,3.1,193.57
ORD01733,2025-05-15,CUST0261,Mumbai,Coastal Kitchen,South Indian,1,198.76,23.91,40,UPI,Delivered,4.4,214.85
ORD00837,2025-05-16,CUST0051,Chennai,Spice Hub,Biryani,2,301.67,43.21,40,UPI,Delivered,3.9,600.13
ORD01914,2025-05-16,CUST0309,Pune,Pune Pantry,Burgers,2,262.47,86.44,30,UPI,Returned,4.0,468.5
ORD00495,2025-05-16,CUST0560,Mumbai,Tandoor Tales,Biryani,1,295.71,14.31,50,UPI,Delivered,3.4,331.4
ORD01964,2025-05-16,CUST0214,Mumbai,Mumbai Masala,Chinese,1,188.74,37.34,40,Credit Card,Delivered,3.9,191.4
ORD00478,2025-05-16,CUST0604,Bengaluru,Bengaluru Bowl,Desserts,2,144.15,1.95,20,Credit Card,Delivered,3.6,306.35
ORD02723,2025-05-16,CUST0594,Pune,Cafe Central,Pizza,1,190.66,1.83,50,UPI,Delivered,4.6,238.83
ORD01007,2025-05-17,CUST0025,Pune,Cafe Central,Chinese,2,250.64,43.41,30,UPI,Cancelled,5.0,487.87
ORD00038,2025-05-17,CUST0682,Pune,Cafe Central,Healthy Food,4,299.11,128.63,20,Debit Card,Cancelled,4.0,1087.81
ORD01842,2025-05-17,CUST0120,Bengaluru,Bengaluru Bowl,Pizza,2,429.62,51.3,40,Wallet,Delivered,3.9,847.94
ORD02929,2025-05-17,CUST0473,Bengaluru,Tech Tadka,Desserts,2,161.17,7.01,30,UPI,Delivered,5.0,345.33
ORD02520,2025-05-17,CUST0321,Bengaluru,Tech Tadka,South Indian,1,206.85,35.38,30,Debit Card,Delivered,4.7,201.47
ORD01789,2025-05-17,CUST0535,Delhi,Delhi Zaika,North Indian,1,273.45,2.59,30,Wallet,Delivered,4.5,300.86
ORD00251,2025-05-17,CUST0247,Chennai,Urban Tiffin,Burgers,1,259.21,14.54,20,Debit Card,Delivered,3.3,264.67
ORD00953,2025-05-17,CUST0056,Mumbai,Tandoor Tales,Chinese,1,279.8,4.17,30,Debit Card,Delivered,3.8,305.63
ORD02435,2025-05-17,CUST0374,Bengaluru,Garden Kitchen,Healthy Food,2,325.55,76.09,20,,Cancelled,4.4,595.01
ORD01627,2025-05-17,CUST0739,Mumbai,Coastal Kitchen,North Indian,2,303.0,90.61,20,UPI,Delivered,3.9,535.39
ORD01704,2025-05-17,CUST0419,Bengaluru,Tech Tadka,Biryani,1,316.96,50.44,20,Wallet,Delivered,4.1,286.52
ORD01247,2025-05-17,CUST0726,Chennai,Chennai Bites,Biryani,1,250.93,11.21,50,Credit Card,Delivered,3.1,289.72
ORD01630,2025-05-18,CUST0477,Mumbai,Bombay Bites,Healthy Food,2,256.45,63.98,20,UPI,Delivered,3.9,468.92
ORD01680,2025-05-18,CUST0310,Kochi,Coastal Treats,Chinese,1,157.35,24.87,20,UPI,Delivered,4.4,152.48
ORD02945,2025-05-18,CUST0012,Mumbai,Tandoor Tales,North Indian,1,248.66,38.47,30,Debit Card,Delivered,4.2,240.19
ORD00042,2025-05-18,CUST0190,Hyderabad,Nawab Kitchen,Burgers,3,247.46,105.92,20,Credit Card,Delivered,4.3,656.46
ORD02256,2025-05-18,CUST0159,Kochi,Coastal Treats,Burgers,2,170.81,28.56,40,UPI,Delivered,4.2,353.06
ORD02103,2025-05-18,CUST0599,Chennai,Chennai Bites,South Indian,1,183.19,14.68,50,Debit Card,Cancelled,4.1,218.51
ORD02589,2025-05-18,CUST0537,Kolkata,Biryani Corner,Pizza,1,377.44,17.54,50,Debit Card,Delivered,3.9,409.9
ORD01053,2025-05-18,CUST0543,Kolkata,Kolkata Kitchen,Burgers,3,211.41,117.96,40,Credit Card,Delivered,4.8,556.27
ORD02005,2025-05-18,CUST0553,Chennai,Dosa House,Pizza,4,347.36,194.47,30,Credit Card,Delivered,3.8,1224.97
ORD01824,2025-05-18,CUST0412,Bengaluru,Garden Kitchen,North Indian,1,347.49,60.33,50,Credit Card,Delivered,3.7,337.16
ORD01378,2025-05-18,CUST0165,Delhi,Delhi Zaika,Burgers,2,158.63,12.81,20,Wallet,Delivered,3.8,324.45
ORD00178,2025-05-18,CUST0578,Delhi,Punjabi Rasoi,Biryani,1,245.2,30.14,60,Debit Card,Delivered,4.7,275.06
ORD01039,2025-05-18,CUST0277,Hyderabad,Deccan Delights,North Indian,2,365.76,130.27,40,Wallet,Delivered,4.1,641.25
ORD02118,2025-05-19,CUST0084,Chennai,Dosa House,Biryani,2,283.8,97.45,30,UPI,Delivered,3.4,500.15
ORD00715,2025-05-19,CUST0476,Kochi,Malabar Bites,North Indian,2,324.48,56.63,30,Cash,Delivered,4.8,622.33
ORD02764,2025-05-19,CUST0101,Hyderabad,Biryani Point,South Indian,2,171.43,2.16,50,UPI,Delivered,4.0,390.7
ORD00948,2025-05-19,CUST0249,Pune,Pune Pantry,Desserts,2,128.53,23.73,30,UPI,Delivered,3.0,263.33
ORD00707,2025-05-19,CUST0451,Delhi,Punjabi Rasoi,Burgers,4,179.21,83.89,20,Cash,Delivered,4.5,652.95
ORD01320,2025-05-19,CUST0305,Delhi,Street Feast,South Indian,1,170.64,26.95,20,Debit Card,Returned,,163.69
ORD01210,2025-05-19,CUST0755,Chennai,Chennai Bites,Biryani,1,318.78,6.0,30,UPI,Cancelled,4.3,342.78
ORD01726,2025-05-19,CUST0738,Delhi,Capital Bites,Chinese,1,208.84,39.14,40,UPI,Cancelled,2.7,209.7
ORD02473,2025-05-19,CUST0562,Bengaluru,South Spice,South Indian,1,175.52,24.16,60,Cash,Delivered,4.3,211.36
ORD00310,2025-05-19,CUST0131,Delhi,Capital Bites,Healthy Food,3,196.39,80.15,40,Wallet,Delivered,4.8,549.02
ORD01420,2025-05-19,CUST0128,Delhi,Punjabi Rasoi,Healthy Food,2,270.03,11.21,50,Credit Card,Delivered,3.7,578.85
ORD01905,2025-05-19,CUST0271,Chennai,Dosa House,Burgers,1,244.77,3.27,30,Debit Card,Delivered,4.8,271.5
ORD02457,2025-05-19,CUST0648,Mumbai,Coastal Kitchen,Desserts,2,167.33,30.48,40,UPI,Delivered,4.8,344.18
ORD01521,2025-05-20,CUST0641,Chennai,Urban Tiffin,Pizza,1,435.26,34.7,30,Wallet,Delivered,3.4,430.56
ORD02073,2025-05-20,CUST0689,Bengaluru,South Spice,Pizza,1,373.44,52.91,20,UPI,Delivered,3.8,340.53
ORD00986,2025-05-20,CUST0751,Chennai,Dosa House,North Indian,1,332.77,9.75,30,Wallet,Delivered,3.4,353.02
ORD02446,2025-05-20,CUST0102,Hyderabad,Biryani Point,Chinese,1,226.85,11.17,50,UPI,Delivered,4.1,265.68
ORD02552,2025-05-20,CUST0466,Chennai,Spice Hub,South Indian,1,163.71,14.62,60,UPI,Delivered,4.0,209.09
ORD00743,2025-05-20,CUST0532,Mumbai,Mumbai Masala,Desserts,1,137.77,7.9,20,UPI,Delivered,4.4,149.87
ORD01761,2025-05-20,CUST0289,Mumbai,Tandoor Tales,Burgers,1,251.38,15.32,20,Cash,Delivered,4.8,256.06
ORD01805,2025-05-21,CUST0525,Kolkata,Bengal Feast,Pizza,1,436.73,69.72,40,Debit Card,Delivered,4.4,407.01
ORD02651,2025-05-21,CUST0400,Bengaluru,South Spice,North Indian,3,359.1,88.36,20,UPI,Delivered,4.2,1008.94
ORD00490,2025-05-21,CUST0513,Kochi,Coconut Cafe,Biryani,2,225.98,21.57,30,UPI,Delivered,3.6,460.39
ORD00835,2025-05-21,CUST0457,Kolkata,Biryani Corner,Biryani,3,164.35,62.86,40,UPI,Delivered,4.7,470.19
ORD00958,2025-05-21,CUST0337,Pune,Cafe Central,Pizza,1,255.67,14.45,20,,Delivered,4.1,261.22
ORD02900,2025-05-21,CUST0701,Hyderabad,Hyderabad House,Biryani,1,278.95,48.54,30,Credit Card,Delivered,3.6,260.41
ORD01850,2025-05-21,CUST0676,Hyderabad,Nawab Kitchen,Chinese,2,224.42,42.49,50,Credit Card,Returned,3.8,456.35
ORD01266,2025-05-21,CUST0313,Mumbai,Bombay Bites,Biryani,1,245.51,17.38,20,UPI,Delivered,4.3,248.13
ORD02705,2025-05-21,CUST0672,Kolkata,Bengal Feast,Biryani,3,276.98,65.06,40,Debit Card,Delivered,3.4,805.88
ORD01538,2025-05-21,CUST0613,Bengaluru,Tech Tadka,Desserts,2,189.86,73.01,30,Credit Card,Delivered,4.4,336.71
ORD01452,2025-05-21,CUST0153,Chennai,Dosa House,Desserts,3,175.95,68.78,40,Debit Card,Returned,4.0,499.07
ORD01231,2025-05-21,CUST0616,Kochi,Kerala Kitchen,Pizza,2,446.6,91.18,30,,Delivered,4.8,832.02
ORD02852,2025-05-21,CUST0686,Delhi,Delhi Zaika,Chinese,1,268.03,1.56,30,UPI,Returned,5.0,296.47
ORD02160,2025-05-22,CUST0556,Pune,Pune Pantry,Burgers,2,145.34,26.68,30,Cash,Returned,4.2,294.0
ORD00395,2025-05-22,CUST0161,Kochi,Kerala Kitchen,Chinese,1,311.65,0.36,30,Credit Card,Delivered,3.6,341.29
ORD00340,2025-05-22,CUST0135,Delhi,Capital Bites,Chinese,2,232.69,32.68,40,Debit Card,Delivered,3.2,472.7
ORD00484,2025-05-22,CUST0791,Chennai,Dosa House,Pizza,1,196.18,34.46,30,UPI,Delivered,3.9,191.72
ORD00356,2025-05-22,CUST0438,Hyderabad,Biryani Point,South Indian,1,243.95,47.89,20,Debit Card,Delivered,3.7,216.06
ORD02524,2025-05-22,CUST0084,Pune,Marathi Meals,Chinese,2,232.39,44.75,20,Debit Card,Delivered,4.8,440.03
ORD00125,2025-05-22,CUST0231,Pune,Marathi Meals,Chinese,3,283.9,99.67,60,UPI,Delivered,3.8,812.03
ORD02568,2025-05-23,CUST0594,Bengaluru,South Spice,Biryani,1,339.02,60.35,20,UPI,Delivered,3.3,298.67
ORD02082,2025-05-23,CUST0335,Chennai,Spice Hub,South Indian,1,219.84,16.81,40,Credit Card,Delivered,4.1,243.03
ORD00190,2025-05-23,CUST0640,Bengaluru,South Spice,Biryani,1,303.86,21.73,40,UPI,Delivered,3.4,322.13
ORD02661,2025-05-23,CUST0380,Kolkata,East Spice,Chinese,3,242.15,94.36,40,UPI,Delivered,4.7,672.09
ORD02426,2025-05-23,CUST0509,Hyderabad,Deccan Delights,Desserts,1,156.73,10.94,30,Wallet,Delivered,3.9,175.79
ORD02154,2025-05-23,CUST0687,Hyderabad,Hyderabad House,Burgers,1,85.96,5.6,30,UPI,Delivered,5.0,110.36
ORD00333,2025-05-23,CUST0681,Hyderabad,Nawab Kitchen,Biryani,1,337.25,1.5,50,UPI,Delivered,4.2,385.75
ORD00564,2025-05-23,CUST0043,Mumbai,Coastal Kitchen,North Indian,1,309.61,26.13,50,UPI,Delivered,4.3,333.48
ORD00122,2025-05-23,CUST0379,Bengaluru,South Spice,Burgers,1,256.99,37.48,20,UPI,Delivered,3.9,239.51
ORD01127,2025-05-23,CUST0320,Pune,Deccan Kitchen,Biryani,1,174.18,22.12,20,UPI,Delivered,3.5,172.06
ORD02986,2025-05-24,CUST0336,Kochi,Coconut Cafe,Healthy Food,2,415.66,152.28,30,Debit Card,Delivered,4.7,709.04
ORD02195,2025-05-24,CUST0039,Mumbai,Tandoor Tales,Biryani,4,216.79,46.18,30,UPI,Delivered,4.4,850.98
ORD02833,2025-05-24,CUST0288,Pune,Marathi Meals,Chinese,2,267.37,30.56,30,UPI,Delivered,4.3,534.18
ORD02951,2025-05-24,CUST0377,Delhi,Punjabi Rasoi,South Indian,2,116.84,32.5,30,UPI,Delivered,3.8,231.18
ORD00170,2025-05-24,CUST0541,Chennai,Urban Tiffin,Burgers,2,227.68,86.54,40,UPI,Delivered,4.4,408.82
ORD00870,2025-05-24,CUST0075,Chennai,Chennai Bites,South Indian,2,149.26,18.62,20,Debit Card,Delivered,3.0,299.9
ORD01886,2025-05-24,CUST0440,Bengaluru,Bengaluru Bowl,Biryani,1,455.48,1.01,30,Debit Card,Delivered,4.7,484.47
ORD02697,2025-05-25,CUST0013,Bengaluru,Bengaluru Bowl,Biryani,1,345.49,15.03,40,Credit Card,Delivered,4.1,370.46
ORD00867,2025-05-25,CUST0207,Pune,Deccan Kitchen,Burgers,2,225.77,72.64,30,UPI,Delivered,3.8,408.9
ORD01639,2025-05-25,CUST0377,Delhi,Punjabi Rasoi,Pizza,3,272.22,30.4,40,UPI,Delivered,2.9,826.26
ORD02652,2025-05-25,CUST0764,Mumbai,Coastal Kitchen,Biryani,2,301.63,32.49,40,Credit Card,Delivered,3.1,610.77
ORD02286,2025-05-25,CUST0305,Chennai,Chennai Bites,Healthy Food,1,379.51,42.52,30,Debit Card,Delivered,3.5,366.99
ORD00731,2025-05-25,CUST0685,Chennai,Spice Hub,Healthy Food,1,275.49,20.48,20,UPI,Delivered,4.0,275.01
ORD00016,2025-05-26,CUST0100,Kolkata,Biryani Corner,South Indian,3,211.25,14.55,40,UPI,Delivered,3.9,659.2
ORD02015,2025-05-26,CUST0383,Pune,Pune Pantry,Chinese,2,337.3,42.94,50,Debit Card,Delivered,4.4,681.66
ORD00552,2025-05-26,CUST0664,Delhi,Capital Bites,North Indian,1,311.56,7.26,20,Debit Card,Delivered,3.7,324.3
ORD02738,2025-05-26,CUST0120,Pune,Marathi Meals,Healthy Food,1,329.78,56.34,40,UPI,Delivered,4.4,313.44
ORD02754,2025-05-26,CUST0776,Chennai,Dosa House,Biryani,4,284.26,20.68,30,UPI,Delivered,5.0,1146.36
ORD02681,2025-05-26,CUST0598,Kochi,Malabar Bites,Pizza,4,387.31,39.96,20,UPI,Delivered,3.8,1529.28
ORD00996,2025-05-26,CUST0714,Delhi,Delhi Zaika,Biryani,2,292.14,113.02,50,UPI,Cancelled,4.5,521.26
ORD02894,2025-05-26,CUST0088,Hyderabad,Deccan Delights,Desserts,3,108.45,38.03,50,Credit Card,Delivered,3.1,337.32
ORD01910,2025-05-26,CUST0060,Mumbai,Coastal Kitchen,Chinese,1,292.22,16.36,40,UPI,Delivered,3.5,315.86
ORD00606,2025-05-26,CUST0736,Bengaluru,Bengaluru Bowl,Desserts,1,191.53,19.95,20,Wallet,Delivered,4.4,191.58
ORD01903,2025-05-27,CUST0524,Mumbai,Mumbai Masala,Biryani,1,215.57,4.14,50,UPI,Delivered,3.3,261.43
ORD00557,2025-05-27,CUST0691,Kolkata,Biryani Corner,Desserts,1,177.52,1.41,60,UPI,Delivered,3.8,236.11
ORD00754,2025-05-27,CUST0566,Bengaluru,Bengaluru Bowl,Biryani,1,392.54,36.76,50,UPI,Delivered,5.0,405.78
ORD00523,2025-05-27,CUST0341,Pune,Marathi Meals,Desserts,4,203.64,54.47,50,Debit Card,Delivered,3.8,810.09
ORD01837,2025-05-27,CUST0524,Mumbai,Bombay Bites,North Indian,1,218.15,39.79,50,UPI,Delivered,3.7,228.36
ORD00790,2025-05-27,CUST0390,Kochi,Coconut Cafe,Biryani,1,254.13,26.38,50,UPI,Cancelled,5.0,277.75
ORD00443,2025-05-27,CUST0698,Mumbai,Tandoor Tales,North Indian,1,197.03,15.31,20,UPI,Delivered,4.6,201.72
ORD02485,2025-05-27,CUST0354,Mumbai,Mumbai Masala,Pizza,2,318.66,96.1,50,UPI,Delivered,4.8,591.22
ORD00734,2025-05-27,CUST0149,Chennai,Spice Hub,Burgers,4,262.98,16.46,50,Wallet,Returned,4.1,1085.46
ORD02934,2025-05-27,CUST0731,Kochi,Coconut Cafe,Burgers,1,158.28,23.65,20,Wallet,Delivered,4.7,154.63
ORD00361,2025-05-27,CUST0277,Mumbai,Coastal Kitchen,Burgers,3,204.2,77.66,50,Credit Card,Delivered,4.3,584.94
ORD00952,2025-05-27,CUST0239,Mumbai,Coastal Kitchen,Biryani,3,232.47,99.51,30,UPI,Delivered,4.3,627.9
ORD01343,2025-05-27,CUST0778,Mumbai,Coastal Kitchen,North Indian,1,344.83,44.39,30,UPI,Delivered,4.3,330.44
ORD01494,2025-05-27,CUST0055,Bengaluru,South Spice,Chinese,3,280.42,92.33,30,UPI,Delivered,,778.93
ORD00029,2025-05-28,CUST0460,Hyderabad,Deccan Delights,South Indian,2,172.68,39.81,20,Credit Card,Delivered,4.3,325.55
ORD01499,2025-05-28,CUST0069,Chennai,Chennai Bites,South Indian,3,177.03,23.47,20,UPI,Delivered,4.3,527.62
ORD02308,2025-05-28,CUST0300,Mumbai,Mumbai Masala,Biryani,1,217.22,5.32,60,Cash,Delivered,4.4,271.9
ORD00121,2025-05-28,CUST0289,Delhi,Capital Bites,Chinese,1,249.33,31.0,50,Credit Card,Delivered,4.0,268.33
ORD00907,2025-05-28,CUST0126,Kolkata,Biryani Corner,Chinese,3,291.2,57.87,50,Cash,Delivered,4.0,865.73
ORD02887,2025-05-28,CUST0463,Chennai,Dosa House,South Indian,1,142.25,9.49,30,UPI,Delivered,4.8,162.76
ORD02187,2025-05-28,CUST0242,Kochi,Kerala Kitchen,Desserts,2,133.36,9.88,50,UPI,Delivered,4.6,306.84
ORD02913,2025-05-28,CUST0128,Hyderabad,Hyderabad House,Desserts,3,94.59,2.73,50,Wallet,Delivered,4.1,331.04
ORD00322,2025-05-28,CUST0254,Mumbai,Bombay Bites,North Indian,2,357.11,38.05,30,Wallet,Delivered,3.8,706.17
ORD01589,2025-05-28,CUST0490,Hyderabad,Biryani Point,Pizza,2,356.86,59.87,50,UPI,Delivered,3.6,703.85
ORD00638,2025-05-28,CUST0144,Hyderabad,Deccan Delights,North Indian,2,276.78,84.28,40,Debit Card,Delivered,3.9,509.28
ORD00745,2025-05-29,CUST0402,Bengaluru,Tech Tadka,Biryani,1,244.59,13.99,20,UPI,Cancelled,3.7,250.6
ORD02126,2025-05-29,CUST0261,Pune,Marathi Meals,Biryani,1,287.27,45.67,40,Credit Card,Delivered,3.6,281.6
ORD02421,2025-05-29,CUST0160,Chennai,Spice Hub,Pizza,3,356.63,156.06,30,Debit Card,Cancelled,5.0,943.83
ORD02562,2025-05-29,CUST0490,Delhi,Delhi Zaika,Chinese,1,252.93,41.69,30,Debit Card,Delivered,4.3,241.24
ORD00423,2025-05-29,CUST0538,Bengaluru,Garden Kitchen,North Indian,2,311.53,8.73,30,UPI,Delivered,5.0,644.33
ORD01409,2025-05-29,CUST0053,Delhi,Delhi Zaika,Desserts,2,192.27,60.72,30,Credit Card,Delivered,4.0,353.82
ORD01025,2025-05-29,CUST0425,Hyderabad,Biryani Point,Pizza,3,358.99,208.85,20,UPI,Delivered,3.9,888.12
ORD02581,2025-05-29,CUST0675,Pune,Deccan Kitchen,North Indian,2,346.34,8.27,30,UPI,Delivered,3.4,714.41
ORD01322,2025-05-29,CUST0477,Mumbai,Tandoor Tales,South Indian,1,204.16,23.6,30,UPI,Delivered,3.6,210.56
ORD02476,2025-05-29,CUST0058,Bengaluru,Garden Kitchen,South Indian,1,216.19,31.36,30,Credit Card,Cancelled,3.9,214.83
ORD02773,2025-05-30,CUST0408,Delhi,Punjabi Rasoi,Biryani,1,305.26,51.11,40,UPI,Delivered,3.4,294.15
ORD02186,2025-05-30,CUST0693,Kolkata,Biryani Corner,Pizza,2,343.96,30.11,20,UPI,Delivered,4.8,677.81
ORD01794,2025-05-30,CUST0437,Chennai,Dosa House,Biryani,2,285.89,66.02,20,Credit Card,Delivered,5.0,525.76
ORD01817,2025-05-30,CUST0326,Kochi,Kerala Kitchen,Pizza,1,381.55,13.33,30,Debit Card,Delivered,4.1,398.22
ORD01725,2025-05-30,CUST0195,Hyderabad,Hyderabad House,Biryani,1,144.37,20.41,60,Credit Card,Delivered,4.9,183.96
ORD00371,2025-05-30,CUST0049,Chennai,Urban Tiffin,Burgers,1,259.7,36.53,20,UPI,Delivered,2.8,243.17
ORD01615,2025-05-30,CUST0311,Bengaluru,Bengaluru Bowl,Chinese,2,275.09,109.75,20,Debit Card,Delivered,,460.43
ORD00306,2025-05-30,CUST0233,Pune,Marathi Meals,South Indian,3,195.63,109.96,30,UPI,Delivered,4.5,506.93
ORD01501,2025-05-31,CUST0289,Mumbai,Mumbai Masala,Burgers,1,275.91,50.48,20,Debit Card,Delivered,4.4,245.43
ORD02870,2025-05-31,CUST0647,Chennai,Urban Tiffin,North Indian,1,305.62,9.08,40,Credit Card,Delivered,3.6,336.54
ORD02745,2025-05-31,CUST0029,Chennai,Dosa House,Burgers,3,170.29,81.84,20,Debit Card,Delivered,3.7,449.03
ORD01661,2025-05-31,CUST0187,Hyderabad,Deccan Delights,Chinese,2,194.29,54.49,30,Wallet,Delivered,4.4,364.09
ORD02585,2025-05-31,CUST0206,Hyderabad,Biryani Point,Biryani,1,218.8,38.33,40,Wallet,Delivered,3.3,220.47
ORD02537,2025-06-01,CUST0481,Hyderabad,Nawab Kitchen,Biryani,4,305.08,83.95,50,UPI,Delivered,3.7,1186.37
ORD01839,2025-06-01,CUST0705,Hyderabad,Hyderabad House,North Indian,1,339.25,14.34,20,UPI,Cancelled,4.8,344.91
ORD00001,2025-06-01,CUST0103,Mumbai,Coastal Kitchen,Biryani,1,284.02,43.14,30,Debit Card,Delivered,3.9,270.88
ORD00723,2025-06-01,CUST0191,Chennai,Urban Tiffin,Burgers,2,147.55,51.13,30,UPI,Returned,3.9,273.97
ORD00146,2025-06-01,CUST0005,Kochi,Coconut Cafe,Chinese,2,317.29,90.09,20,Credit Card,Delivered,4.3,564.49
ORD00813,2025-06-01,CUST0461,Delhi,Punjabi Rasoi,Burgers,3,236.76,1.96,30,UPI,Delivered,2.6,738.32
ORD00085,2025-06-01,CUST0202,Delhi,Delhi Zaika,Chinese,2,271.98,2.06,40,UPI,Delivered,4.7,581.9
ORD01766,2025-06-02,CUST0168,Mumbai,Mumbai Masala,North Indian,1,309.45,43.96,50,UPI,Delivered,3.4,315.49
ORD01086,2025-06-02,CUST0140,Hyderabad,Nawab Kitchen,South Indian,1,210.36,5.0,40,UPI,Delivered,2.8,245.36
ORD01427,2025-06-02,CUST0552,Delhi,Capital Bites,Burgers,2,265.82,21.87,40,Credit Card,Delivered,4.3,549.77
ORD01772,2025-06-02,CUST0781,Hyderabad,Biryani Point,Pizza,3,356.49,106.13,50,Wallet,Delivered,3.5,1013.34
ORD02113,2025-06-02,CUST0381,Bengaluru,South Spice,Biryani,1,346.47,45.37,40,UPI,Delivered,4.3,341.1
ORD00542,2025-06-02,CUST0325,Kolkata,Kolkata Kitchen,Healthy Food,3,367.13,61.41,30,UPI,Delivered,3.5,1069.98
ORD00471,2025-06-02,CUST0636,Mumbai,Tandoor Tales,Desserts,1,173.21,18.3,20,UPI,Delivered,4.8,174.91
ORD00660,2025-06-03,CUST0733,Kochi,Kerala Kitchen,North Indian,2,386.22,145.25,20,Debit Card,Delivered,4.5,647.19
ORD01217,2025-06-03,CUST0254,Hyderabad,Deccan Delights,Pizza,1,263.39,2.02,40,UPI,Delivered,3.8,301.37
ORD01582,2025-06-03,CUST0727,Pune,Deccan Kitchen,Biryani,2,341.07,37.8,20,Wallet,Delivered,5.0,664.34
ORD00187,2025-06-03,CUST0340,Pune,Deccan Kitchen,Healthy Food,1,197.95,21.15,20,UPI,Delivered,3.0,196.8
ORD01303,2025-06-03,CUST0342,Delhi,Punjabi Rasoi,South Indian,1,108.19,1.39,30,Cash,Delivered,4.4,136.8
ORD00368,2025-06-03,CUST0516,Pune,Deccan Kitchen,South Indian,1,162.47,17.17,20,Debit Card,Delivered,4.1,165.3
ORD00934,2025-06-03,CUST0682,Pune,Marathi Meals,Chinese,2,267.83,98.34,30,Debit Card,Returned,4.6,467.32
ORD00275,2025-06-03,CUST0403,Delhi,Punjabi Rasoi,Chinese,1,232.58,5.38,30,Credit Card,Delivered,4.4,257.2
ORD01610,2025-06-03,CUST0016,Hyderabad,Deccan Delights,Chinese,1,293.48,11.43,50,Credit Card,Returned,4.6,332.05
ORD00124,2025-06-03,CUST0490,Bengaluru,Tech Tadka,Healthy Food,1,322.08,32.51,50,Credit Card,Delivered,4.6,339.57
ORD01331,2025-06-03,CUST0175,Chennai,Chennai Bites,North Indian,1,339.31,22.89,50,Debit Card,Delivered,4.5,366.42
ORD00755,2025-06-03,CUST0259,Bengaluru,Garden Kitchen,North Indian,1,181.74,33.18,40,UPI,Cancelled,4.4,188.56
ORD01263,2025-06-04,CUST0137,Pune,Marathi Meals,Burgers,1,265.82,40.71,20,UPI,Delivered,3.2,245.11
ORD02201,2025-06-04,CUST0428,Hyderabad,Biryani Point,South Indian,1,106.07,10.07,50,Cash,Delivered,3.7,146.0
ORD02137,2025-06-04,CUST0630,Pune,Cafe Central,Desserts,1,192.83,2.64,40,UPI,Delivered,5.0,230.19
ORD02449,2025-06-04,CUST0167,Chennai,Urban Tiffin,Biryani,3,313.88,151.98,60,Credit Card,Delivered,3.9,849.66
ORD00581,2025-06-04,CUST0115,Kochi,Kerala Kitchen,Pizza,3,373.09,54.07,50,UPI,Delivered,4.7,1115.2
ORD01273,2025-06-04,CUST0075,Chennai,Dosa House,Healthy Food,1,345.21,30.01,20,UPI,Delivered,3.6,335.2
ORD00661,2025-06-04,CUST0235,Chennai,Dosa House,Biryani,3,183.68,79.28,50,UPI,Delivered,3.5,521.76
ORD00947,2025-06-05,CUST0794,Pune,Marathi Meals,Chinese,2,266.32,55.96,20,Debit Card,Delivered,4.3,496.68
ORD00631,2025-06-05,CUST0796,Kochi,Coconut Cafe,Chinese,2,211.17,10.68,50,Debit Card,Delivered,4.1,461.66
ORD00292,2025-06-05,CUST0263,Kochi,Malabar Bites,North Indian,3,380.43,196.25,30,UPI,Delivered,4.3,975.04
ORD01197,2025-06-05,CUST0696,Chennai,Urban Tiffin,Biryani,3,289.98,44.86,20,Wallet,Delivered,3.9,845.08
ORD02027,2025-06-05,CUST0014,Mumbai,Coastal Kitchen,Chinese,1,357.57,1.37,30,Credit Card,Delivered,4.3,386.2
ORD00319,2025-06-05,CUST0420,Mumbai,Tandoor Tales,South Indian,1,214.87,13.57,40,UPI,Delivered,4.0,241.3
ORD01070,2025-06-05,CUST0194,Mumbai,Tandoor Tales,North Indian,1,305.23,43.64,60,UPI,Delivered,4.8,321.59
ORD00616,2025-06-05,CUST0062,Chennai,Spice Hub,North Indian,1,210.51,9.39,30,Debit Card,Delivered,3.7,231.12
ORD02404,2025-06-05,CUST0676,Delhi,Punjabi Rasoi,Biryani,1,316.83,19.11,20,Cash,Delivered,3.1,317.72
ORD02172,2025-06-05,CUST0797,Hyderabad,Deccan Delights,Burgers,2,264.37,27.21,40,Credit Card,Delivered,3.6,541.53
ORD01251,2025-06-05,CUST0613,Delhi,Punjabi Rasoi,Healthy Food,2,306.74,70.25,30,Credit Card,Delivered,3.6,573.23
ORD01889,2025-06-05,CUST0303,Delhi,Delhi Zaika,Healthy Food,1,468.07,21.13,60,UPI,Delivered,3.6,506.94
ORD02482,2025-06-05,CUST0770,Bengaluru,Garden Kitchen,Chinese,2,217.11,78.17,30,Cash,Delivered,4.0,386.05
ORD00640,2025-06-06,CUST0099,Delhi,Capital Bites,Pizza,3,352.69,72.04,40,Cash,Delivered,4.6,1026.03
ORD01585,2025-06-06,CUST0223,Pune,Pune Pantry,South Indian,1,216.18,33.03,30,Credit Card,Delivered,3.8,213.15
ORD01557,2025-06-06,CUST0537,Chennai,Chennai Bites,Pizza,4,408.79,222.25,30,Wallet,Delivered,4.9,1442.91
ORD00452,2025-06-06,CUST0692,Mumbai,Coastal Kitchen,North Indian,1,303.59,55.74,30,Wallet,Delivered,3.3,277.85
ORD01112,2025-06-06,CUST0550,Chennai,Chennai Bites,Pizza,4,428.91,72.09,20,Debit Card,Returned,3.2,1663.55
ORD00946,2025-06-06,CUST0073,Chennai,Spice Hub,South Indian,1,187.45,22.49,20,UPI,Delivered,3.4,184.96
ORD02561,2025-06-07,CUST0244,Chennai,Spice Hub,Biryani,1,252.65,46.51,40,Wallet,Delivered,2.9,246.14
ORD00890,2025-06-07,CUST0106,Delhi,Delhi Zaika,Biryani,1,300.58,22.19,30,UPI,Delivered,2.9,308.39
ORD00416,2025-06-07,CUST0393,Kochi,Coastal Treats,North Indian,1,321.99,26.81,20,Debit Card,Cancelled,4.3,315.18
ORD00546,2025-06-07,CUST0336,Bengaluru,Garden Kitchen,Desserts,4,89.05,11.55,50,Debit Card,Cancelled,3.4,394.65
ORD00259,2025-06-07,CUST0280,Bengaluru,Bengaluru Bowl,North Indian,1,316.81,13.78,30,UPI,Delivered,3.8,333.03
ORD02727,2025-06-08,CUST0733,Bengaluru,Garden Kitchen,Burgers,1,230.02,4.17,50,UPI,Delivered,4.2,275.85
ORD02935,2025-06-08,CUST0066,Chennai,Spice Hub,Burgers,2,132.13,31.65,20,UPI,Delivered,3.9,252.61
ORD01155,2025-06-08,CUST0422,Pune,Marathi Meals,Chinese,1,260.66,32.16,40,Credit Card,Delivered,,268.5
ORD01959,2025-06-08,CUST0729,Bengaluru,Tech Tadka,Biryani,2,333.04,16.19,30,Credit Card,Delivered,4.2,679.89
ORD01806,2025-06-09,CUST0046,Kochi,Coconut Cafe,North Indian,1,252.66,6.7,40,Cash,Delivered,3.8,285.96
ORD00908,2025-06-09,CUST0747,Hyderabad,Nawab Kitchen,Pizza,2,221.02,6.23,40,UPI,Cancelled,4.0,475.81
ORD01101,2025-06-09,CUST0172,Bengaluru,Bengaluru Bowl,Biryani,1,388.37,48.3,20,UPI,Delivered,3.5,360.07
ORD02343,2025-06-09,CUST0144,Pune,Cafe Central,Biryani,1,265.5,26.73,30,UPI,Delivered,4.7,268.77
ORD01276,2025-06-09,CUST0475,Chennai,Dosa House,Biryani,1,233.74,31.99,40,UPI,Delivered,4.9,241.75
ORD00118,2025-06-09,CUST0392,Bengaluru,South Spice,South Indian,3,164.61,86.51,60,Cash,Delivered,4.3,467.32
ORD00625,2025-06-09,CUST0396,Kolkata,Biryani Corner,Desserts,1,175.54,30.5,30,Wallet,Delivered,4.7,175.04
ORD02040,2025-06-10,CUST0733,Hyderabad,Nawab Kitchen,North Indian,1,351.03,30.47,30,Credit Card,Delivered,3.4,350.56
ORD01674,2025-06-10,CUST0564,Delhi,Delhi Zaika,Healthy Food,1,360.4,46.67,20,Wallet,Delivered,4.2,333.73
ORD00554,2025-06-10,CUST0675,Mumbai,Tandoor Tales,North Indian,1,202.94,25.7,20,UPI,Delivered,4.2,197.24
ORD00138,2025-06-10,CUST0684,Mumbai,Bombay Bites,Chinese,1,284.93,21.17,20,UPI,Delivered,4.3,283.76
ORD01166,2025-06-10,CUST0198,Kochi,Coastal Treats,Desserts,1,143.27,26.81,20,Credit Card,Delivered,3.6,136.46
ORD00026,2025-06-10,CUST0192,Mumbai,Coastal Kitchen,Biryani,3,308.08,168.96,50,Debit Card,Delivered,4.8,805.28
ORD00392,2025-06-10,CUST0116,Pune,Marathi Meals,Biryani,1,261.72,33.39,50,Credit Card,Delivered,3.8,278.33
ORD01189,2025-06-10,CUST0598,Delhi,Delhi Zaika,Pizza,1,255.74,16.74,50,Wallet,Delivered,3.8,289.0
ORD00261,2025-06-11,CUST0198,Bengaluru,Garden Kitchen,Biryani,1,374.6,68.5,30,Cash,Delivered,4.0,336.1
ORD01826,2025-06-11,CUST0335,Chennai,Urban Tiffin,Biryani,1,249.66,20.99,50,UPI,Delivered,3.2,278.67
ORD00694,2025-06-11,CUST0132,Kochi,Malabar Bites,Chinese,2,341.71,122.68,30,Wallet,Delivered,4.2,590.74
ORD01016,2025-06-11,CUST0111,Hyderabad,Deccan Delights,Pizza,2,317.05,83.55,30,Wallet,Delivered,3.8,580.55
ORD02625,2025-06-11,CUST0130,Bengaluru,South Spice,Biryani,1,251.96,35.54,60,UPI,Delivered,3.8,276.42
ORD00954,2025-06-11,CUST0350,Kolkata,Biryani Corner,Chinese,3,270.14,78.27,20,Debit Card,Delivered,3.8,752.15
ORD02549,2025-06-11,CUST0407,Delhi,Delhi Zaika,Burgers,1,198.12,37.65,60,Debit Card,Delivered,3.9,220.47
ORD01416,2025-06-11,CUST0158,Delhi,Street Feast,Pizza,1,365.85,38.82,30,Cash,Delivered,4.1,357.03
ORD00463,2025-06-11,CUST0103,Mumbai,Tandoor Tales,North Indian,1,300.16,38.28,20,Credit Card,Delivered,3.8,281.88
ORD00868,2025-06-11,CUST0229,Delhi,Street Feast,Healthy Food,3,285.64,125.07,50,Credit Card,Delivered,3.1,781.85
ORD01083,2025-06-11,CUST0225,Kolkata,Kolkata Kitchen,Biryani,2,362.72,33.49,30,UPI,Delivered,4.5,721.95
ORD01480,2025-06-11,CUST0794,Pune,Deccan Kitchen,Chinese,2,198.79,70.51,50,UPI,Delivered,3.6,377.07
ORD00296,2025-06-12,CUST0624,Delhi,Delhi Zaika,Biryani,1,216.9,19.6,20,Debit Card,Delivered,3.7,217.3
ORD02080,2025-06-12,CUST0740,Pune,Pune Pantry,North Indian,1,332.28,41.37,20,Credit Card,Delivered,3.4,310.91
ORD02936,2025-06-12,CUST0112,Kolkata,Bengal Feast,Desserts,2,147.59,22.31,40,UPI,Delivered,4.6,312.87
ORD02667,2025-06-12,CUST0690,Pune,Cafe Central,North Indian,1,216.96,2.86,40,Cash,Delivered,4.8,254.1
ORD02048,2025-06-12,CUST0662,Bengaluru,Garden Kitchen,Chinese,1,231.92,25.09,30,UPI,Delivered,4.4,236.83
ORD00780,2025-06-12,CUST0502,Kolkata,Bengal Feast,Chinese,4,384.89,119.95,50,Credit Card,Delivered,4.1,1469.61
ORD01054,2025-06-12,CUST0040,Mumbai,Bombay Bites,Healthy Food,2,295.12,78.33,50,UPI,Delivered,2.6,561.91
ORD00092,2025-06-12,CUST0702,Chennai,Dosa House,Biryani,1,269.9,26.69,20,Debit Card,Cancelled,4.6,263.21
ORD00820,2025-06-12,CUST0518,Pune,Deccan Kitchen,Biryani,1,256.12,36.66,50,Debit Card,Delivered,4.0,269.46
ORD02692,2025-06-12,CUST0661,Pune,Pune Pantry,Healthy Food,2,261.26,33.49,60,Cash,Delivered,3.8,549.03
ORD02543,2025-06-12,CUST0341,Bengaluru,South Spice,Chinese,1,270.29,23.12,40,Debit Card,Delivered,3.9,287.17
ORD02657,2025-06-12,CUST0552,Bengaluru,South Spice,Biryani,4,336.19,21.07,40,Debit Card,Delivered,4.1,1363.69
ORD01284,2025-06-12,CUST0664,Bengaluru,South Spice,South Indian,1,140.69,1.26,20,Wallet,Delivered,4.5,159.43
ORD00388,2025-06-13,CUST0181,Chennai,Urban Tiffin,Chinese,2,292.31,27.98,40,UPI,Delivered,4.4,596.64
ORD02704,2025-06-13,CUST0173,Kochi,Malabar Bites,Chinese,1,218.09,39.95,30,Debit Card,Delivered,4.3,208.14
ORD01354,2025-06-13,CUST0008,Hyderabad,Deccan Delights,Chinese,2,287.44,58.29,30,UPI,Cancelled,5.0,546.59
ORD00221,2025-06-13,CUST0113,Delhi,Street Feast,North Indian,1,299.28,37.09,30,UPI,Delivered,4.6,292.19
ORD00733,2025-06-13,CUST0173,Delhi,Punjabi Rasoi,North Indian,2,262.08,73.8,30,Cash,Returned,4.4,480.36
ORD01685,2025-06-13,CUST0107,Kolkata,East Spice,Biryani,1,232.43,23.16,50,UPI,Delivered,3.7,259.27
ORD00843,2025-06-13,CUST0488,Delhi,Capital Bites,Desserts,1,191.16,19.85,50,UPI,Cancelled,3.5,221.31
ORD02497,2025-06-13,CUST0311,Delhi,Delhi Zaika,Biryani,1,196.78,0.29,20,UPI,Delivered,3.3,216.49
ORD01628,2025-06-13,CUST0039,Bengaluru,Bengaluru Bowl,Healthy Food,1,278.17,0.26,30,Credit Card,Returned,4.5,307.91
ORD02891,2025-06-13,CUST0607,Kolkata,Bengal Feast,North Indian,1,351.14,10.96,20,Debit Card,Delivered,4.2,360.18
ORD02043,2025-06-14,CUST0695,Mumbai,Tandoor Tales,Pizza,3,402.99,157.72,40,Wallet,Delivered,,1091.25
ORD00726,2025-06-14,CUST0409,Pune,Pune Pantry,South Indian,1,130.39,0.27,30,Cash,Delivered,3.0,160.12
ORD01803,2025-06-14,CUST0295,Bengaluru,South Spice,Burgers,1,209.5,5.03,30,Debit Card,Delivered,3.5,234.47
ORD02883,2025-06-14,CUST0466,Mumbai,Coastal Kitchen,Chinese,1,177.59,22.57,30,UPI,Delivered,,185.02
ORD00127,2025-06-14,CUST0028,Kolkata,Biryani Corner,Chinese,1,228.13,26.81,30,UPI,Delivered,4.8,231.32
ORD00692,2025-06-14,CUST0217,Kochi,Coastal Treats,Burgers,2,155.76,19.67,30,Debit Card,Delivered,4.4,321.85
ORD02922,2025-06-14,CUST0261,Hyderabad,Deccan Delights,South Indian,4,143.46,107.77,20,Credit Card,Delivered,4.5,486.07
ORD01047,2025-06-14,CUST0350,Delhi,Punjabi Rasoi,Desserts,1,148.2,16.67,40,Wallet,Delivered,3.8,171.53
ORD00585,2025-06-15,CUST0626,Delhi,Street Feast,South Indian,3,183.23,48.26,40,UPI,Delivered,4.3,541.43
ORD02090,2025-06-15,CUST0637,Hyderabad,Hyderabad House,Biryani,2,311.1,78.24,20,Credit Card,Delivered,,563.96
ORD01009,2025-06-15,CUST0394,Hyderabad,Hyderabad House,Pizza,1,308.33,26.49,20,Credit Card,Delivered,3.6,301.84
ORD02653,2025-06-15,CUST0609,Mumbai,Bombay Bites,South Indian,2,145.0,28.52,30,Wallet,Delivered,4.8,291.48
ORD02022,2025-06-15,CUST0022,Bengaluru,Tech Tadka,Desserts,1,161.8,10.58,40,UPI,Delivered,4.3,191.22
ORD02642,2025-06-15,CUST0083,Delhi,Punjabi Rasoi,Pizza,2,350.47,29.45,50,UPI,Delivered,4.6,721.49
ORD02132,2025-06-15,CUST0303,Chennai,Spice Hub,Pizza,1,432.81,52.09,40,Credit Card,Delivered,4.5,420.72
ORD01638,2025-06-15,CUST0239,Delhi,Punjabi Rasoi,Pizza,1,348.72,3.37,40,Cash,Delivered,3.5,385.35
ORD02269,2025-06-15,CUST0397,Chennai,Dosa House,Healthy Food,1,439.31,72.58,30,Credit Card,Delivered,4.0,396.73
ORD02170,2025-06-15,CUST0020,Hyderabad,Deccan Delights,Chinese,3,220.11,1.68,30,Credit Card,Delivered,3.3,688.65
ORD02991,2025-06-15,CUST0536,Bengaluru,Bengaluru Bowl,Biryani,3,212.37,53.67,40,UPI,Delivered,3.6,623.44
ORD01580,2025-06-15,CUST0688,Mumbai,Bombay Bites,South Indian,1,155.05,23.31,50,UPI,Delivered,4.3,181.74
ORD00629,2025-06-16,CUST0265,Bengaluru,Garden Kitchen,Burgers,2,270.55,105.74,60,Debit Card,Delivered,3.2,495.36
ORD00210,2025-06-16,CUST0677,Mumbai,Mumbai Masala,Chinese,1,295.68,39.35,30,Cash,Delivered,4.3,286.33
ORD02303,2025-06-16,CUST0665,Delhi,Street Feast,Burgers,1,244.63,20.96,30,,Delivered,4.4,253.67
ORD01445,2025-06-16,CUST0128,Kolkata,East Spice,North Indian,2,268.41,59.98,40,UPI,Delivered,4.9,516.84
ORD00172,2025-06-16,CUST0525,Chennai,Urban Tiffin,South Indian,4,161.09,58.52,30,UPI,Delivered,5.0,615.84
ORD01832,2025-06-16,CUST0242,Hyderabad,Nawab Kitchen,Pizza,2,373.16,131.36,20,Wallet,Delivered,4.6,634.96
ORD01536,2025-06-16,CUST0524,Mumbai,Mumbai Masala,Desserts,4,150.08,40.65,40,UPI,Delivered,4.0,599.67
ORD00198,2025-06-17,CUST0377,Chennai,Spice Hub,Burgers,2,226.31,78.76,40,UPI,Delivered,3.7,413.86
ORD01658,2025-06-17,CUST0399,Delhi,Punjabi Rasoi,Pizza,1,422.04,29.85,40,Credit Card,Delivered,3.9,432.19
ORD01715,2025-06-17,CUST0329,Hyderabad,Nawab Kitchen,Biryani,1,341.13,63.04,40,Cash,Delivered,5.0,318.09
ORD00529,2025-06-17,CUST0357,Kochi,Kerala Kitchen,Burgers,1,257.62,11.24,30,Debit Card,Delivered,4.2,276.38
ORD01379,2025-06-17,CUST0182,Hyderabad,Hyderabad House,Burgers,1,141.27,19.68,20,Cash,Delivered,3.8,141.59
ORD01486,2025-06-17,CUST0512,Hyderabad,Deccan Delights,Healthy Food,2,443.75,97.08,30,UPI,Delivered,4.0,820.42
ORD01450,2025-06-18,CUST0017,Kochi,Coastal Treats,Chinese,4,285.28,72.04,50,UPI,Delivered,4.3,1119.08
ORD00812,2025-06-18,CUST0689,Bengaluru,South Spice,Pizza,1,280.08,45.82,20,UPI,Delivered,3.8,254.26
ORD00152,2025-06-18,CUST0393,Pune,Pune Pantry,Pizza,2,264.32,18.83,50,Debit Card,Delivered,4.4,559.81
ORD01370,2025-06-18,CUST0096,Pune,Pune Pantry,South Indian,1,196.75,16.05,20,Credit Card,Delivered,3.5,200.7
ORD01199,2025-06-18,CUST0157,Hyderabad,Deccan Delights,Biryani,1,319.6,49.08,40,,Delivered,4.3,310.52
ORD01391,2025-06-18,CUST0548,Kochi,Kerala Kitchen,Burgers,1,263.67,30.31,20,UPI,Delivered,3.7,253.36
ORD01565,2025-06-18,CUST0047,Bengaluru,South Spice,Healthy Food,1,379.36,33.25,20,Cash,Cancelled,3.4,366.11
ORD01656,2025-06-19,CUST0705,Bengaluru,Garden Kitchen,Biryani,1,242.56,0.6,20,UPI,Delivered,4.1,261.96
ORD02131,2025-06-19,CUST0301,Kochi,Coconut Cafe,Healthy Food,1,383.92,29.42,20,Cash,Delivered,3.6,374.5
ORD00674,2025-06-19,CUST0170,Chennai,Urban Tiffin,South Indian,1,155.51,25.48,40,Cash,Delivered,3.4,170.03
ORD01991,2025-06-19,CUST0686,Delhi,Capital Bites,Pizza,1,435.29,78.24,40,UPI,Delivered,5.0,397.05
ORD01078,2025-06-19,CUST0326,Kochi,Kerala Kitchen,South Indian,2,268.5,81.11,30,UPI,Delivered,4.3,485.89
ORD01255,2025-06-19,CUST0420,Hyderabad,Hyderabad House,South Indian,2,184.64,67.56,40,Credit Card,Delivered,3.9,341.72
ORD02743,2025-06-20,CUST0572,Chennai,Urban Tiffin,Chinese,1,281.91,12.99,40,UPI,Delivered,5.0,308.92
ORD01878,2025-06-20,CUST0687,Kolkata,Biryani Corner,South Indian,2,242.32,10.83,40,UPI,Delivered,2.9,513.81
ORD01253,2025-06-20,CUST0346,Hyderabad,Hyderabad House,Biryani,2,272.86,83.66,40,Debit Card,Delivered,4.2,502.06
ORD00803,2025-06-20,CUST0146,Hyderabad,Hyderabad House,Healthy Food,2,272.63,101.02,30,UPI,Delivered,3.5,474.24
ORD01062,2025-06-20,CUST0075,Bengaluru,Tech Tadka,Biryani,1,337.47,57.3,30,UPI,Delivered,4.5,310.17
ORD02419,2025-06-20,CUST0419,Kochi,Coastal Treats,North Indian,1,375.17,64.86,40,Credit Card,Delivered,4.1,350.31
ORD02459,2025-06-20,CUST0070,Delhi,Capital Bites,Pizza,1,348.99,4.74,30,Debit Card,Delivered,3.7,374.25
ORD02978,2025-06-20,CUST0119,Chennai,Urban Tiffin,South Indian,3,261.53,113.26,30,UPI,Delivered,4.1,701.33
ORD02726,2025-06-20,CUST0745,Delhi,Capital Bites,North Indian,4,158.53,91.19,20,UPI,Delivered,3.6,562.93
ORD02110,2025-06-20,CUST0553,Kochi,Malabar Bites,Pizza,1,533.5,55.97,30,Credit Card,Delivered,4.1,507.53
ORD00617,2025-06-21,CUST0596,Hyderabad,Nawab Kitchen,South Indian,1,136.69,22.94,40,UPI,Delivered,4.6,153.75
ORD00428,2025-06-21,CUST0685,Delhi,Street Feast,Desserts,1,114.05,4.45,40,UPI,Delivered,3.7,149.6
ORD02744,2025-06-22,CUST0560,Delhi,Street Feast,Biryani,1,246.32,24.29,20,UPI,Delivered,5.0,242.03
ORD01014,2025-06-22,CUST0111,Bengaluru,Garden Kitchen,Biryani,1,242.72,39.84,50,Debit Card,Delivered,3.1,252.88
ORD01293,2025-06-22,CUST0662,Delhi,Street Feast,North Indian,2,386.65,90.8,20,UPI,Delivered,4.0,702.5
ORD02818,2025-06-22,CUST0119,Mumbai,Tandoor Tales,Desserts,2,167.01,4.11,30,Credit Card,Delivered,4.3,359.91
ORD01267,2025-06-22,CUST0117,Pune,Deccan Kitchen,Biryani,2,191.63,43.99,20,Wallet,Delivered,4.5,359.27
ORD00377,2025-06-22,CUST0477,Mumbai,Tandoor Tales,Burgers,3,131.97,63.91,30,Debit Card,Delivered,4.1,362.0
ORD00010,2025-06-22,CUST0467,Mumbai,Bombay Bites,Chinese,1,161.63,2.33,50,UPI,Delivered,,209.3
ORD01927,2025-06-22,CUST0527,Chennai,Dosa House,Pizza,2,456.73,94.73,20,Debit Card,Returned,3.1,838.73
ORD02026,2025-06-22,CUST0700,Chennai,Urban Tiffin,Pizza,3,286.63,126.87,40,UPI,Delivered,3.7,773.02
ORD00858,2025-06-22,CUST0054,Pune,Marathi Meals,South Indian,1,165.11,30.48,60,Debit Card,Delivered,5.0,194.63
ORD00741,2025-06-22,CUST0227,Pune,Marathi Meals,South Indian,2,219.9,47.29,40,UPI,Delivered,3.9,432.51
ORD01688,2025-06-23,CUST0753,Bengaluru,Tech Tadka,Chinese,1,220.2,36.9,40,Credit Card,Delivered,5.0,223.3
ORD01156,2025-06-23,CUST0023,Delhi,Street Feast,South Indian,1,184.12,10.67,60,Wallet,Delivered,3.7,233.45
ORD00078,2025-06-23,CUST0772,Delhi,Street Feast,Desserts,2,130.94,36.05,60,Wallet,Delivered,4.9,285.83
ORD02396,2025-06-23,CUST0050,Pune,Pune Pantry,Chinese,2,264.32,7.29,40,Debit Card,Delivered,3.3,561.35
ORD00439,2025-06-23,CUST0800,Mumbai,Mumbai Masala,Biryani,1,181.08,10.49,40,Debit Card,Delivered,4.9,210.59
ORD00544,2025-06-23,CUST0016,Chennai,Urban Tiffin,North Indian,1,250.6,31.61,30,UPI,Delivered,4.2,248.99
ORD02867,2025-06-24,CUST0302,Pune,Pune Pantry,Burgers,3,143.4,46.37,40,UPI,Delivered,3.7,423.83
ORD01463,2025-06-24,CUST0610,Hyderabad,Deccan Delights,Biryani,2,344.21,47.42,20,UPI,Delivered,4.1,661.0
ORD01080,2025-06-24,CUST0118,Delhi,Punjabi Rasoi,South Indian,1,178.52,9.07,50,UPI,Delivered,4.5,219.45
ORD02647,2025-06-24,CUST0190,Delhi,Delhi Zaika,South Indian,1,209.47,33.76,30,UPI,Delivered,4.8,205.71
ORD01848,2025-06-24,CUST0285,Delhi,Delhi Zaika,Healthy Food,2,222.48,43.11,40,Credit Card,Delivered,3.5,441.85
ORD00549,2025-06-24,CUST0497,Chennai,Chennai Bites,Chinese,1,318.21,61.22,40,Debit Card,Cancelled,4.6,296.99
ORD01843,2025-06-24,CUST0210,Delhi,Punjabi Rasoi,South Indian,1,223.87,39.57,30,UPI,Delivered,4.4,214.3
ORD00970,2025-06-24,CUST0526,Pune,Deccan Kitchen,Pizza,1,278.13,53.44,20,Cash,Cancelled,5.0,244.69
ORD01072,2025-06-24,CUST0392,Hyderabad,Hyderabad House,Desserts,1,136.87,27.18,20,Credit Card,Delivered,3.7,129.69
ORD00776,2025-06-24,CUST0732,Pune,Deccan Kitchen,Burgers,2,142.19,45.14,30,Credit Card,Delivered,4.6,269.24
ORD01148,2025-06-24,CUST0296,Pune,Pune Pantry,Pizza,3,456.06,250.0,40,Debit Card,Delivered,4.4,1158.18
ORD02792,2025-06-24,CUST0442,Bengaluru,Tech Tadka,Pizza,1,298.37,48.08,20,UPI,Delivered,4.2,270.29
ORD02548,2025-06-24,CUST0702,Pune,Pune Pantry,Healthy Food,1,304.5,26.66,20,UPI,Delivered,4.9,297.84
ORD02298,2025-06-25,CUST0450,Bengaluru,Bengaluru Bowl,South Indian,4,106.8,52.74,40,Cash,Delivered,3.3,414.46
ORD00244,2025-06-25,CUST0130,Hyderabad,Biryani Point,South Indian,4,170.68,28.05,20,UPI,Delivered,3.9,674.67
ORD00305,2025-06-25,CUST0009,Kochi,Kerala Kitchen,South Indian,1,146.69,21.22,30,Cash,Delivered,4.3,155.47
ORD02055,2025-06-25,CUST0755,Chennai,Chennai Bites,Chinese,1,371.76,4.3,40,UPI,Delivered,4.4,407.46
ORD00647,2025-06-25,CUST0144,Pune,Marathi Meals,Biryani,2,360.98,129.69,20,UPI,Delivered,3.5,612.27
ORD02555,2025-06-25,CUST0419,Bengaluru,South Spice,Chinese,3,278.54,86.28,40,UPI,Cancelled,4.2,789.34
ORD02070,2025-06-25,CUST0532,Pune,Cafe Central,Healthy Food,1,379.0,73.6,20,UPI,Cancelled,3.9,325.4
ORD01637,2025-06-25,CUST0748,Delhi,Punjabi Rasoi,Pizza,2,447.05,159.75,40,Cash,Delivered,4.2,774.35
ORD02495,2025-06-26,CUST0287,Hyderabad,Biryani Point,Burgers,3,277.48,120.29,30,Debit Card,Delivered,4.1,742.15
ORD00548,2025-06-26,CUST0258,Hyderabad,Hyderabad House,North Indian,2,292.34,77.11,50,Debit Card,Delivered,3.3,557.57
ORD00489,2025-06-26,CUST0634,Hyderabad,Deccan Delights,North Indian,1,268.33,24.76,40,UPI,Delivered,3.5,283.57
ORD00154,2025-06-26,CUST0015,Kochi,Malabar Bites,South Indian,1,212.72,14.44,30,UPI,Delivered,4.5,228.28
ORD01781,2025-06-26,CUST0422,Pune,Deccan Kitchen,South Indian,1,189.23,8.25,20,UPI,Delivered,4.6,200.98
ORD02368,2025-06-26,CUST0452,Chennai,Urban Tiffin,Pizza,2,251.24,82.85,50,UPI,Delivered,4.2,469.63
ORD00960,2025-06-26,CUST0257,Hyderabad,Hyderabad House,Burgers,3,178.26,25.06,30,Debit Card,Delivered,3.9,539.72
ORD01568,2025-06-26,CUST0016,Mumbai,Coastal Kitchen,Biryani,1,270.78,45.49,30,UPI,Delivered,4.6,255.29
ORD00139,2025-06-27,CUST0726,Bengaluru,Bengaluru Bowl,Chinese,2,319.36,106.18,40,UPI,Delivered,4.1,572.54
ORD02012,2025-06-27,CUST0318,Kochi,Coastal Treats,Biryani,1,262.23,44.08,40,UPI,Delivered,3.6,258.15
ORD02054,2025-06-27,CUST0714,Mumbai,Coastal Kitchen,Desserts,4,152.82,83.09,20,Debit Card,Delivered,2.6,548.19
ORD00114,2025-06-27,CUST0063,Pune,Marathi Meals,Biryani,1,266.7,11.09,50,Debit Card,Delivered,3.4,305.61
ORD00213,2025-06-27,CUST0684,Kolkata,Biryani Corner,Biryani,2,259.14,86.16,50,Credit Card,Delivered,4.3,482.12
ORD01643,2025-06-27,CUST0389,Pune,Pune Pantry,North Indian,2,287.74,91.96,50,Debit Card,Delivered,3.4,533.52
ORD00910,2025-06-27,CUST0752,Kochi,Malabar Bites,Biryani,1,252.03,36.14,30,UPI,Delivered,4.2,245.89
ORD01511,2025-06-28,CUST0365,Kochi,Malabar Bites,Desserts,3,176.92,12.26,50,Debit Card,Delivered,3.8,568.5
ORD00964,2025-06-28,CUST0692,Hyderabad,Nawab Kitchen,South Indian,2,227.11,67.42,20,Wallet,Delivered,4.0,406.8
ORD00453,2025-06-28,CUST0682,Mumbai,Mumbai Masala,South Indian,4,222.36,61.44,40,UPI,Delivered,3.8,868.0
ORD01694,2025-06-28,CUST0054,Delhi,Capital Bites,Biryani,1,343.87,6.61,40,Debit Card,Delivered,4.6,377.26
ORD02207,2025-06-28,CUST0336,Hyderabad,Hyderabad House,North Indian,2,226.97,18.59,50,Cash,Delivered,3.6,485.35
ORD01385,2025-06-28,CUST0673,Pune,Deccan Kitchen,Biryani,1,217.79,19.48,40,UPI,Delivered,4.1,238.31
ORD00772,2025-06-28,CUST0698,Mumbai,Mumbai Masala,Chinese,2,258.77,93.6,40,Debit Card,Delivered,3.9,463.94
ORD00297,2025-06-29,CUST0572,Chennai,Dosa House,Burgers,3,206.17,89.67,50,Debit Card,Returned,3.4,578.84
ORD02428,2025-06-29,CUST0254,Bengaluru,South Spice,Pizza,1,346.57,49.15,20,Cash,Delivered,4.6,317.42
ORD02432,2025-06-29,CUST0597,Kolkata,Bengal Feast,Healthy Food,1,366.48,14.28,50,Cash,Delivered,3.7,402.2
ORD02905,2025-06-29,CUST0630,Pune,Cafe Central,North Indian,2,272.68,107.96,20,UPI,Returned,4.2,457.4
ORD02873,2025-06-29,CUST0736,Mumbai,Mumbai Masala,South Indian,1,183.81,1.74,40,UPI,Delivered,4.6,222.07
ORD02591,2025-06-29,CUST0253,Kolkata,East Spice,North Indian,3,323.71,110.78,50,UPI,Delivered,4.8,910.35
ORD01360,2025-06-30,CUST0054,Mumbai,Tandoor Tales,Burgers,1,200.36,0.93,50,Debit Card,Delivered,4.0,249.43
ORD01906,2025-06-30,CUST0492,Mumbai,Coastal Kitchen,North Indian,2,182.3,1.04,30,UPI,Delivered,4.1,393.56
ORD02598,2025-06-30,CUST0238,Kolkata,East Spice,Pizza,2,268.28,63.1,30,UPI,Delivered,3.8,503.46
ORD01368,2025-06-30,CUST0264,Mumbai,Bombay Bites,Desserts,1,173.81,31.9,30,Debit Card,Delivered,3.9,171.91
ORD01077,2025-06-30,CUST0645,Mumbai,Tandoor Tales,Pizza,1,433.29,79.47,50,UPI,Delivered,5.0,403.82
ORD01296,2025-06-30,CUST0469,Mumbai,Tandoor Tales,Burgers,1,251.7,11.0,40,Wallet,Delivered,3.9,280.7
ORD02202,2025-06-30,CUST0294,Delhi,Street Feast,Chinese,2,237.35,69.86,30,Credit Card,Delivered,3.9,434.84
ORD01142,2025-06-30,CUST0132,Kochi,Coconut Cafe,Biryani,2,227.63,87.49,20,UPI,Delivered,4.0,387.77
ORD02292,2025-06-30,CUST0622,Delhi,Capital Bites,Burgers,1,225.84,29.96,20,Credit Card,Returned,3.9,215.88
ORD02941,2025-06-30,CUST0234,Mumbai,Bombay Bites,Chinese,1,273.75,14.92,40,Wallet,Delivered,3.8,298.83
ORD02968,2025-06-30,CUST0742,Kolkata,Bengal Feast,Chinese,1,325.49,28.01,20,UPI,Cancelled,3.8,317.48
ORD02545,2025-06-30,CUST0761,Hyderabad,Deccan Delights,Healthy Food,1,244.9,35.96,30,,Delivered,4.0,238.94
ORD02147,2025-07-01,CUST0683,Delhi,Capital Bites,North Indian,1,271.19,5.97,40,Credit Card,Delivered,4.5,305.22
ORD02436,2025-07-01,CUST0637,Delhi,Delhi Zaika,Biryani,3,225.41,79.84,40,UPI,Delivered,4.3,636.39
ORD01059,2025-07-01,CUST0322,Chennai,Urban Tiffin,Chinese,1,285.8,54.88,30,UPI,Delivered,3.7,260.92
ORD00097,2025-07-01,CUST0338,Hyderabad,Nawab Kitchen,Healthy Food,3,262.85,120.17,20,Credit Card,Delivered,5.0,688.38
ORD02638,2025-07-01,CUST0253,Kolkata,Bengal Feast,South Indian,2,174.88,47.33,50,UPI,Delivered,3.5,352.43
ORD02139,2025-07-01,CUST0592,Hyderabad,Deccan Delights,Biryani,1,309.71,59.63,40,UPI,Delivered,4.3,290.08
ORD00077,2025-07-01,CUST0106,Kolkata,Biryani Corner,North Indian,1,292.8,43.08,40,Cash,Delivered,4.7,289.72
ORD01702,2025-07-01,CUST0573,Delhi,Capital Bites,Desserts,2,150.14,40.93,20,UPI,Delivered,4.0,279.35
ORD01941,2025-07-01,CUST0344,Kochi,Coconut Cafe,Biryani,1,276.48,3.57,20,Debit Card,Delivered,5.0,292.91
ORD02988,2025-07-01,CUST0055,Chennai,Chennai Bites,North Indian,2,284.37,12.19,60,UPI,Delivered,3.4,616.55
ORD02067,2025-07-01,CUST0732,Bengaluru,Bengaluru Bowl,South Indian,2,208.33,72.18,30,Wallet,Delivered,4.9,374.48
ORD02984,2025-07-01,CUST0728,Hyderabad,Hyderabad House,North Indian,1,215.98,25.38,40,Credit Card,Delivered,4.5,230.6
ORD01540,2025-07-01,CUST0017,Chennai,Urban Tiffin,Chinese,2,213.24,21.11,20,Credit Card,Delivered,3.6,425.37
ORD02120,2025-07-02,CUST0743,Delhi,Capital Bites,Pizza,2,231.28,86.31,40,Wallet,Delivered,3.8,416.25
ORD00015,2025-07-02,CUST0373,Pune,Pune Pantry,South Indian,2,142.26,49.04,20,UPI,Delivered,4.5,255.48
ORD00518,2025-07-02,CUST0453,Kochi,Malabar Bites,North Indian,1,308.84,10.44,20,UPI,Delivered,4.1,318.4
ORD02093,2025-07-02,CUST0237,Chennai,Chennai Bites,South Indian,2,186.72,56.84,30,Credit Card,Delivered,3.3,346.6
ORD01465,2025-07-02,CUST0749,Bengaluru,Tech Tadka,Biryani,1,358.41,22.46,30,UPI,Cancelled,4.6,365.95
ORD02556,2025-07-02,CUST0406,Hyderabad,Hyderabad House,South Indian,1,190.0,11.08,20,Credit Card,Delivered,5.0,198.92
ORD00013,2025-07-02,CUST0459,Chennai,Dosa House,Desserts,1,137.85,26.23,50,UPI,Delivered,4.1,161.62
ORD00900,2025-07-02,CUST0508,Hyderabad,Deccan Delights,Biryani,1,317.46,61.35,60,UPI,Cancelled,4.2,316.11
ORD00762,2025-07-02,CUST0358,Kolkata,Biryani Corner,Pizza,2,360.88,101.81,40,UPI,Delivered,4.0,659.95
ORD00413,2025-07-02,CUST0386,Bengaluru,South Spice,Desserts,2,173.36,16.24,30,UPI,Cancelled,3.3,360.48
ORD02293,2025-07-03,CUST0777,Mumbai,Tandoor Tales,Pizza,1,354.98,68.36,30,Debit Card,Delivered,3.3,316.62
ORD00748,2025-07-03,CUST0305,Mumbai,Mumbai Masala,South Indian,2,147.97,36.95,20,UPI,Delivered,3.6,278.99
ORD02173,2025-07-03,CUST0001,Chennai,Spice Hub,Biryani,3,291.42,99.32,20,Credit Card,Delivered,4.2,794.94
ORD00875,2025-07-03,CUST0764,Delhi,Capital Bites,Pizza,2,375.95,113.38,50,Credit Card,Delivered,3.3,688.52
ORD01205,2025-07-03,CUST0685,Delhi,Capital Bites,Biryani,2,330.26,39.53,30,Debit Card,Delivered,4.3,650.99
ORD00815,2025-07-03,CUST0105,Delhi,Punjabi Rasoi,Biryani,1,238.52,19.7,60,Debit Card,Delivered,4.2,278.82
ORD02624,2025-07-03,CUST0254,Bengaluru,Tech Tadka,Pizza,3,479.1,250.0,20,Credit Card,Delivered,3.0,1207.3
ORD02521,2025-07-03,CUST0633,Delhi,Capital Bites,Desserts,1,121.54,1.9,50,UPI,Delivered,4.4,169.64
ORD02513,2025-07-03,CUST0348,Kochi,Malabar Bites,Desserts,1,143.93,20.11,30,UPI,Delivered,4.5,153.82
ORD00106,2025-07-03,CUST0157,Delhi,Delhi Zaika,Chinese,1,293.27,37.88,30,UPI,Delivered,3.9,285.39
ORD02486,2025-07-03,CUST0471,Hyderabad,Nawab Kitchen,Pizza,3,218.35,121.94,50,Credit Card,Delivered,3.8,583.11
ORD01919,2025-07-04,CUST0562,Kolkata,Kolkata Kitchen,Biryani,1,191.75,4.92,40,Debit Card,Delivered,3.9,226.83
ORD02360,2025-07-04,CUST0159,Mumbai,Tandoor Tales,Desserts,2,218.6,4.45,30,UPI,Delivered,4.6,462.75
ORD01728,2025-07-04,CUST0170,Kochi,Malabar Bites,Pizza,3,409.2,173.16,60,Credit Card,Delivered,4.7,1114.44
ORD01401,2025-07-04,CUST0471,Kochi,Coconut Cafe,Desserts,1,143.93,17.58,20,UPI,Cancelled,3.9,146.35
ORD01727,2025-07-05,CUST0332,Mumbai,Tandoor Tales,South Indian,2,163.63,13.44,50,Debit Card,Delivered,4.9,363.82
ORD00965,2025-07-05,CUST0719,Bengaluru,Tech Tadka,South Indian,3,187.32,91.42,40,Credit Card,Delivered,3.2,510.54
ORD01075,2025-07-05,CUST0173,Hyderabad,Nawab Kitchen,Healthy Food,1,342.94,18.4,20,Debit Card,Delivered,4.0,344.54
ORD02623,2025-07-05,CUST0043,Pune,Cafe Central,South Indian,1,138.2,4.49,40,UPI,Delivered,4.8,173.71
ORD02508,2025-07-05,CUST0515,Bengaluru,Tech Tadka,Burgers,1,251.13,2.67,20,UPI,Delivered,3.7,268.46
ORD01239,2025-07-06,CUST0604,Kolkata,East Spice,Healthy Food,2,353.4,124.58,30,Wallet,Delivered,4.0,612.22
ORD02831,2025-07-06,CUST0160,Mumbai,Mumbai Masala,Chinese,3,333.26,186.91,50,Credit Card,Returned,3.9,862.87
ORD02344,2025-07-06,CUST0106,Hyderabad,Biryani Point,Desserts,1,160.37,18.36,30,Credit Card,Delivered,3.8,172.01
ORD01079,2025-07-06,CUST0410,Kochi,Coconut Cafe,Healthy Food,3,346.44,136.21,40,Credit Card,Delivered,3.5,943.11
ORD01207,2025-07-06,CUST0411,Kochi,Coconut Cafe,Biryani,1,217.33,30.08,20,Debit Card,Cancelled,4.1,207.25
ORD02944,2025-07-06,CUST0566,Pune,Cafe Central,Pizza,3,343.39,178.95,20,Debit Card,Delivered,5.0,871.22
ORD02366,2025-07-06,CUST0036,Bengaluru,Tech Tadka,Desserts,1,134.39,2.78,40,UPI,Delivered,4.7,171.61
ORD01707,2025-07-06,CUST0145,Chennai,Spice Hub,Biryani,1,257.67,28.13,30,Debit Card,Delivered,4.4,259.54
ORD02401,2025-07-06,CUST0167,Kochi,Malabar Bites,South Indian,1,171.26,20.23,30,UPI,Delivered,4.8,181.03
ORD02058,2025-07-06,CUST0093,Delhi,Punjabi Rasoi,South Indian,1,132.76,12.11,50,UPI,Delivered,3.7,170.65
ORD02711,2025-07-06,CUST0703,Mumbai,Tandoor Tales,Healthy Food,4,278.37,112.18,20,Credit Card,Delivered,4.0,1021.3
ORD02086,2025-07-06,CUST0755,Mumbai,Mumbai Masala,South Indian,1,209.74,34.42,50,Debit Card,Delivered,4.7,225.32
ORD02325,2025-07-06,CUST0715,Hyderabad,Deccan Delights,Desserts,2,156.95,58.25,30,Wallet,Delivered,4.0,285.65
ORD02840,2025-07-07,CUST0402,Kolkata,Kolkata Kitchen,South Indian,2,166.71,27.0,40,Debit Card,Delivered,3.6,346.42
ORD01327,2025-07-07,CUST0018,Bengaluru,South Spice,South Indian,1,201.84,40.27,20,Debit Card,Delivered,3.2,181.57
ORD02506,2025-07-07,CUST0400,Bengaluru,South Spice,Burgers,3,244.01,73.04,60,UPI,Delivered,3.7,718.99
ORD00838,2025-07-07,CUST0685,Delhi,Delhi Zaika,Pizza,1,411.58,34.88,40,Credit Card,Cancelled,3.8,416.7
ORD02333,2025-07-07,CUST0334,Kolkata,East Spice,North Indian,3,223.86,123.14,40,Credit Card,Delivered,3.8,588.44
ORD00857,2025-07-07,CUST0268,Hyderabad,Hyderabad House,South Indian,2,158.48,20.77,20,Wallet,Delivered,3.9,316.19
ORD00081,2025-07-07,CUST0402,Mumbai,Bombay Bites,Desserts,2,182.55,53.25,20,Credit Card,Delivered,3.6,331.85
ORD00611,2025-07-07,CUST0525,Bengaluru,Garden Kitchen,North Indian,1,255.75,35.85,20,Wallet,Delivered,3.2,239.9
ORD01373,2025-07-07,CUST0288,Delhi,Punjabi Rasoi,Pizza,2,327.34,88.21,40,UPI,Delivered,4.9,606.47
ORD01064,2025-07-07,CUST0646,Bengaluru,South Spice,Burgers,2,211.63,56.68,40,UPI,Delivered,4.1,406.58
ORD00872,2025-07-07,CUST0103,Mumbai,Bombay Bites,Biryani,2,390.76,88.74,30,UPI,Delivered,4.7,722.78
ORD01713,2025-07-07,CUST0120,Mumbai,Tandoor Tales,Burgers,2,191.84,57.0,40,Cash,Delivered,3.6,366.68
ORD01152,2025-07-07,CUST0800,Bengaluru,Tech Tadka,South Indian,1,169.49,31.32,30,Cash,Cancelled,3.7,168.17
ORD02611,2025-07-07,CUST0012,Bengaluru,South Spice,Chinese,4,258.28,144.51,50,Wallet,Delivered,3.8,938.61
ORD01353,2025-07-08,CUST0349,Bengaluru,South Spice,Burgers,1,197.92,26.77,20,Cash,Delivered,4.6,191.15
ORD02136,2025-07-08,CUST0707,Chennai,Spice Hub,South Indian,1,170.67,13.68,40,Credit Card,Delivered,4.4,196.99
ORD00278,2025-07-08,CUST0147,Kolkata,East Spice,Pizza,2,322.09,128.6,20,UPI,Delivered,3.5,535.58
ORD01481,2025-07-08,CUST0029,Mumbai,Coastal Kitchen,Chinese,1,255.69,32.62,50,UPI,Delivered,4.5,273.07
ORD02405,2025-07-08,CUST0439,Kolkata,Bengal Feast,North Indian,2,365.45,9.9,40,UPI,Delivered,2.9,761.0
ORD00796,2025-07-08,CUST0798,Pune,Deccan Kitchen,Biryani,1,355.35,33.81,40,UPI,Delivered,4.6,361.54
ORD00491,2025-07-08,CUST0751,Chennai,Urban Tiffin,Chinese,1,356.7,31.91,20,UPI,Returned,3.4,344.79
ORD02938,2025-07-08,CUST0393,Pune,Deccan Kitchen,Chinese,1,220.87,38.48,30,UPI,Delivered,4.4,212.39
ORD02714,2025-07-09,CUST0183,Kochi,Malabar Bites,Burgers,1,243.66,23.53,30,Debit Card,Delivered,4.2,250.13
ORD00359,2025-07-09,CUST0027,Pune,Deccan Kitchen,Biryani,1,201.82,24.23,40,UPI,Returned,3.7,217.59
ORD02374,2025-07-09,CUST0362,Pune,Deccan Kitchen,Biryani,3,274.8,118.28,30,Debit Card,Delivered,4.2,736.12
ORD02456,2025-07-09,CUST0073,Mumbai,Coastal Kitchen,Biryani,1,252.53,18.81,40,Debit Card,Delivered,3.0,273.72
ORD00494,2025-07-09,CUST0118,Kochi,Coastal Treats,North Indian,2,310.75,22.25,20,Debit Card,Delivered,4.1,619.25
ORD02277,2025-07-09,CUST0725,Bengaluru,Garden Kitchen,South Indian,1,128.6,18.87,30,UPI,Delivered,3.3,139.73
ORD02450,2025-07-09,CUST0621,Hyderabad,Deccan Delights,South Indian,4,164.53,48.68,40,Debit Card,Delivered,3.9,649.44
ORD02646,2025-07-09,CUST0156,Kolkata,East Spice,Chinese,2,253.5,29.07,20,Debit Card,Cancelled,3.1,497.93
ORD00295,2025-07-09,CUST0346,Bengaluru,Bengaluru Bowl,Healthy Food,1,370.9,35.89,50,Credit Card,Delivered,4.8,385.01
ORD01396,2025-07-09,CUST0709,Delhi,Street Feast,Chinese,1,397.9,4.63,20,Debit Card,Returned,3.6,413.27
ORD01433,2025-07-10,CUST0278,Hyderabad,Hyderabad House,South Indian,2,204.5,12.83,40,Debit Card,Delivered,3.4,436.17
ORD02345,2025-07-10,CUST0420,Pune,Cafe Central,Burgers,2,275.02,51.97,20,Debit Card,Delivered,3.3,518.07
ORD02849,2025-07-10,CUST0172,Delhi,Street Feast,Burgers,1,237.07,43.4,30,,Delivered,3.4,223.67
ORD02637,2025-07-10,CUST0690,Mumbai,Bombay Bites,Pizza,3,394.49,101.5,20,UPI,Delivered,3.9,1101.97
ORD00334,2025-07-10,CUST0161,Mumbai,Mumbai Masala,Desserts,2,178.75,45.5,30,UPI,Delivered,3.6,342.0
ORD00915,2025-07-10,CUST0095,Kolkata,Bengal Feast,Biryani,3,345.62,154.23,30,UPI,Delivered,4.0,912.63
ORD00846,2025-07-10,CUST0348,Chennai,Urban Tiffin,Biryani,2,203.53,36.31,40,Credit Card,Delivered,4.1,410.75
ORD00328,2025-07-10,CUST0153,Mumbai,Bombay Bites,Pizza,1,391.29,2.05,40,UPI,Delivered,4.1,429.24
ORD02123,2025-07-10,CUST0066,Kochi,Kerala Kitchen,Burgers,1,202.39,25.9,30,Wallet,Delivered,4.2,206.49
ORD00062,2025-07-11,CUST0340,Delhi,Street Feast,North Indian,1,288.73,21.22,20,UPI,Delivered,3.8,287.51
ORD02251,2025-07-11,CUST0688,Hyderabad,Deccan Delights,North Indian,1,378.27,53.49,20,UPI,Cancelled,4.3,344.78
ORD00769,2025-07-11,CUST0676,Delhi,Punjabi Rasoi,Pizza,1,345.68,23.95,30,Debit Card,Delivered,4.8,351.73
ORD00502,2025-07-11,CUST0447,Bengaluru,Garden Kitchen,Burgers,1,164.88,1.54,30,UPI,Delivered,4.0,193.34
ORD00008,2025-07-11,CUST0615,Kochi,Coconut Cafe,Biryani,2,281.92,25.14,40,UPI,Delivered,4.4,578.7
ORD02468,2025-07-11,CUST0160,Hyderabad,Deccan Delights,Burgers,2,238.89,3.77,20,UPI,Delivered,3.7,494.01
ORD01466,2025-07-11,CUST0455,Delhi,Street Feast,Chinese,2,258.8,50.32,50,Wallet,Delivered,4.6,517.28
ORD02278,2025-07-11,CUST0655,Kolkata,East Spice,South Indian,1,196.73,19.59,40,UPI,Delivered,4.8,217.14
ORD02586,2025-07-11,CUST0788,Pune,Deccan Kitchen,Chinese,2,241.05,11.46,50,Credit Card,Delivered,3.9,520.64
ORD01975,2025-07-11,CUST0086,Hyderabad,Deccan Delights,Biryani,1,298.5,42.54,50,UPI,Delivered,4.9,305.96
ORD00180,2025-07-11,CUST0557,Chennai,Dosa House,Pizza,1,399.26,71.49,40,UPI,Delivered,4.0,367.77
ORD02595,2025-07-11,CUST0782,Kolkata,Bengal Feast,Pizza,1,426.4,45.71,30,UPI,Delivered,3.6,410.69
ORD00521,2025-07-11,CUST0474,Pune,Pune Pantry,Pizza,1,408.86,38.94,30,UPI,Delivered,3.8,399.92
ORD01874,2025-07-12,CUST0157,Kolkata,Kolkata Kitchen,Biryani,1,340.68,39.98,20,Debit Card,Cancelled,4.8,320.7
ORD01488,2025-07-12,CUST0113,Chennai,Spice Hub,Desserts,1,82.0,16.31,30,Credit Card,Cancelled,4.3,95.69
ORD02772,2025-07-12,CUST0435,Chennai,Chennai Bites,Biryani,2,244.19,7.6,50,Debit Card,Delivered,3.4,530.78
ORD01312,2025-07-12,CUST0141,Mumbai,Coastal Kitchen,Burgers,1,183.31,0.58,30,UPI,Delivered,4.0,212.73
ORD00636,2025-07-12,CUST0506,Bengaluru,Tech Tadka,Burgers,2,155.52,30.37,60,Wallet,Cancelled,4.4,340.67
ORD02153,2025-07-12,CUST0107,Bengaluru,Tech Tadka,North Indian,3,269.46,91.68,30,Cash,Delivered,4.8,746.7
ORD01439,2025-07-13,CUST0029,Pune,Deccan Kitchen,Desserts,1,123.91,4.55,20,UPI,Delivered,3.1,139.36
ORD00462,2025-07-13,CUST0005,Hyderabad,Biryani Point,Chinese,1,267.89,40.97,30,UPI,Delivered,3.5,256.92
ORD02719,2025-07-13,CUST0546,Mumbai,Tandoor Tales,Biryani,2,310.36,66.07,30,Debit Card,Cancelled,3.3,584.65
ORD01912,2025-07-13,CUST0657,Mumbai,Tandoor Tales,Pizza,3,362.86,36.77,20,Debit Card,Delivered,3.9,1071.81
ORD00845,2025-07-13,CUST0034,Kolkata,Bengal Feast,North Indian,1,258.22,14.91,20,Debit Card,Delivered,3.0,263.31
ORD00811,2025-07-13,CUST0795,Chennai,Spice Hub,Chinese,1,323.69,29.15,40,UPI,Cancelled,3.5,334.54
ORD02947,2025-07-13,CUST0014,Chennai,Chennai Bites,Pizza,1,246.56,22.11,60,Cash,Delivered,4.0,284.45
ORD00615,2025-07-14,CUST0273,Hyderabad,Deccan Delights,Biryani,1,240.91,18.07,30,UPI,Delivered,3.0,252.84
ORD02539,2025-07-14,CUST0114,Mumbai,Coastal Kitchen,South Indian,2,185.94,71.43,20,Wallet,Returned,3.7,320.45
ORD02021,2025-07-14,CUST0314,Bengaluru,Garden Kitchen,South Indian,4,193.22,64.47,30,Wallet,Delivered,4.3,738.41
ORD01846,2025-07-14,CUST0704,Hyderabad,Nawab Kitchen,South Indian,1,224.48,6.99,30,UPI,Delivered,3.9,247.49
ORD01349,2025-07-14,CUST0476,Delhi,Capital Bites,Desserts,2,147.54,50.29,40,Credit Card,Cancelled,3.6,284.79
ORD02877,2025-07-14,CUST0662,Delhi,Punjabi Rasoi,Biryani,1,335.58,27.49,30,UPI,Delivered,4.9,338.09
ORD01111,2025-07-14,CUST0777,Kochi,Coconut Cafe,Burgers,1,207.8,2.85,20,UPI,Delivered,,224.95
ORD02980,2025-07-14,CUST0516,Delhi,Capital Bites,Biryani,2,255.88,58.19,60,UPI,Cancelled,3.1,513.57
ORD02982,2025-07-14,CUST0526,Delhi,Punjabi Rasoi,Biryani,1,304.35,13.25,50,Cash,Delivered,5.0,341.1
ORD02324,2025-07-15,CUST0793,Chennai,Spice Hub,Chinese,2,225.51,69.09,30,UPI,Delivered,3.4,411.93
ORD00273,2025-07-15,CUST0660,Hyderabad,Deccan Delights,Desserts,2,140.91,9.47,60,Debit Card,Cancelled,3.6,332.35
ORD01760,2025-07-15,CUST0749,Chennai,Urban Tiffin,South Indian,1,180.01,7.8,60,Credit Card,Delivered,3.8,232.21
ORD00402,2025-07-15,CUST0566,Chennai,Dosa House,South Indian,2,193.48,31.34,30,Credit Card,Delivered,3.5,385.62
ORD00633,2025-07-15,CUST0735,Pune,Pune Pantry,Pizza,1,341.73,54.87,60,UPI,Delivered,4.2,346.86
ORD00141,2025-07-15,CUST0739,Delhi,Capital Bites,Desserts,1,122.51,23.8,30,UPI,Delivered,4.1,128.71
ORD00113,2025-07-15,CUST0472,Mumbai,Coastal Kitchen,South Indian,1,235.57,25.76,40,UPI,Cancelled,4.3,249.81
ORD00680,2025-07-15,CUST0029,Bengaluru,Bengaluru Bowl,South Indian,1,178.6,33.42,20,Wallet,Cancelled,4.4,165.18
ORD00214,2025-07-16,CUST0664,Delhi,Punjabi Rasoi,North Indian,1,406.06,54.76,40,Debit Card,Cancelled,3.6,391.3
ORD02100,2025-07-16,CUST0100,Chennai,Spice Hub,Biryani,1,223.39,14.43,30,UPI,Delivered,4.7,238.96
ORD02670,2025-07-16,CUST0628,Mumbai,Tandoor Tales,North Indian,3,300.4,158.4,40,UPI,Cancelled,3.4,782.8
ORD01318,2025-07-16,CUST0670,Chennai,Chennai Bites,South Indian,2,146.67,31.06,40,UPI,Delivered,4.4,302.28
ORD02605,2025-07-16,CUST0482,Mumbai,Coastal Kitchen,Healthy Food,1,348.41,6.22,40,UPI,Delivered,4.0,382.19
ORD02122,2025-07-16,CUST0028,Pune,Pune Pantry,South Indian,1,197.49,13.03,20,Credit Card,Cancelled,,204.46
ORD01534,2025-07-16,CUST0478,Hyderabad,Biryani Point,Burgers,2,237.62,80.81,40,Wallet,Delivered,4.1,434.43
ORD02739,2025-07-16,CUST0393,Kochi,Coconut Cafe,Biryani,3,397.97,144.66,20,UPI,Delivered,4.8,1069.25
ORD00027,2025-07-17,CUST0277,Bengaluru,Bengaluru Bowl,South Indian,1,135.91,22.4,30,UPI,Returned,,143.51
ORD00050,2025-07-17,CUST0647,Hyderabad,Nawab Kitchen,North Indian,3,300.74,89.79,60,Wallet,Delivered,3.7,872.43
ORD00157,2025-07-17,CUST0691,Kochi,Malabar Bites,Pizza,2,419.49,50.37,30,UPI,Cancelled,2.4,818.61
ORD02678,2025-07-17,CUST0526,Mumbai,Tandoor Tales,Burgers,4,233.98,166.79,40,Debit Card,Returned,4.7,809.13
ORD00032,2025-07-17,CUST0253,Chennai,Spice Hub,South Indian,1,150.72,29.02,30,UPI,Delivered,4.0,151.7
ORD00961,2025-07-17,CUST0008,Delhi,Punjabi Rasoi,Biryani,1,231.82,6.76,20,Debit Card,Cancelled,4.6,245.06
ORD01443,2025-07-17,CUST0075,Kolkata,Bengal Feast,Chinese,3,226.51,14.9,30,UPI,Cancelled,3.4,694.63
ORD02970,2025-07-18,CUST0405,Delhi,Punjabi Rasoi,South Indian,2,195.09,35.15,40,Credit Card,Delivered,4.7,395.03
ORD01328,2025-07-18,CUST0769,Bengaluru,South Spice,Biryani,4,312.63,242.42,30,Debit Card,Delivered,3.7,1038.1
ORD01135,2025-07-18,CUST0725,Hyderabad,Biryani Point,Biryani,1,388.45,61.94,20,UPI,Delivered,3.1,346.51
ORD01900,2025-07-18,CUST0163,Delhi,Delhi Zaika,South Indian,2,186.95,15.75,30,Wallet,Delivered,4.1,388.15
ORD00123,2025-07-18,CUST0773,Hyderabad,Hyderabad House,Healthy Food,1,268.8,19.15,50,Cash,Delivered,4.1,299.65
ORD02592,2025-07-19,CUST0289,Delhi,Street Feast,North Indian,1,196.47,35.63,20,UPI,Delivered,4.2,180.84
ORD02470,2025-07-19,CUST0776,Hyderabad,Nawab Kitchen,Healthy Food,3,437.95,5.12,50,UPI,Delivered,4.2,1358.73
ORD02356,2025-07-19,CUST0351,Kolkata,East Spice,North Indian,3,277.0,38.61,30,Wallet,Delivered,4.3,822.39
ORD02427,2025-07-20,CUST0441,Kochi,Kerala Kitchen,Biryani,1,293.02,23.74,40,UPI,Delivered,4.1,309.28
ORD01965,2025-07-20,CUST0691,Chennai,Chennai Bites,North Indian,1,308.04,1.25,20,Credit Card,Cancelled,3.1,326.79
ORD00982,2025-07-20,CUST0003,Kolkata,Biryani Corner,Chinese,1,289.93,11.22,40,Credit Card,Returned,3.7,318.71
ORD01827,2025-07-20,CUST0222,Delhi,Punjabi Rasoi,Healthy Food,1,349.39,4.05,30,Debit Card,Delivered,3.2,375.34
ORD00429,2025-07-20,CUST0020,Chennai,Dosa House,South Indian,1,206.07,32.7,20,UPI,Delivered,4.0,193.37
ORD02314,2025-07-20,CUST0498,Kolkata,Bengal Feast,North Indian,3,340.56,87.81,30,UPI,Delivered,3.3,963.87
ORD00682,2025-07-20,CUST0422,Kolkata,East Spice,Burgers,2,342.52,56.66,30,Debit Card,Delivered,4.2,658.38
ORD00840,2025-07-20,CUST0772,Delhi,Delhi Zaika,South Indian,2,196.79,78.68,20,UPI,Delivered,4.3,334.9
ORD00321,2025-07-20,CUST0104,Chennai,Urban Tiffin,South Indian,1,221.88,2.21,40,Debit Card,Delivered,4.5,259.67
ORD00576,2025-07-20,CUST0090,Hyderabad,Nawab Kitchen,Pizza,1,450.01,52.38,20,UPI,Delivered,4.5,417.63
ORD02728,2025-07-20,CUST0436,Chennai,Urban Tiffin,Burgers,1,196.77,36.57,20,Credit Card,Delivered,4.4,180.2
ORD00375,2025-07-20,CUST0220,Mumbai,Coastal Kitchen,Pizza,1,355.69,61.92,20,UPI,Delivered,4.2,313.77
ORD02758,2025-07-21,CUST0173,Mumbai,Mumbai Masala,Healthy Food,1,313.99,27.71,20,UPI,Delivered,3.6,306.28
ORD01414,2025-07-21,CUST0593,Pune,Marathi Meals,Chinese,1,154.01,3.06,50,Wallet,Delivered,4.2,200.95
ORD01558,2025-07-21,CUST0466,Bengaluru,Bengaluru Bowl,Pizza,1,371.07,6.21,30,Cash,Delivered,4.7,394.86
ORD02789,2025-07-21,CUST0540,Pune,Deccan Kitchen,Biryani,1,270.86,34.96,20,UPI,Delivered,4.3,255.9
ORD01552,2025-07-21,CUST0727,Hyderabad,Deccan Delights,North Indian,1,347.41,53.57,60,UPI,Delivered,4.3,353.84
ORD00641,2025-07-21,CUST0396,Kolkata,Kolkata Kitchen,Burgers,1,173.0,6.57,60,UPI,Delivered,3.9,226.43
ORD01179,2025-07-21,CUST0231,Bengaluru,South Spice,Chinese,4,220.47,97.27,50,Debit Card,Cancelled,3.9,834.61
ORD01749,2025-07-21,CUST0040,Mumbai,Bombay Bites,South Indian,1,139.5,19.75,30,UPI,Delivered,4.0,149.75
ORD00569,2025-07-21,CUST0607,Kochi,Coconut Cafe,Chinese,1,269.76,26.3,30,Credit Card,Cancelled,4.4,273.46
ORD02429,2025-07-21,CUST0770,Kolkata,Kolkata Kitchen,Healthy Food,2,241.98,94.06,50,Credit Card,Delivered,3.4,439.9
ORD01670,2025-07-22,CUST0062,Bengaluru,Tech Tadka,Burgers,2,210.32,7.91,40,Credit Card,Delivered,4.6,452.73
ORD00768,2025-07-22,CUST0348,Mumbai,Bombay Bites,North Indian,1,324.68,57.88,50,UPI,Returned,4.1,316.8
ORD00396,2025-07-22,CUST0256,Hyderabad,Biryani Point,South Indian,1,163.27,26.56,20,UPI,Delivered,3.6,156.71
ORD02134,2025-07-22,CUST0395,Delhi,Punjabi Rasoi,Desserts,1,180.28,24.37,20,Credit Card,Cancelled,4.1,175.91
ORD01309,2025-07-22,CUST0327,Bengaluru,Tech Tadka,Desserts,1,143.45,28.11,30,UPI,Delivered,4.4,145.34
ORD00120,2025-07-22,CUST0419,Delhi,Street Feast,Burgers,1,225.69,22.13,30,Debit Card,Delivered,,233.56
ORD02593,2025-07-22,CUST0164,Mumbai,Bombay Bites,South Indian,4,195.54,134.39,50,Debit Card,Delivered,3.3,697.77
ORD01569,2025-07-23,CUST0711,Kolkata,Biryani Corner,North Indian,1,358.07,31.02,40,Credit Card,Delivered,4.1,367.05
ORD00649,2025-07-23,CUST0039,Kolkata,Biryani Corner,Burgers,2,329.57,48.32,40,UPI,Delivered,4.2,650.82
ORD01917,2025-07-23,CUST0027,Pune,Deccan Kitchen,Burgers,1,180.2,20.1,30,Wallet,Delivered,5.0,190.1
ORD02039,2025-07-23,CUST0685,Chennai,Spice Hub,Biryani,1,371.55,19.76,20,UPI,Delivered,2.9,371.79
ORD00929,2025-07-23,CUST0403,Pune,Cafe Central,Biryani,2,304.07,34.46,30,Credit Card,Delivered,4.3,603.68
ORD02004,2025-07-23,CUST0416,Pune,Cafe Central,South Indian,1,138.77,19.59,30,UPI,Delivered,3.6,149.18
ORD01495,2025-07-23,CUST0623,Pune,Cafe Central,North Indian,1,257.91,24.03,20,Debit Card,Delivered,4.1,253.88
ORD00810,2025-07-23,CUST0217,Hyderabad,Deccan Delights,Biryani,1,261.82,19.23,50,Debit Card,Delivered,4.1,292.59
ORD00100,2025-07-24,CUST0217,Mumbai,Bombay Bites,Healthy Food,2,326.99,12.45,30,UPI,Delivered,3.6,671.53
ORD01729,2025-07-24,CUST0521,Bengaluru,Garden Kitchen,Healthy Food,1,308.72,4.13,50,Debit Card,Delivered,3.9,354.59
ORD01115,2025-07-24,CUST0095,Hyderabad,Hyderabad House,Biryani,3,227.51,14.06,40,Cash,Delivered,3.7,708.47
ORD02618,2025-07-24,CUST0532,Chennai,Dosa House,Chinese,2,231.34,11.78,40,UPI,Delivered,3.0,490.9
ORD00917,2025-07-24,CUST0520,Hyderabad,Deccan Delights,Chinese,1,211.3,0.62,20,Wallet,Delivered,4.2,230.68
ORD01854,2025-07-24,CUST0460,Pune,Pune Pantry,South Indian,1,197.15,22.11,30,Debit Card,Delivered,4.0,205.04
ORD02388,2025-07-24,CUST0682,Bengaluru,Tech Tadka,South Indian,1,171.22,30.31,30,Cash,Cancelled,4.1,170.91
ORD02803,2025-07-25,CUST0220,Kochi,Coconut Cafe,Pizza,1,289.11,3.96,30,Debit Card,Delivered,4.2,315.15
ORD02362,2025-07-25,CUST0312,Bengaluru,South Spice,Desserts,1,96.37,10.73,20,Debit Card,Delivered,4.1,105.64
ORD01400,2025-07-25,CUST0707,Kochi,Coastal Treats,South Indian,2,199.47,74.59,30,UPI,Delivered,5.0,354.35
ORD01901,2025-07-25,CUST0793,Delhi,Delhi Zaika,Biryani,1,360.28,53.24,20,UPI,Cancelled,4.5,327.04
ORD01831,2025-07-25,CUST0484,Chennai,Chennai Bites,Pizza,1,363.41,25.94,30,UPI,Cancelled,4.4,367.47
ORD00379,2025-07-25,CUST0373,Delhi,Street Feast,Chinese,1,300.43,46.08,20,Debit Card,Delivered,3.6,274.35
ORD01942,2025-07-25,CUST0584,Pune,Pune Pantry,Burgers,1,239.98,8.76,30,UPI,Delivered,3.7,261.22
ORD01507,2025-07-25,CUST0739,Bengaluru,Garden Kitchen,Chinese,2,242.09,57.79,20,UPI,Delivered,4.5,446.39
ORD01290,2025-07-25,CUST0177,Bengaluru,Tech Tadka,North Indian,1,216.43,15.66,40,Debit Card,Delivered,4.8,240.77
ORD01739,2025-07-26,CUST0251,Chennai,Dosa House,Pizza,1,298.25,19.02,30,UPI,Delivered,3.3,309.23
ORD01597,2025-07-26,CUST0098,Bengaluru,Garden Kitchen,South Indian,2,162.73,33.86,20,UPI,Delivered,4.5,311.6
ORD02033,2025-07-26,CUST0243,Delhi,Street Feast,South Indian,2,215.46,70.34,30,Credit Card,Delivered,4.2,390.58
ORD01962,2025-07-26,CUST0392,Delhi,Delhi Zaika,South Indian,2,120.17,24.62,30,Debit Card,Delivered,4.7,245.72
ORD02164,2025-07-26,CUST0620,Bengaluru,Tech Tadka,Burgers,1,245.47,13.76,30,Credit Card,Cancelled,3.7,261.71
ORD00345,2025-07-26,CUST0688,Chennai,Spice Hub,Healthy Food,1,411.95,19.71,20,Cash,Delivered,3.8,412.24
ORD02216,2025-07-26,CUST0358,Hyderabad,Hyderabad House,Chinese,1,207.1,17.04,30,UPI,Delivered,4.8,220.06
ORD02094,2025-07-26,CUST0530,Kolkata,Bengal Feast,Chinese,1,187.61,16.22,40,Credit Card,Delivered,3.7,211.39
ORD02007,2025-07-26,CUST0716,Bengaluru,Tech Tadka,North Indian,2,396.9,74.6,30,UPI,Delivered,4.5,749.2
ORD01882,2025-07-26,CUST0539,Chennai,Urban Tiffin,Chinese,1,364.91,56.17,40,UPI,Delivered,3.4,348.74
ORD02442,2025-07-27,CUST0302,Kochi,Coastal Treats,Biryani,1,232.58,24.31,60,Debit Card,Delivered,4.3,268.27
ORD02099,2025-07-27,CUST0520,Delhi,Capital Bites,South Indian,2,173.37,61.73,30,Credit Card,Delivered,4.5,315.01
ORD01575,2025-07-27,CUST0782,Mumbai,Tandoor Tales,South Indian,1,150.75,19.54,30,Cash,Delivered,4.5,161.21
ORD02519,2025-07-27,CUST0364,Kochi,Coastal Treats,Biryani,1,275.24,20.93,40,UPI,Delivered,4.6,294.31
ORD00798,2025-07-27,CUST0251,Bengaluru,South Spice,Biryani,1,307.49,18.63,20,Credit Card,Delivered,5.0,308.86
ORD02354,2025-07-27,CUST0459,Hyderabad,Nawab Kitchen,North Indian,3,263.14,48.36,50,UPI,Delivered,3.5,791.06
ORD02313,2025-07-27,CUST0326,Delhi,Punjabi Rasoi,Pizza,1,374.58,8.7,30,UPI,Delivered,4.2,395.88
ORD02712,2025-07-27,CUST0308,Bengaluru,Tech Tadka,Pizza,1,354.03,19.27,30,UPI,Delivered,4.5,364.76
ORD02862,2025-07-27,CUST0530,Hyderabad,Hyderabad House,North Indian,1,400.45,75.35,20,Credit Card,Delivered,5.0,345.1
ORD02644,2025-07-27,CUST0149,Chennai,Urban Tiffin,Healthy Food,1,349.59,59.3,30,Debit Card,Delivered,4.2,320.29
ORD01095,2025-07-27,CUST0259,Delhi,Delhi Zaika,North Indian,2,278.7,110.77,40,UPI,Delivered,3.2,486.63
ORD00939,2025-07-28,CUST0233,Hyderabad,Nawab Kitchen,Desserts,1,146.67,2.73,50,UPI,Delivered,3.8,193.94
ORD02963,2025-07-28,CUST0132,Mumbai,Bombay Bites,Chinese,3,293.65,146.0,30,Debit Card,Delivered,3.8,764.95
ORD02191,2025-07-28,CUST0217,Kolkata,Biryani Corner,Healthy Food,2,250.89,76.76,40,UPI,Delivered,5.0,465.02
ORD02640,2025-07-28,CUST0463,Pune,Deccan Kitchen,North Indian,1,320.78,32.96,40,Cash,Delivered,3.9,327.82
ORD01972,2025-07-28,CUST0463,Pune,Deccan Kitchen,Biryani,2,258.71,11.51,30,UPI,Delivered,4.1,535.91
ORD02819,2025-07-28,CUST0190,Kolkata,Bengal Feast,South Indian,4,186.33,22.99,20,Credit Card,Delivered,3.8,742.33
ORD02158,2025-07-28,CUST0497,Bengaluru,Tech Tadka,Chinese,3,283.38,159.48,20,UPI,Delivered,4.1,710.66
ORD01695,2025-07-28,CUST0047,Chennai,Urban Tiffin,Chinese,1,305.22,0.8,40,Debit Card,Delivered,4.0,344.42
ORD01820,2025-07-28,CUST0455,Delhi,Capital Bites,South Indian,2,207.77,62.8,50,UPI,Delivered,3.6,402.74
ORD01190,2025-07-28,CUST0522,Mumbai,Mumbai Masala,Pizza,1,370.77,72.97,40,Cash,Delivered,4.4,337.8
ORD02140,2025-07-29,CUST0605,Pune,Cafe Central,Desserts,1,110.17,1.01,60,Wallet,Delivered,3.4,169.16
ORD01512,2025-07-29,CUST0482,Kochi,Malabar Bites,Desserts,1,166.56,17.86,30,Debit Card,Delivered,3.8,178.7
ORD01177,2025-07-29,CUST0289,Kolkata,East Spice,Desserts,2,135.35,37.02,40,UPI,Delivered,4.4,273.68
ORD00573,2025-07-29,CUST0754,Kolkata,East Spice,Chinese,1,263.8,39.47,40,Debit Card,Delivered,4.1,264.33
ORD01002,2025-07-29,CUST0126,Bengaluru,Bengaluru Bowl,South Indian,1,213.57,19.08,20,Credit Card,Delivered,4.8,214.49
ORD02515,2025-07-29,CUST0104,Pune,Cafe Central,Biryani,1,152.97,23.31,30,Credit Card,Delivered,4.2,159.66
ORD02409,2025-07-29,CUST0561,Mumbai,Coastal Kitchen,Chinese,2,219.99,11.79,20,Credit Card,Delivered,4.3,448.19
ORD00472,2025-07-29,CUST0106,Mumbai,Tandoor Tales,Pizza,1,513.15,4.17,40,Cash,Cancelled,5.0,548.98
ORD00228,2025-07-29,CUST0387,Bengaluru,Tech Tadka,Chinese,1,265.05,35.48,20,Cash,Delivered,3.6,249.57
ORD00346,2025-07-29,CUST0460,Mumbai,Tandoor Tales,South Indian,3,172.58,32.18,50,UPI,Delivered,4.1,535.56
ORD02116,2025-07-30,CUST0504,Kochi,Malabar Bites,Biryani,3,303.58,129.2,30,Cash,Delivered,4.2,811.54
ORD00281,2025-07-30,CUST0489,Kolkata,Kolkata Kitchen,Burgers,1,229.95,19.6,50,Wallet,Delivered,4.3,260.35
ORD02317,2025-07-30,CUST0021,Delhi,Street Feast,Burgers,1,210.34,3.39,40,Wallet,Delivered,4.7,246.95
ORD01974,2025-07-30,CUST0310,Pune,Deccan Kitchen,Chinese,2,244.81,94.66,40,Credit Card,Delivered,4.2,434.96
ORD00985,2025-07-30,CUST0363,Kolkata,Biryani Corner,Healthy Food,3,208.95,18.38,40,Credit Card,Delivered,3.8,648.47
ORD02535,2025-07-30,CUST0509,Hyderabad,Nawab Kitchen,Desserts,4,149.66,18.68,60,UPI,Delivered,4.1,639.96
ORD02208,2025-07-31,CUST0746,Pune,Pune Pantry,South Indian,1,121.89,21.43,20,Debit Card,Delivered,3.7,120.46
ORD01657,2025-07-31,CUST0585,Delhi,Punjabi Rasoi,South Indian,1,169.66,30.07,40,UPI,Delivered,4.7,179.59
ORD01383,2025-07-31,CUST0330,Delhi,Punjabi Rasoi,Burgers,1,192.76,25.84,40,Credit Card,Delivered,4.2,206.92
ORD00315,2025-07-31,CUST0673,Kochi,Malabar Bites,Desserts,2,146.76,13.77,40,UPI,Delivered,4.4,319.75
ORD02759,2025-07-31,CUST0467,Mumbai,Coastal Kitchen,North Indian,1,123.46,20.65,20,UPI,Delivered,4.3,122.81
ORD01787,2025-08-01,CUST0761,Bengaluru,Bengaluru Bowl,Biryani,3,380.64,12.07,50,UPI,Delivered,4.6,1179.85
ORD01407,2025-08-01,CUST0734,Delhi,Capital Bites,Biryani,1,153.59,17.33,40,Cash,Delivered,,176.26
ORD00087,2025-08-01,CUST0271,Chennai,Chennai Bites,Biryani,3,209.37,33.52,30,Debit Card,Delivered,4.6,624.59
ORD00972,2025-08-01,CUST0028,Delhi,Capital Bites,Pizza,2,389.42,142.07,20,UPI,Delivered,4.4,656.77
ORD00192,2025-08-01,CUST0348,Delhi,Capital Bites,Chinese,1,274.71,30.89,30,UPI,Delivered,3.9,273.82
ORD00285,2025-08-01,CUST0641,Chennai,Spice Hub,South Indian,1,146.03,22.06,40,Debit Card,Delivered,3.8,163.97
ORD02380,2025-08-01,CUST0220,Kochi,Malabar Bites,Healthy Food,4,482.75,80.04,40,Credit Card,Delivered,4.3,1890.96
ORD00596,2025-08-01,CUST0457,Kolkata,Biryani Corner,Biryani,1,282.77,25.93,20,UPI,Delivered,4.1,276.84
ORD02463,2025-08-01,CUST0561,Mumbai,Tandoor Tales,Pizza,1,355.38,13.93,40,UPI,Delivered,3.9,381.45
ORD00721,2025-08-02,CUST0190,Chennai,Spice Hub,Biryani,1,321.28,22.54,50,Credit Card,Delivered,3.7,348.74
ORD01107,2025-08-02,CUST0319,Mumbai,Coastal Kitchen,Pizza,1,359.9,14.01,30,UPI,Delivered,4.5,375.89
ORD01533,2025-08-02,CUST0435,Kochi,Kerala Kitchen,Chinese,2,233.3,21.11,30,UPI,Delivered,4.3,475.49
ORD00897,2025-08-02,CUST0401,Chennai,Spice Hub,Chinese,2,294.46,76.14,20,UPI,Delivered,4.1,532.78
ORD02156,2025-08-02,CUST0165,Hyderabad,Biryani Point,North Indian,2,236.87,30.11,20,UPI,Delivered,4.9,463.63
ORD00802,2025-08-02,CUST0065,Delhi,Street Feast,Biryani,1,247.9,23.77,30,Credit Card,Cancelled,3.0,254.13
ORD00470,2025-08-02,CUST0370,Delhi,Delhi Zaika,Burgers,1,259.86,25.85,30,UPI,Delivered,3.7,264.01
ORD02769,2025-08-02,CUST0043,Hyderabad,Deccan Delights,Desserts,1,155.28,5.18,30,Credit Card,Delivered,3.5,180.1
ORD02817,2025-08-02,CUST0378,Delhi,Delhi Zaika,Healthy Food,1,241.47,24.45,30,UPI,Cancelled,3.8,247.02
ORD01800,2025-08-02,CUST0718,Mumbai,Tandoor Tales,South Indian,1,222.39,32.65,30,UPI,Delivered,3.9,219.74
ORD02493,2025-08-02,CUST0453,Kolkata,East Spice,Biryani,1,243.67,47.7,50,Credit Card,Delivered,3.8,245.97
ORD02565,2025-08-02,CUST0561,Bengaluru,South Spice,Biryani,2,261.5,35.91,40,Credit Card,Delivered,4.4,527.09
ORD00194,2025-08-02,CUST0231,Kolkata,Bengal Feast,Biryani,1,312.57,46.6,20,UPI,Delivered,4.4,285.97
ORD01731,2025-08-02,CUST0040,Chennai,Dosa House,South Indian,3,167.18,11.98,50,Debit Card,Delivered,5.0,539.56
ORD00189,2025-08-02,CUST0331,Bengaluru,Garden Kitchen,North Indian,1,167.5,23.28,40,UPI,Delivered,4.3,184.22
ORD02583,2025-08-02,CUST0130,Chennai,Chennai Bites,North Indian,3,259.66,126.73,30,Credit Card,Delivered,4.7,682.25
ORD01422,2025-08-02,CUST0721,Kochi,Coastal Treats,Desserts,1,139.27,22.94,20,UPI,Delivered,4.5,136.33
ORD00937,2025-08-02,CUST0513,Kochi,Coastal Treats,Pizza,1,244.95,41.18,40,Credit Card,Delivered,4.3,243.77
ORD00547,2025-08-03,CUST0759,Bengaluru,Bengaluru Bowl,Pizza,3,348.16,114.3,30,UPI,Delivered,4.3,960.18
ORD01544,2025-08-03,CUST0012,Mumbai,Coastal Kitchen,Burgers,1,141.58,24.49,30,UPI,Delivered,4.6,147.09
ORD01983,2025-08-03,CUST0745,Mumbai,Mumbai Masala,North Indian,1,297.99,10.71,50,Credit Card,Delivered,4.5,337.28
ORD02796,2025-08-03,CUST0352,Mumbai,Mumbai Masala,Healthy Food,1,428.61,62.42,50,UPI,Delivered,4.6,416.19
ORD01542,2025-08-03,CUST0569,Delhi,Punjabi Rasoi,Healthy Food,1,326.17,58.77,40,Credit Card,Delivered,5.0,307.4
ORD02203,2025-08-03,CUST0151,Bengaluru,South Spice,Chinese,2,246.36,32.09,40,UPI,Delivered,3.8,500.63
ORD00879,2025-08-03,CUST0798,Mumbai,Tandoor Tales,South Indian,2,159.24,16.24,30,Wallet,Delivered,4.3,332.24
ORD00370,2025-08-03,CUST0192,Delhi,Capital Bites,Burgers,2,217.98,19.92,20,Credit Card,Delivered,4.7,436.04
ORD01017,2025-08-04,CUST0470,Mumbai,Mumbai Masala,Healthy Food,1,385.98,36.75,30,Cash,Delivered,4.6,379.23
ORD02238,2025-08-04,CUST0654,Mumbai,Coastal Kitchen,Biryani,1,272.53,44.54,30,UPI,Delivered,4.6,257.99
ORD00767,2025-08-04,CUST0122,Delhi,Street Feast,South Indian,1,253.23,39.92,30,Debit Card,Delivered,4.3,243.31
ORD01254,2025-08-04,CUST0622,Bengaluru,Bengaluru Bowl,Burgers,1,189.02,5.71,20,UPI,Delivered,,203.31
ORD00286,2025-08-04,CUST0779,Bengaluru,Bengaluru Bowl,Chinese,1,344.67,1.27,20,UPI,Delivered,4.7,363.4
ORD01151,2025-08-04,CUST0526,Mumbai,Mumbai Masala,Burgers,1,167.77,3.91,30,UPI,Delivered,4.1,193.86
ORD00432,2025-08-04,CUST0512,Hyderabad,Biryani Point,Biryani,1,378.07,59.13,20,Credit Card,Cancelled,4.3,338.94
ORD01483,2025-08-04,CUST0779,Kochi,Coconut Cafe,Pizza,2,342.1,134.17,20,Cash,Delivered,3.6,570.03
ORD01434,2025-08-05,CUST0235,Kolkata,Biryani Corner,North Indian,1,358.81,33.83,30,Cash,Delivered,2.9,354.98
ORD00099,2025-08-05,CUST0792,Kolkata,Kolkata Kitchen,Desserts,1,210.31,13.25,50,Wallet,Delivered,5.0,247.06
ORD00968,2025-08-05,CUST0056,Pune,Cafe Central,Chinese,1,158.3,30.86,40,UPI,Cancelled,3.9,167.44
ORD02056,2025-08-05,CUST0035,Kolkata,Biryani Corner,Burgers,4,192.1,10.8,40,UPI,Delivered,4.1,797.6
ORD01105,2025-08-05,CUST0596,Chennai,Dosa House,Pizza,1,307.79,14.2,20,Credit Card,Delivered,4.5,313.59
ORD02673,2025-08-05,CUST0768,Bengaluru,South Spice,North Indian,3,273.01,19.05,20,Credit Card,Delivered,4.8,819.98
ORD01118,2025-08-06,CUST0236,Kochi,Malabar Bites,Pizza,1,368.83,62.22,20,Debit Card,Delivered,4.1,326.61
ORD02010,2025-08-06,CUST0318,Pune,Deccan Kitchen,Chinese,3,308.5,85.63,20,UPI,Delivered,4.3,859.87
ORD01555,2025-08-06,CUST0710,Chennai,Dosa House,Chinese,2,223.37,73.11,20,UPI,Delivered,4.8,393.63
ORD00294,2025-08-06,CUST0144,Bengaluru,South Spice,Burgers,3,311.97,40.48,30,Debit Card,Cancelled,4.4,925.43
ORD00476,2025-08-06,CUST0120,Chennai,Spice Hub,Pizza,1,484.5,18.09,30,Credit Card,Delivered,4.3,496.41
ORD02494,2025-08-06,CUST0477,Chennai,Chennai Bites,North Indian,3,265.63,13.63,40,UPI,Delivered,4.9,823.26
ORD02309,2025-08-06,CUST0740,Pune,Deccan Kitchen,Chinese,2,243.34,29.37,30,Credit Card,Delivered,3.5,487.31
ORD00966,2025-08-06,CUST0303,Bengaluru,South Spice,Burgers,1,189.89,7.5,20,Credit Card,Delivered,4.0,202.39
ORD00134,2025-08-06,CUST0407,Delhi,Street Feast,Biryani,2,219.01,29.33,40,Wallet,Delivered,4.6,448.69
ORD01584,2025-08-07,CUST0594,Mumbai,Coastal Kitchen,South Indian,3,193.49,106.21,60,Credit Card,Delivered,3.5,534.26
ORD00773,2025-08-07,CUST0316,Mumbai,Mumbai Masala,North Indian,1,294.63,14.81,40,Wallet,Delivered,4.4,319.82
ORD02393,2025-08-07,CUST0154,Pune,Deccan Kitchen,Healthy Food,2,296.3,95.84,30,Wallet,Cancelled,3.7,526.76
ORD01567,2025-08-07,CUST0778,Mumbai,Coastal Kitchen,North Indian,3,268.92,88.35,20,UPI,Delivered,3.5,738.41
ORD02310,2025-08-07,CUST0783,Mumbai,Tandoor Tales,Healthy Food,1,217.58,13.39,40,UPI,Delivered,3.5,244.19
ORD00351,2025-08-07,CUST0670,Pune,Pune Pantry,Pizza,2,370.27,102.64,30,UPI,Delivered,5.0,667.9
ORD00240,2025-08-08,CUST0225,Kolkata,Kolkata Kitchen,Desserts,2,156.53,36.53,40,Credit Card,Delivered,,316.53
ORD02347,2025-08-08,CUST0658,Bengaluru,Bengaluru Bowl,Pizza,2,305.76,69.87,30,Wallet,Delivered,4.5,571.65
ORD00091,2025-08-08,CUST0252,Chennai,Chennai Bites,Biryani,3,274.27,18.54,50,Wallet,Delivered,4.1,854.27
ORD01923,2025-08-08,CUST0693,Mumbai,Mumbai Masala,Chinese,2,285.98,51.33,30,UPI,Delivered,4.2,550.63
ORD00093,2025-08-08,CUST0296,Kolkata,Kolkata Kitchen,North Indian,2,443.31,82.79,30,Credit Card,Delivered,5.0,833.83
ORD02619,2025-08-08,CUST0658,Chennai,Dosa House,Burgers,1,245.97,15.86,60,UPI,Delivered,4.0,290.11
ORD02713,2025-08-08,CUST0768,Bengaluru,Tech Tadka,Pizza,1,299.22,4.33,30,Cash,Delivered,4.7,324.89
ORD01982,2025-08-08,CUST0225,Kochi,Coconut Cafe,Desserts,1,164.22,21.49,50,UPI,Delivered,4.1,192.73
ORD01937,2025-08-09,CUST0726,Bengaluru,Bengaluru Bowl,Desserts,2,158.53,61.53,50,Debit Card,Delivered,4.1,305.53
ORD01316,2025-08-09,CUST0318,Mumbai,Mumbai Masala,Healthy Food,1,321.74,2.52,30,UPI,Delivered,5.0,349.22
ORD01934,2025-08-09,CUST0740,Delhi,Delhi Zaika,North Indian,1,398.49,31.65,20,Credit Card,Delivered,3.4,386.84
ORD00884,2025-08-09,CUST0249,Delhi,Punjabi Rasoi,Chinese,1,198.48,27.84,40,Debit Card,Delivered,4.1,210.64
ORD01341,2025-08-09,CUST0643,Pune,Deccan Kitchen,Chinese,1,373.06,10.56,40,UPI,Delivered,4.1,402.5
ORD02902,2025-08-09,CUST0696,Delhi,Delhi Zaika,Healthy Food,2,234.83,24.78,40,UPI,Delivered,3.8,484.88
ORD02414,2025-08-09,CUST0631,Hyderabad,Biryani Point,Burgers,3,271.68,101.56,40,Wallet,Delivered,4.6,753.48
ORD02740,2025-08-09,CUST0425,Pune,Marathi Meals,Chinese,1,184.11,26.7,20,UPI,Delivered,4.4,177.41
ORD02462,2025-08-09,CUST0781,Kochi,Malabar Bites,South Indian,1,137.85,0.47,50,Debit Card,Delivered,4.3,187.38
ORD01081,2025-08-10,CUST0787,Bengaluru,Bengaluru Bowl,Chinese,2,220.74,61.68,40,UPI,Delivered,4.2,419.8
ORD00400,2025-08-10,CUST0793,Hyderabad,Hyderabad House,South Indian,2,193.31,46.88,50,Credit Card,Delivered,4.3,389.74
ORD02003,2025-08-10,CUST0223,Bengaluru,South Spice,Biryani,1,283.7,19.0,20,Credit Card,Delivered,3.3,284.7
ORD02023,2025-08-10,CUST0410,Delhi,Street Feast,South Indian,2,155.22,37.06,30,Debit Card,Delivered,3.8,303.38
ORD02349,2025-08-10,CUST0589,Bengaluru,Tech Tadka,Pizza,2,405.82,4.77,30,UPI,Delivered,4.5,836.87
ORD02169,2025-08-10,CUST0293,Bengaluru,Garden Kitchen,South Indian,2,189.17,69.75,40,Debit Card,Returned,4.0,348.59
ORD01182,2025-08-10,CUST0550,Hyderabad,Nawab Kitchen,South Indian,2,203.31,61.66,30,UPI,Delivered,3.7,374.96
ORD00818,2025-08-10,CUST0385,Hyderabad,Hyderabad House,Pizza,4,367.69,194.04,40,UPI,Delivered,4.6,1316.72
ORD02218,2025-08-10,CUST0495,Mumbai,Mumbai Masala,South Indian,1,196.23,24.6,20,UPI,Delivered,3.0,191.63
ORD01181,2025-08-11,CUST0157,Kolkata,Kolkata Kitchen,Burgers,1,243.4,20.97,30,Credit Card,Delivered,4.2,252.43
ORD02267,2025-08-11,CUST0482,Kochi,Coconut Cafe,Chinese,4,412.05,188.79,20,Credit Card,Delivered,4.3,1479.41
ORD02622,2025-08-11,CUST0672,Kolkata,Bengal Feast,Biryani,1,327.02,16.86,30,Cash,Delivered,4.2,340.16
ORD00264,2025-08-11,CUST0144,Chennai,Urban Tiffin,North Indian,1,357.65,7.47,40,Wallet,Delivered,3.5,390.18
ORD00600,2025-08-11,CUST0099,Kolkata,East Spice,Pizza,1,283.49,24.55,40,Credit Card,Cancelled,3.2,298.94
ORD02212,2025-08-11,CUST0129,Mumbai,Coastal Kitchen,Pizza,1,314.99,11.19,50,UPI,Returned,4.8,353.8
ORD02289,2025-08-11,CUST0291,Bengaluru,Tech Tadka,Desserts,1,138.04,13.02,40,UPI,Delivered,4.0,165.02
ORD01913,2025-08-12,CUST0605,Chennai,Dosa House,North Indian,3,292.53,130.87,30,Debit Card,Delivered,4.4,776.72
ORD01169,2025-08-12,CUST0391,Pune,Deccan Kitchen,South Indian,1,152.69,23.22,20,UPI,Delivered,4.5,149.47
ORD00688,2025-08-12,CUST0500,Hyderabad,Deccan Delights,Chinese,2,285.06,63.72,40,Credit Card,Returned,3.7,546.4
ORD02017,2025-08-12,CUST0459,Bengaluru,South Spice,North Indian,2,314.82,92.97,50,Wallet,Delivered,3.5,586.67
ORD01085,2025-08-12,CUST0113,Kochi,Coastal Treats,North Indian,1,383.77,30.22,20,UPI,Delivered,4.2,373.55
ORD02327,2025-08-12,CUST0783,Pune,Pune Pantry,Pizza,2,370.69,99.45,20,Credit Card,Delivered,3.7,661.93
ORD02892,2025-08-12,CUST0463,Hyderabad,Nawab Kitchen,Pizza,1,244.01,47.93,20,UPI,Returned,5.0,216.08
ORD02998,2025-08-13,CUST0319,Bengaluru,Bengaluru Bowl,North Indian,2,280.02,72.94,20,Credit Card,Delivered,3.8,507.1
ORD01104,2025-08-13,CUST0642,Pune,Marathi Meals,South Indian,2,199.65,60.46,40,UPI,Delivered,4.1,378.84
ORD02964,2025-08-13,CUST0020,Pune,Marathi Meals,Biryani,1,337.36,48.83,40,UPI,Delivered,3.7,328.53
ORD02782,2025-08-13,CUST0228,Bengaluru,South Spice,Desserts,1,214.32,15.17,50,UPI,Cancelled,3.9,249.15
ORD00348,2025-08-13,CUST0375,Mumbai,Bombay Bites,South Indian,1,169.31,30.47,40,Credit Card,Delivered,3.4,178.84
ORD00561,2025-08-13,CUST0577,Kochi,Malabar Bites,Biryani,1,225.22,8.45,30,UPI,Delivered,4.0,246.77
ORD00787,2025-08-13,CUST0558,Delhi,Street Feast,South Indian,2,169.26,58.82,40,Cash,Cancelled,3.9,319.7
ORD01665,2025-08-13,CUST0440,Mumbai,Mumbai Masala,Biryani,1,190.92,32.17,20,UPI,Cancelled,4.5,178.75
ORD00287,2025-08-14,CUST0473,Pune,Deccan Kitchen,Chinese,1,283.91,7.7,40,Wallet,Delivered,4.8,316.21
ORD02294,2025-08-14,CUST0003,Mumbai,Bombay Bites,Burgers,2,229.4,40.51,60,Cash,Delivered,4.7,478.29
ORD01167,2025-08-14,CUST0646,Hyderabad,Hyderabad House,Healthy Food,1,376.24,50.06,50,UPI,Delivered,4.7,376.18
ORD02812,2025-08-14,CUST0382,Delhi,Street Feast,Chinese,1,265.66,46.22,40,Cash,Delivered,4.5,259.44
ORD02353,2025-08-14,CUST0350,Mumbai,Mumbai Masala,Biryani,1,173.23,32.86,60,Debit Card,Delivered,3.6,200.37
ORD01114,2025-08-14,CUST0606,Hyderabad,Hyderabad House,North Indian,1,291.36,11.1,30,UPI,Delivered,3.9,310.26
ORD00398,2025-08-15,CUST0128,Mumbai,Bombay Bites,Burgers,2,217.23,62.42,30,UPI,Delivered,4.0,402.04
ORD00208,2025-08-15,CUST0649,Delhi,Delhi Zaika,Desserts,1,160.99,4.91,40,Credit Card,Delivered,3.9,196.08
ORD00998,2025-08-15,CUST0273,Pune,Pune Pantry,South Indian,1,198.99,29.88,20,UPI,Delivered,4.0,189.11
ORD02320,2025-08-15,CUST0336,Mumbai,Mumbai Masala,Burgers,2,217.58,39.92,50,UPI,Delivered,5.0,445.24
ORD01033,2025-08-15,CUST0315,Mumbai,Bombay Bites,Chinese,1,228.47,26.0,20,UPI,Delivered,4.3,222.47
ORD02582,2025-08-15,CUST0578,Hyderabad,Deccan Delights,South Indian,2,185.72,8.23,20,UPI,Delivered,5.0,383.21
ORD02472,2025-08-15,CUST0712,Chennai,Dosa House,North Indian,1,208.88,10.82,30,UPI,Delivered,4.7,228.06
ORD02439,2025-08-15,CUST0459,Delhi,Capital Bites,Chinese,1,274.19,21.89,30,Debit Card,Delivered,3.2,282.3
ORD00277,2025-08-15,CUST0511,Pune,Pune Pantry,South Indian,1,149.75,5.32,50,Credit Card,Delivered,4.4,194.43
ORD00336,2025-08-15,CUST0398,Chennai,Spice Hub,Burgers,1,136.72,8.05,30,UPI,Delivered,4.2,158.67
ORD01063,2025-08-16,CUST0004,Delhi,Street Feast,South Indian,2,170.91,33.02,50,Cash,Delivered,3.2,358.8
ORD01098,2025-08-16,CUST0010,Mumbai,Coastal Kitchen,Chinese,2,350.83,18.29,30,Wallet,Delivered,4.3,713.37
ORD02504,2025-08-16,CUST0012,Mumbai,Bombay Bites,Burgers,1,232.75,15.35,30,UPI,Delivered,3.3,247.4
ORD01403,2025-08-16,CUST0396,Chennai,Dosa House,Pizza,1,376.24,33.37,20,Wallet,Delivered,3.6,362.87
ORD01269,2025-08-16,CUST0575,Kolkata,Kolkata Kitchen,North Indian,4,210.56,51.17,50,UPI,Delivered,4.6,841.07
ORD02878,2025-08-16,CUST0235,Hyderabad,Hyderabad House,North Indian,1,327.05,36.9,30,UPI,Delivered,4.6,320.15
ORD00764,2025-08-16,CUST0668,Mumbai,Mumbai Masala,Healthy Food,3,296.14,29.09,40,UPI,Cancelled,3.9,899.33
ORD00011,2025-08-16,CUST0215,Hyderabad,Biryani Point,Chinese,1,301.64,12.83,20,Debit Card,Delivered,3.0,308.81
ORD00105,2025-08-16,CUST0041,Chennai,Dosa House,Pizza,2,235.15,88.45,20,Debit Card,Delivered,5.0,401.85
ORD02331,2025-08-17,CUST0470,Chennai,Dosa House,Pizza,1,326.61,53.76,50,Debit Card,Cancelled,3.0,322.85
ORD01003,2025-08-17,CUST0537,Kolkata,Biryani Corner,Biryani,2,280.82,74.79,50,Debit Card,Delivered,3.0,536.85
ORD02757,2025-08-17,CUST0079,Mumbai,Tandoor Tales,Healthy Food,1,272.18,39.5,40,Wallet,Delivered,3.8,272.68
ORD02403,2025-08-17,CUST0146,Bengaluru,Tech Tadka,Healthy Food,1,388.74,59.25,40,UPI,Cancelled,3.6,369.49
ORD01586,2025-08-18,CUST0372,Mumbai,Coastal Kitchen,Healthy Food,1,422.22,9.57,20,UPI,Returned,4.4,432.65
ORD02179,2025-08-18,CUST0059,Delhi,Punjabi Rasoi,Desserts,3,167.44,14.84,40,Credit Card,Delivered,4.8,527.48
ORD02063,2025-08-18,CUST0159,Chennai,Urban Tiffin,Chinese,1,266.86,52.0,40,UPI,Delivered,4.3,254.86
ORD02737,2025-08-18,CUST0017,Pune,Pune Pantry,Burgers,1,173.98,18.28,30,UPI,Cancelled,5.0,185.7
ORD01714,2025-08-18,CUST0089,Kochi,Coconut Cafe,North Indian,1,251.4,3.35,30,Credit Card,Cancelled,4.3,278.05
ORD01066,2025-08-18,CUST0606,Bengaluru,South Spice,Pizza,1,412.13,47.66,40,Credit Card,Delivered,3.4,404.47
ORD00885,2025-08-19,CUST0166,Hyderabad,Biryani Point,Pizza,2,479.54,123.97,50,Credit Card,Delivered,4.4,885.11
ORD02220,2025-08-19,CUST0175,Mumbai,Coastal Kitchen,Desserts,1,196.25,37.58,30,Wallet,Delivered,4.3,188.67
ORD02907,2025-08-19,CUST0023,Kolkata,Kolkata Kitchen,Chinese,2,247.72,52.83,60,UPI,Returned,4.8,502.61
ORD00069,2025-08-19,CUST0035,Chennai,Dosa House,Desserts,1,100.4,2.79,60,UPI,Delivered,3.4,157.61
ORD01909,2025-08-20,CUST0584,Kochi,Malabar Bites,Burgers,2,179.18,38.94,30,Debit Card,Delivered,5.0,349.42
ORD02454,2025-08-20,CUST0353,Delhi,Capital Bites,Chinese,2,268.69,65.09,50,UPI,Delivered,4.7,522.29
ORD00836,2025-08-20,CUST0001,Chennai,Chennai Bites,Burgers,1,264.36,32.56,30,UPI,Delivered,,261.8
ORD00447,2025-08-20,CUST0150,Bengaluru,Tech Tadka,Biryani,3,258.66,3.4,30,Debit Card,Delivered,3.7,802.58
ORD02059,2025-08-20,CUST0207,Kochi,Malabar Bites,North Indian,1,356.42,33.0,50,UPI,Delivered,4.4,373.42
ORD00191,2025-08-20,CUST0506,Bengaluru,South Spice,North Indian,1,280.51,21.61,30,UPI,Delivered,3.5,288.9
ORD01082,2025-08-21,CUST0724,Delhi,Delhi Zaika,Biryani,3,300.72,160.0,20,UPI,Delivered,3.9,762.16
ORD01604,2025-08-21,CUST0497,Bengaluru,Garden Kitchen,Biryani,1,279.52,11.51,30,Cash,Delivered,3.0,298.01
ORD02786,2025-08-21,CUST0211,Bengaluru,Garden Kitchen,Biryani,4,292.74,117.94,20,Debit Card,Delivered,4.5,1073.02
ORD02471,2025-08-21,CUST0230,Bengaluru,Tech Tadka,Biryani,1,291.51,20.88,20,Cash,Delivered,4.5,290.63
ORD01131,2025-08-21,CUST0229,Mumbai,Tandoor Tales,Biryani,4,240.76,59.64,20,UPI,Delivered,3.8,923.4
ORD01899,2025-08-21,CUST0162,Kochi,Kerala Kitchen,Pizza,3,436.81,186.21,30,Credit Card,Delivered,3.4,1154.22
ORD00889,2025-08-21,CUST0759,Kochi,Kerala Kitchen,Biryani,1,365.38,24.06,30,Cash,Delivered,2.6,371.32
ORD00507,2025-08-21,CUST0154,Hyderabad,Nawab Kitchen,South Indian,2,166.36,56.2,30,UPI,Delivered,4.3,306.52
ORD02210,2025-08-22,CUST0008,Mumbai,Coastal Kitchen,Chinese,3,278.77,156.29,20,Debit Card,Delivered,4.9,700.02
ORD01828,2025-08-22,CUST0037,Kolkata,Biryani Corner,North Indian,1,347.63,65.86,20,Wallet,Delivered,3.7,301.77
ORD01764,2025-08-22,CUST0147,Hyderabad,Hyderabad House,Pizza,2,367.36,135.51,20,UPI,Delivered,4.3,619.21
ORD00663,2025-08-22,CUST0751,Pune,Cafe Central,South Indian,1,221.3,16.76,30,UPI,Delivered,4.0,234.54
ORD00869,2025-08-22,CUST0578,Chennai,Spice Hub,Pizza,2,232.42,42.02,20,Wallet,Delivered,3.6,442.82
ORD01936,2025-08-22,CUST0678,Pune,Pune Pantry,Pizza,1,387.35,34.99,20,Credit Card,Delivered,4.2,372.36
ORD01954,2025-08-23,CUST0607,Pune,Marathi Meals,Biryani,1,269.82,14.76,30,UPI,Delivered,3.7,285.06
ORD00973,2025-08-23,CUST0078,Kolkata,Kolkata Kitchen,Chinese,1,183.31,14.2,60,UPI,Delivered,4.1,229.11
ORD02197,2025-08-23,CUST0184,Delhi,Punjabi Rasoi,North Indian,2,218.84,18.73,40,UPI,Cancelled,4.4,458.95
ORD01822,2025-08-23,CUST0233,Kochi,Kerala Kitchen,South Indian,1,196.78,36.73,30,Credit Card,Delivered,3.6,190.05
ORD01187,2025-08-23,CUST0254,Mumbai,Mumbai Masala,North Indian,1,405.42,17.87,30,UPI,Delivered,5.0,417.55
ORD00591,2025-08-23,CUST0729,Mumbai,Bombay Bites,Chinese,1,166.65,27.83,50,Debit Card,Delivered,3.9,188.82
ORD01032,2025-08-23,CUST0443,Kolkata,Bengal Feast,Healthy Food,1,217.79,4.8,20,UPI,Cancelled,3.8,232.99
ORD02096,2025-08-23,CUST0021,Hyderabad,Biryani Point,Desserts,1,183.39,18.02,30,Wallet,Delivered,4.2,195.37
ORD02247,2025-08-24,CUST0585,Bengaluru,Bengaluru Bowl,Desserts,1,110.65,2.33,60,Credit Card,Delivered,3.6,168.32
ORD00758,2025-08-24,CUST0012,Bengaluru,Bengaluru Bowl,Chinese,1,270.75,43.67,40,Debit Card,Delivered,3.2,267.08
ORD00999,2025-08-24,CUST0231,Delhi,Delhi Zaika,South Indian,1,211.65,21.41,20,UPI,Delivered,3.9,210.24
ORD01773,2025-08-25,CUST0363,Chennai,Spice Hub,Chinese,1,307.47,49.88,30,Wallet,Delivered,3.7,287.59
ORD02525,2025-08-25,CUST0406,Kolkata,Biryani Corner,Biryani,2,323.18,32.99,20,Credit Card,Delivered,4.4,633.37
ORD02602,2025-08-25,CUST0025,Delhi,Capital Bites,South Indian,1,242.17,15.45,30,Debit Card,Delivered,4.7,256.72
ORD01015,2025-08-25,CUST0228,Chennai,Spice Hub,Biryani,1,128.43,24.25,30,UPI,Delivered,4.7,134.18
ORD02597,2025-08-25,CUST0336,Bengaluru,South Spice,South Indian,1,208.11,29.51,50,Wallet,Delivered,3.7,228.6
ORD02351,2025-08-25,CUST0090,Chennai,Urban Tiffin,South Indian,2,149.82,23.4,30,Credit Card,Delivered,3.5,306.24
ORD01315,2025-08-25,CUST0723,Bengaluru,South Spice,Pizza,2,371.43,87.48,20,UPI,Delivered,4.6,675.38
ORD00486,2025-08-25,CUST0393,Chennai,Chennai Bites,South Indian,1,163.6,0.04,50,Debit Card,Returned,3.5,213.56
ORD02799,2025-08-25,CUST0138,Chennai,Urban Tiffin,South Indian,2,196.8,1.52,30,UPI,Delivered,3.7,422.08
ORD02447,2025-08-25,CUST0554,Kolkata,East Spice,North Indian,3,335.43,135.51,30,Credit Card,Delivered,4.1,900.78
ORD02718,2025-08-25,CUST0708,Delhi,Delhi Zaika,Biryani,2,176.42,19.39,60,Credit Card,Cancelled,4.4,393.45
ORD01632,2025-08-25,CUST0245,Delhi,Street Feast,Desserts,2,63.68,1.81,50,Credit Card,Delivered,4.3,175.55
ORD02001,2025-08-25,CUST0073,Bengaluru,Bengaluru Bowl,Chinese,1,280.5,9.4,30,Cash,Delivered,4.4,301.1
ORD01692,2025-08-26,CUST0517,Mumbai,Mumbai Masala,Biryani,2,233.91,8.99,40,Credit Card,Delivered,4.1,498.83
ORD00226,2025-08-26,CUST0510,Hyderabad,Hyderabad House,Biryani,1,342.66,12.88,40,Credit Card,Delivered,3.8,369.78
ORD02511,2025-08-26,CUST0237,Delhi,Delhi Zaika,Pizza,1,386.44,35.75,20,Cash,Delivered,,370.69
ORD02415,2025-08-26,CUST0661,Bengaluru,South Spice,North Indian,3,380.93,31.43,30,UPI,Delivered,4.4,1141.36
ORD02281,2025-08-26,CUST0711,Mumbai,Bombay Bites,South Indian,2,188.31,63.05,40,UPI,Delivered,3.9,353.57
ORD01802,2025-08-27,CUST0524,Delhi,Street Feast,Biryani,1,270.32,12.34,40,UPI,Delivered,3.9,297.98
ORD02200,2025-08-27,CUST0178,Chennai,Spice Hub,Pizza,1,342.79,22.03,50,UPI,Delivered,4.2,370.76
ORD00558,2025-08-27,CUST0427,Bengaluru,South Spice,North Indian,2,243.93,68.44,40,UPI,Delivered,4.9,459.42
ORD01918,2025-08-27,CUST0686,Delhi,Capital Bites,Pizza,1,310.18,50.17,50,UPI,Delivered,4.4,310.01
ORD02659,2025-08-27,CUST0101,Pune,Marathi Meals,North Indian,1,372.5,29.8,50,Wallet,Delivered,4.2,392.7
ORD02836,2025-08-27,CUST0523,Chennai,Dosa House,Pizza,1,318.18,12.66,20,Credit Card,Delivered,3.9,325.52
ORD02911,2025-08-27,CUST0367,Bengaluru,Garden Kitchen,Biryani,1,251.6,5.11,30,Wallet,Delivered,4.2,276.49
ORD01853,2025-08-27,CUST0381,Kochi,Malabar Bites,Burgers,2,259.21,30.71,40,Debit Card,Delivered,4.6,527.71
ORD02689,2025-08-27,CUST0246,Pune,Pune Pantry,Burgers,2,224.51,31.05,50,Wallet,Delivered,4.0,467.97
ORD01390,2025-08-27,CUST0381,Mumbai,Bombay Bites,Desserts,2,110.07,37.77,30,UPI,Delivered,4.8,212.37
ORD00777,2025-08-27,CUST0041,Kolkata,East Spice,Pizza,1,396.52,34.55,30,UPI,Delivered,3.6,391.97
ORD02211,2025-08-27,CUST0341,Kochi,Coastal Treats,Chinese,1,306.15,24.99,40,UPI,Delivered,4.6,321.16
ORD02020,2025-08-27,CUST0390,Bengaluru,Garden Kitchen,South Indian,3,165.44,86.23,30,UPI,Delivered,4.0,440.09
ORD02708,2025-08-27,CUST0497,Hyderabad,Nawab Kitchen,Healthy Food,2,365.89,7.05,40,Debit Card,Delivered,3.8,764.73
ORD00030,2025-08-28,CUST0314,Delhi,Capital Bites,North Indian,2,327.11,117.34,40,Cash,Returned,5.0,576.88
ORD02608,2025-08-28,CUST0079,Pune,Cafe Central,Burgers,1,184.32,15.48,60,Wallet,Delivered,3.1,228.84
ORD01492,2025-08-28,CUST0310,Delhi,Delhi Zaika,Biryani,1,297.32,45.42,60,UPI,Delivered,3.9,311.9
ORD01191,2025-08-28,CUST0517,Kochi,Kerala Kitchen,Chinese,1,340.71,5.21,30,UPI,Delivered,2.6,365.5
ORD00536,2025-08-28,CUST0223,Kochi,Kerala Kitchen,North Indian,3,239.48,132.84,20,UPI,Delivered,3.5,605.6
ORD01410,2025-08-29,CUST0500,Delhi,Delhi Zaika,North Indian,2,378.01,44.67,50,UPI,Cancelled,3.5,761.35
ORD00932,2025-08-29,CUST0466,Bengaluru,Tech Tadka,Pizza,4,270.59,164.24,30,UPI,Delivered,4.7,948.12
ORD01875,2025-08-29,CUST0075,Mumbai,Bombay Bites,North Indian,1,256.34,33.95,20,Credit Card,Delivered,5.0,242.39
ORD02665,2025-08-29,CUST0422,Pune,Marathi Meals,South Indian,3,155.72,14.49,60,UPI,Delivered,3.8,512.67
ORD01159,2025-08-29,CUST0665,Delhi,Delhi Zaika,South Indian,3,187.98,78.37,40,UPI,Delivered,4.4,525.57
ORD00482,2025-08-29,CUST0474,Chennai,Chennai Bites,Biryani,2,194.54,59.34,30,Credit Card,Delivered,4.7,359.74
ORD01431,2025-08-29,CUST0201,Hyderabad,Deccan Delights,Biryani,1,287.84,46.14,20,Debit Card,Delivered,4.5,261.7
ORD01280,2025-08-29,CUST0640,Chennai,Chennai Bites,Chinese,1,312.35,7.22,60,Wallet,Delivered,4.4,365.13
ORD02828,2025-08-29,CUST0374,Chennai,Spice Hub,Burgers,1,245.45,25.63,40,Debit Card,Delivered,,259.82
ORD01338,2025-08-30,CUST0644,Chennai,Spice Hub,North Indian,1,345.11,65.47,30,UPI,Delivered,4.1,309.64
ORD01752,2025-08-30,CUST0318,Hyderabad,Biryani Point,Biryani,1,229.04,15.78,30,UPI,Delivered,4.2,243.26
ORD01743,2025-08-30,CUST0037,Pune,Deccan Kitchen,Biryani,1,277.41,52.25,60,UPI,Delivered,5.0,285.16
ORD01157,2025-08-30,CUST0575,Pune,Marathi Meals,Burgers,4,225.95,143.31,50,Wallet,Delivered,3.2,810.49
ORD02588,2025-08-30,CUST0266,Mumbai,Bombay Bites,Chinese,1,273.45,35.83,40,Credit Card,Delivered,4.2,277.62
ORD02157,2025-08-30,CUST0305,Mumbai,Mumbai Masala,South Indian,3,128.94,45.02,40,Credit Card,Cancelled,4.9,381.8
ORD00771,2025-08-30,CUST0648,Pune,Marathi Meals,Pizza,3,295.28,125.93,40,Wallet,Delivered,3.7,799.91
ORD01242,2025-08-30,CUST0051,Kolkata,Biryani Corner,Desserts,2,189.79,17.54,30,UPI,Delivered,4.5,392.04
ORD02680,2025-08-30,CUST0741,Chennai,Dosa House,South Indian,2,183.79,48.0,20,UPI,Delivered,4.7,339.58
ORD00181,2025-08-31,CUST0574,Mumbai,Coastal Kitchen,Pizza,2,373.21,86.28,30,UPI,Delivered,4.4,690.14
ORD00563,2025-08-31,CUST0168,Chennai,Urban Tiffin,South Indian,1,178.17,22.29,30,UPI,Delivered,4.4,185.88
ORD02829,2025-08-31,CUST0781,Chennai,Spice Hub,Biryani,1,288.55,41.88,40,Credit Card,Delivered,3.5,286.67
ORD01090,2025-09-01,CUST0654,Hyderabad,Biryani Point,Chinese,1,258.34,40.45,30,UPI,Delivered,4.2,247.89
ORD02491,2025-09-01,CUST0442,Mumbai,Tandoor Tales,South Indian,1,208.22,8.34,30,UPI,Cancelled,3.1,229.88
ORD01644,2025-09-01,CUST0577,Kolkata,East Spice,Chinese,1,327.74,62.35,50,UPI,Delivered,4.4,315.39
ORD01227,2025-09-02,CUST0141,Pune,Pune Pantry,Pizza,2,276.44,26.08,30,UPI,Delivered,4.0,556.8
ORD00054,2025-09-02,CUST0388,Mumbai,Coastal Kitchen,Desserts,1,191.37,32.51,60,Debit Card,Delivered,3.0,218.86
ORD01457,2025-09-02,CUST0342,Bengaluru,Tech Tadka,North Indian,1,359.73,41.12,30,Credit Card,Delivered,3.1,348.61
ORD02666,2025-09-02,CUST0231,Kochi,Coastal Treats,South Indian,1,272.31,34.0,20,UPI,Delivered,4.1,258.31
ORD02954,2025-09-02,CUST0755,Kochi,Kerala Kitchen,Chinese,2,368.67,51.18,60,Credit Card,Delivered,4.3,746.16
ORD01660,2025-09-02,CUST0140,Hyderabad,Hyderabad House,South Indian,2,133.76,8.42,20,UPI,Delivered,,279.1
ORD01988,2025-09-02,CUST0194,Chennai,Dosa House,South Indian,4,219.44,27.15,40,UPI,Cancelled,3.3,890.61
ORD00669,2025-09-02,CUST0230,Mumbai,Mumbai Masala,Chinese,1,297.1,25.14,60,UPI,Delivered,4.8,331.96
ORD00501,2025-09-02,CUST0704,Bengaluru,Bengaluru Bowl,South Indian,2,160.34,25.04,40,UPI,Delivered,3.7,335.64
ORD01856,2025-09-02,CUST0029,Mumbai,Tandoor Tales,Biryani,4,231.66,110.44,20,Debit Card,Delivered,3.9,836.2
ORD00746,2025-09-03,CUST0047,Delhi,Street Feast,Healthy Food,2,408.14,10.42,20,UPI,Delivered,4.5,825.86
ORD02352,2025-09-03,CUST0345,Mumbai,Tandoor Tales,Desserts,2,173.39,51.66,20,UPI,Cancelled,4.2,315.12
ORD01818,2025-09-03,CUST0467,Mumbai,Tandoor Tales,Desserts,2,152.6,39.21,20,Credit Card,Delivered,4.3,285.99
ORD00248,2025-09-03,CUST0672,Delhi,Punjabi Rasoi,Biryani,1,296.91,44.55,50,Credit Card,Delivered,3.7,302.36
ORD00744,2025-09-03,CUST0441,Mumbai,Bombay Bites,Healthy Food,1,381.49,3.51,40,Debit Card,Delivered,3.7,417.98
ORD02558,2025-09-03,CUST0342,Bengaluru,South Spice,Biryani,1,237.34,24.79,50,Cash,Delivered,5.0,262.55
ORD02842,2025-09-03,CUST0665,Delhi,Delhi Zaika,Biryani,2,245.28,19.48,20,Debit Card,Delivered,4.5,491.08
ORD02408,2025-09-03,CUST0687,Chennai,Chennai Bites,Biryani,1,346.57,26.72,20,UPI,Delivered,4.3,339.85
ORD02722,2025-09-03,CUST0764,Pune,Pune Pantry,Pizza,1,423.94,10.67,30,UPI,Delivered,4.7,443.27
ORD01851,2025-09-03,CUST0763,Bengaluru,Tech Tadka,Desserts,2,219.65,40.59,40,Credit Card,Cancelled,3.7,438.71
ORD02129,2025-09-03,CUST0460,Mumbai,Bombay Bites,Burgers,1,219.59,19.21,30,Debit Card,Delivered,4.1,230.38
ORD01835,2025-09-03,CUST0192,Hyderabad,Biryani Point,Biryani,1,153.48,30.04,20,UPI,Delivered,4.0,143.44
ORD02357,2025-09-04,CUST0108,Mumbai,Bombay Bites,Biryani,1,224.97,9.99,40,UPI,Delivered,3.9,254.98
ORD01229,2025-09-04,CUST0210,Kochi,Coastal Treats,Biryani,1,238.42,13.95,20,UPI,Delivered,4.0,244.47
ORD02626,2025-09-04,CUST0060,Bengaluru,Garden Kitchen,Healthy Food,1,314.34,14.66,30,UPI,Cancelled,4.2,329.68
ORD01272,2025-09-04,CUST0602,Kolkata,Bengal Feast,Desserts,1,168.56,11.65,50,UPI,Returned,3.8,206.91
ORD01482,2025-09-04,CUST0149,Mumbai,Mumbai Masala,South Indian,2,128.86,49.14,50,UPI,Delivered,5.0,258.58
ORD00325,2025-09-04,CUST0510,Kochi,Malabar Bites,Biryani,2,250.18,47.0,40,UPI,Delivered,3.5,493.36
ORD02774,2025-09-04,CUST0483,Pune,Pune Pantry,Burgers,1,226.26,44.16,30,UPI,Delivered,4.2,212.1
ORD02288,2025-09-04,CUST0497,Mumbai,Bombay Bites,Chinese,1,285.24,52.23,30,UPI,Delivered,4.3,263.01
ORD00266,2025-09-04,CUST0201,Kochi,Coconut Cafe,Chinese,3,214.96,69.1,50,Wallet,Delivered,4.0,625.78
ORD01810,2025-09-04,CUST0017,Mumbai,Coastal Kitchen,North Indian,2,295.24,22.44,20,Credit Card,Delivered,3.2,588.04
ORD02505,2025-09-04,CUST0657,Bengaluru,South Spice,Biryani,1,264.46,1.28,30,Debit Card,Delivered,4.5,293.18
ORD01833,2025-09-04,CUST0324,Chennai,Spice Hub,North Indian,1,229.26,3.71,30,UPI,Delivered,4.6,255.55
ORD00924,2025-09-05,CUST0093,Hyderabad,Biryani Point,Biryani,3,268.19,70.23,30,Wallet,Delivered,4.1,764.34
ORD01547,2025-09-05,CUST0216,Mumbai,Bombay Bites,South Indian,1,228.97,37.57,20,UPI,Delivered,4.6,211.4
ORD01617,2025-09-05,CUST0170,Kochi,Coconut Cafe,Chinese,1,180.81,20.7,40,Cash,Delivered,3.6,200.11
ORD00318,2025-09-05,CUST0625,Pune,Marathi Meals,Biryani,1,284.89,43.65,50,UPI,Delivered,3.8,291.24
ORD00203,2025-09-05,CUST0259,Hyderabad,Hyderabad House,Biryani,1,342.04,0.83,40,Credit Card,Delivered,4.0,381.21
ORD01361,2025-09-05,CUST0761,Chennai,Spice Hub,Biryani,4,215.77,86.13,20,Debit Card,Delivered,4.2,796.95
ORD01651,2025-09-05,CUST0324,Bengaluru,South Spice,South Indian,3,168.6,2.95,20,UPI,Delivered,4.0,522.85
ORD01164,2025-09-05,CUST0104,Mumbai,Mumbai Masala,Chinese,2,315.53,119.47,20,Debit Card,Delivered,4.5,531.59
ORD00119,2025-09-05,CUST0675,Bengaluru,Tech Tadka,Chinese,2,306.66,62.57,20,UPI,Delivered,4.2,570.75
ORD02800,2025-09-05,CUST0550,Delhi,Punjabi Rasoi,Biryani,2,276.15,39.31,30,Credit Card,Delivered,4.3,542.99
ORD00293,2025-09-05,CUST0764,Kolkata,East Spice,Biryani,1,224.58,34.19,40,Credit Card,Delivered,4.1,230.39
ORD01271,2025-09-05,CUST0537,Bengaluru,Bengaluru Bowl,Burgers,1,251.71,37.95,30,UPI,Delivered,4.0,243.76
ORD02683,2025-09-06,CUST0510,Delhi,Capital Bites,Pizza,1,408.31,75.48,40,Credit Card,Delivered,3.7,372.83
ORD02636,2025-09-06,CUST0779,Delhi,Capital Bites,Desserts,2,108.87,34.93,20,UPI,Delivered,5.0,202.81
ORD00770,2025-09-06,CUST0090,Delhi,Capital Bites,Burgers,2,150.25,50.8,30,Credit Card,Cancelled,3.7,279.7
ORD01372,2025-09-06,CUST0078,Chennai,Dosa House,South Indian,1,164.09,13.88,20,UPI,Delivered,4.6,170.21
ORD00722,2025-09-06,CUST0505,Kolkata,Kolkata Kitchen,Biryani,1,174.33,10.63,30,Credit Card,Cancelled,4.5,193.7
ORD02319,2025-09-06,CUST0619,Pune,Deccan Kitchen,North Indian,1,296.37,34.41,30,UPI,Delivered,5.0,291.96
ORD02381,2025-09-07,CUST0026,Delhi,Delhi Zaika,Desserts,1,102.05,7.38,20,Credit Card,Cancelled,4.2,114.67
ORD01966,2025-09-07,CUST0088,Bengaluru,Tech Tadka,Pizza,1,463.86,36.48,30,UPI,Delivered,4.7,457.38
ORD02569,2025-09-07,CUST0429,Delhi,Delhi Zaika,Burgers,2,203.79,37.93,30,Wallet,Delivered,3.1,399.65
ORD00763,2025-09-07,CUST0408,Chennai,Spice Hub,Chinese,2,327.99,63.63,30,UPI,Delivered,4.4,622.35
ORD00703,2025-09-07,CUST0714,Delhi,Delhi Zaika,Chinese,1,255.79,46.8,40,UPI,Cancelled,3.9,248.99
ORD00724,2025-09-07,CUST0508,Bengaluru,Tech Tadka,North Indian,1,208.31,17.08,40,Wallet,Delivered,4.7,231.23
ORD02529,2025-09-07,CUST0161,Mumbai,Tandoor Tales,Healthy Food,1,340.95,3.03,60,Debit Card,Delivered,4.8,397.92
ORD00110,2025-09-07,CUST0344,Kochi,Coconut Cafe,Biryani,1,237.08,36.34,40,Wallet,Delivered,4.0,240.74
ORD00540,2025-09-07,CUST0608,Kochi,Coastal Treats,Healthy Food,1,318.84,42.65,40,Debit Card,Delivered,2.6,316.19
ORD01880,2025-09-08,CUST0022,Delhi,Delhi Zaika,Biryani,1,313.77,4.99,30,UPI,Delivered,3.5,338.78
ORD02776,2025-09-08,CUST0017,Mumbai,Coastal Kitchen,South Indian,1,146.76,23.89,50,UPI,Delivered,3.7,172.87
ORD00382,2025-09-08,CUST0745,Pune,Cafe Central,Burgers,1,203.1,6.78,30,UPI,Delivered,4.2,226.32
ORD02785,2025-09-08,CUST0399,Hyderabad,Biryani Point,Pizza,1,328.83,46.17,40,UPI,Delivered,4.2,322.66
ORD00350,2025-09-08,CUST0750,Hyderabad,Nawab Kitchen,Biryani,2,321.17,5.62,30,Debit Card,Cancelled,4.0,666.72
ORD00021,2025-09-08,CUST0770,Delhi,Punjabi Rasoi,Healthy Food,3,356.05,127.4,30,Debit Card,Delivered,4.1,970.75
ORD00020,2025-09-08,CUST0309,Pune,Pune Pantry,Burgers,1,234.39,40.66,30,UPI,Delivered,5.0,223.73
ORD01449,2025-09-08,CUST0034,Delhi,Capital Bites,Desserts,3,115.5,12.91,30,Wallet,Delivered,4.8,363.59
ORD02234,2025-09-08,CUST0345,Delhi,Capital Bites,Biryani,3,219.96,125.83,20,UPI,Delivered,3.3,554.05
ORD01256,2025-09-09,CUST0182,Pune,Deccan Kitchen,Biryani,1,278.43,42.88,20,UPI,Delivered,4.1,255.55
ORD01717,2025-09-09,CUST0357,Pune,Deccan Kitchen,Burgers,3,146.64,32.27,60,Credit Card,Delivered,3.8,467.65
ORD00343,2025-09-09,CUST0640,Delhi,Punjabi Rasoi,Biryani,4,310.15,49.44,30,UPI,Delivered,5.0,1221.16
ORD00718,2025-09-09,CUST0001,Hyderabad,Biryani Point,Burgers,2,187.14,9.88,40,UPI,Delivered,3.7,404.4
ORD02509,2025-09-09,CUST0656,Mumbai,Mumbai Masala,Burgers,3,277.84,40.02,30,Wallet,Delivered,3.6,823.5
ORD01031,2025-09-09,CUST0738,Delhi,Capital Bites,Desserts,1,135.94,21.69,30,Wallet,Delivered,4.7,144.25
ORD01203,2025-09-09,CUST0047,Hyderabad,Biryani Point,Chinese,1,247.67,43.13,30,Credit Card,Delivered,4.0,234.54
ORD02857,2025-09-10,CUST0631,Hyderabad,Deccan Delights,Biryani,1,160.56,27.33,40,Wallet,Delivered,,173.23
ORD02567,2025-09-10,CUST0678,Delhi,Delhi Zaika,Burgers,1,145.01,26.36,30,Credit Card,Delivered,4.7,148.65
ORD02083,2025-09-10,CUST0418,Delhi,Punjabi Rasoi,Chinese,2,440.4,69.35,20,Cash,Delivered,4.3,831.45
ORD01881,2025-09-10,CUST0459,Chennai,Spice Hub,North Indian,1,341.44,1.37,20,UPI,Delivered,3.9,360.07
ORD02379,2025-09-11,CUST0726,Kolkata,Bengal Feast,Burgers,1,113.29,7.02,20,UPI,Delivered,3.5,126.27
ORD00048,2025-09-11,CUST0131,Chennai,Chennai Bites,Pizza,2,340.84,40.15,50,Cash,Delivered,2.8,691.53
ORD01367,2025-09-11,CUST0604,Chennai,Chennai Bites,North Indian,1,207.76,10.15,40,UPI,Delivered,3.4,237.61
ORD01418,2025-09-11,CUST0059,Delhi,Street Feast,Burgers,1,232.6,29.49,50,UPI,Delivered,4.2,253.11
ORD00204,2025-09-11,CUST0359,Chennai,Dosa House,Biryani,1,303.92,54.5,20,Cash,Delivered,4.1,269.42
ORD02853,2025-09-11,CUST0113,Chennai,Spice Hub,Healthy Food,2,321.83,94.41,20,UPI,Delivered,4.3,569.25
ORD02060,2025-09-12,CUST0353,Pune,Pune Pantry,Pizza,3,337.43,191.24,20,UPI,Delivered,4.1,841.05
ORD02372,2025-09-12,CUST0376,Mumbai,Bombay Bites,Desserts,2,217.52,71.43,40,Debit Card,Delivered,4.1,403.61
ORD00422,2025-09-12,CUST0759,Kochi,Coastal Treats,North Indian,3,373.46,138.55,40,Debit Card,Delivered,4.4,1021.83
ORD01252,2025-09-12,CUST0405,Mumbai,Bombay Bites,Biryani,1,310.37,50.86,50,Wallet,Delivered,4.2,309.51
ORD01417,2025-09-12,CUST0632,Mumbai,Mumbai Masala,Chinese,3,352.01,14.55,20,UPI,Delivered,3.0,1061.48
ORD00412,2025-09-12,CUST0490,Delhi,Delhi Zaika,Biryani,2,163.32,30.78,40,Debit Card,Delivered,4.1,335.86
ORD01956,2025-09-13,CUST0544,Hyderabad,Nawab Kitchen,North Indian,2,305.39,56.21,20,UPI,Delivered,5.0,574.57
ORD02095,2025-09-13,CUST0552,Delhi,Street Feast,North Indian,1,361.39,52.58,50,Credit Card,Delivered,4.6,358.81
ORD02068,2025-09-13,CUST0364,Mumbai,Tandoor Tales,South Indian,2,161.01,19.57,40,UPI,Delivered,3.2,342.45
ORD02795,2025-09-13,CUST0350,Delhi,Delhi Zaika,Chinese,1,266.24,32.98,40,Credit Card,Delivered,4.1,273.26
ORD00997,2025-09-13,CUST0039,Pune,Deccan Kitchen,Desserts,1,160.98,0.47,30,UPI,Delivered,3.1,190.51
ORD02205,2025-09-13,CUST0638,Delhi,Street Feast,Healthy Food,1,303.84,14.01,30,UPI,Delivered,3.8,319.83
ORD01732,2025-09-13,CUST0537,Bengaluru,Bengaluru Bowl,Desserts,1,194.81,25.45,20,Wallet,Cancelled,4.8,189.36
ORD02365,2025-09-13,CUST0298,Delhi,Capital Bites,Healthy Food,2,249.89,73.49,20,Credit Card,Delivered,4.5,446.29
ORD01319,2025-09-13,CUST0285,Mumbai,Bombay Bites,North Indian,3,367.13,159.7,20,UPI,Delivered,4.7,961.69
ORD00466,2025-09-14,CUST0350,Hyderabad,Biryani Point,Desserts,2,127.2,50.49,40,UPI,Cancelled,5.0,243.91
ORD00842,2025-09-14,CUST0449,Hyderabad,Biryani Point,Biryani,2,261.67,9.64,30,UPI,Returned,4.5,543.7
ORD01301,2025-09-14,CUST0148,Bengaluru,Garden Kitchen,Pizza,1,324.67,2.51,60,UPI,Delivered,2.9,382.16
ORD02042,2025-09-14,CUST0309,Kolkata,Biryani Corner,South Indian,1,217.31,15.19,50,UPI,Delivered,4.6,252.12
ORD01050,2025-09-15,CUST0137,Kochi,Malabar Bites,Pizza,1,361.9,46.82,40,Credit Card,Delivered,4.1,355.08
ORD02064,2025-09-15,CUST0024,Chennai,Dosa House,North Indian,1,307.93,14.88,50,UPI,Delivered,5.0,343.05
ORD00566,2025-09-15,CUST0285,Mumbai,Mumbai Masala,Burgers,2,234.55,41.35,40,Cash,Delivered,4.7,467.75
ORD00588,2025-09-15,CUST0413,Bengaluru,South Spice,South Indian,4,233.27,167.95,40,UPI,Cancelled,3.4,805.13
ORD01607,2025-09-15,CUST0397,Bengaluru,Tech Tadka,Pizza,1,430.22,11.17,50,Cash,Cancelled,3.1,469.05
ORD02821,2025-09-15,CUST0370,Pune,Deccan Kitchen,Biryani,2,230.3,75.23,50,Wallet,Delivered,5.0,435.37
ORD01709,2025-09-15,CUST0003,Mumbai,Mumbai Masala,Healthy Food,1,353.62,17.69,50,UPI,Delivered,,385.93
ORD02721,2025-09-16,CUST0624,Delhi,Capital Bites,Chinese,1,314.1,26.7,30,UPI,Cancelled,5.0,317.4
ORD00235,2025-09-16,CUST0002,Pune,Marathi Meals,Pizza,2,425.09,104.71,20,UPI,Delivered,4.5,765.47
ORD00579,2025-09-16,CUST0602,Delhi,Capital Bites,Desserts,1,159.84,24.59,20,Credit Card,Delivered,3.5,155.25
ORD00044,2025-09-16,CUST0563,Mumbai,Bombay Bites,South Indian,1,208.84,9.2,40,Credit Card,Delivered,3.3,239.64
ORD00856,2025-09-16,CUST0306,Delhi,Delhi Zaika,Biryani,3,300.02,119.26,20,Cash,Delivered,4.2,800.8
ORD00247,2025-09-17,CUST0730,Bengaluru,Tech Tadka,North Indian,1,242.15,5.06,30,Credit Card,Delivered,3.8,267.09
ORD02152,2025-09-17,CUST0121,Kochi,Coastal Treats,Healthy Food,1,309.35,49.29,50,UPI,Delivered,4.3,310.06
ORD00262,2025-09-17,CUST0511,Bengaluru,Garden Kitchen,Biryani,1,287.0,15.35,40,Cash,Delivered,4.1,311.65
ORD00778,2025-09-17,CUST0740,Mumbai,Tandoor Tales,Biryani,1,313.96,11.17,40,Credit Card,Delivered,4.5,342.79
ORD00916,2025-09-17,CUST0374,Mumbai,Coastal Kitchen,South Indian,2,194.87,64.92,30,UPI,Cancelled,4.5,354.82
ORD00458,2025-09-17,CUST0264,Pune,Cafe Central,Biryani,3,266.22,111.59,30,Debit Card,Delivered,3.5,717.07
ORD00659,2025-09-17,CUST0215,Pune,Pune Pantry,Healthy Food,1,297.81,34.49,40,Cash,Delivered,4.4,303.32
ORD02973,2025-09-17,CUST0772,Kolkata,Biryani Corner,Pizza,1,387.57,24.26,30,UPI,Delivered,3.3,393.31
ORD00028,2025-09-17,CUST0161,Chennai,Chennai Bites,South Indian,2,158.5,10.57,40,UPI,Delivered,4.9,346.43
ORD01218,2025-09-17,CUST0550,Delhi,Punjabi Rasoi,Burgers,1,221.68,7.86,40,UPI,Delivered,4.1,253.82
ORD00067,2025-09-17,CUST0509,Hyderabad,Deccan Delights,Chinese,1,191.58,6.94,30,Credit Card,Delivered,3.6,214.64
ORD01730,2025-09-17,CUST0463,Chennai,Dosa House,Pizza,1,360.37,34.62,40,Debit Card,Returned,4.4,365.75
ORD00851,2025-09-17,CUST0250,Kolkata,Bengal Feast,Desserts,2,129.83,27.95,40,UPI,Cancelled,4.3,271.71
ORD00063,2025-09-18,CUST0092,Hyderabad,Hyderabad House,Pizza,3,400.57,235.87,60,UPI,Returned,4.8,1025.84
ORD01796,2025-09-18,CUST0551,Chennai,Spice Hub,Burgers,1,293.14,11.34,30,UPI,Delivered,4.9,311.8
ORD01636,2025-09-19,CUST0440,Hyderabad,Deccan Delights,Chinese,1,408.21,67.24,30,Wallet,Delivered,4.5,370.97
ORD00666,2025-09-19,CUST0074,Chennai,Urban Tiffin,North Indian,3,286.07,106.7,40,Debit Card,Delivered,4.6,791.51
ORD00209,2025-09-19,CUST0318,Mumbai,Mumbai Masala,North Indian,3,379.91,172.94,20,Credit Card,Delivered,4.0,986.79
ORD00475,2025-09-19,CUST0657,Pune,Cafe Central,Chinese,1,299.11,25.49,20,UPI,Delivered,3.8,293.62
ORD01454,2025-09-19,CUST0588,Delhi,Delhi Zaika,Pizza,2,325.03,82.43,20,UPI,Delivered,4.7,587.63
ORD02834,2025-09-19,CUST0288,Mumbai,Tandoor Tales,North Indian,1,284.73,19.18,20,UPI,Delivered,4.2,285.55
ORD00469,2025-09-19,CUST0269,Hyderabad,Biryani Point,Biryani,1,225.33,1.16,50,UPI,Delivered,,274.17
ORD02656,2025-09-19,CUST0615,Delhi,Punjabi Rasoi,Chinese,2,162.65,0.5,40,Debit Card,Delivered,2.6,364.8
ORD00232,2025-09-20,CUST0081,Hyderabad,Biryani Point,Pizza,1,154.06,9.84,50,UPI,Delivered,,194.22
ORD02848,2025-09-20,CUST0725,Mumbai,Mumbai Masala,South Indian,4,217.7,5.83,50,UPI,Delivered,3.9,914.97
ORD01019,2025-09-20,CUST0623,Hyderabad,Nawab Kitchen,Burgers,2,148.07,21.34,50,UPI,Delivered,4.2,324.8
ORD02065,2025-09-21,CUST0404,Hyderabad,Biryani Point,South Indian,2,212.81,43.76,30,Debit Card,Delivered,3.9,411.86
ORD00919,2025-09-21,CUST0696,Delhi,Street Feast,Desserts,1,180.39,15.31,40,Credit Card,Delivered,3.5,205.08
ORD01693,2025-09-21,CUST0773,Hyderabad,Nawab Kitchen,North Indian,1,297.79,51.73,50,Credit Card,Delivered,4.3,296.06
ORD02730,2025-09-21,CUST0554,Mumbai,Coastal Kitchen,Biryani,2,243.57,83.04,20,Cash,Delivered,3.4,424.1
ORD02398,2025-09-21,CUST0531,Mumbai,Tandoor Tales,Burgers,3,268.2,96.08,20,UPI,Delivered,4.1,728.52
ORD01018,2025-09-21,CUST0034,Kolkata,East Spice,North Indian,2,287.61,36.56,60,Debit Card,Delivered,4.5,598.66
ORD00943,2025-09-21,CUST0546,Chennai,Spice Hub,South Indian,3,158.3,6.52,30,UPI,Delivered,3.7,498.38
ORD00822,2025-09-21,CUST0709,Chennai,Chennai Bites,Biryani,1,287.68,9.56,60,Debit Card,Delivered,3.8,338.12
ORD02215,2025-09-21,CUST0352,Mumbai,Coastal Kitchen,Biryani,2,280.62,71.33,50,UPI,Delivered,4.0,539.91
ORD01103,2025-09-21,CUST0168,Delhi,Punjabi Rasoi,South Indian,1,201.16,11.87,40,Wallet,Delivered,,229.29
ORD00404,2025-09-21,CUST0323,Bengaluru,Garden Kitchen,Burgers,1,186.82,27.14,20,UPI,Delivered,4.9,179.68
ORD00279,2025-09-22,CUST0148,Pune,Cafe Central,Burgers,1,240.72,39.65,20,Wallet,Delivered,5.0,221.07
ORD01981,2025-09-22,CUST0002,Kochi,Coconut Cafe,North Indian,1,261.49,41.3,20,Credit Card,Delivered,3.0,240.19
ORD00849,2025-09-22,CUST0551,Bengaluru,South Spice,South Indian,2,151.81,59.64,40,UPI,Delivered,4.7,283.98
ORD02443,2025-09-22,CUST0531,Pune,Pune Pantry,Healthy Food,1,327.03,44.03,30,Credit Card,Delivered,3.3,313.0
ORD00508,2025-09-22,CUST0656,Mumbai,Bombay Bites,Biryani,1,193.47,36.99,50,UPI,Delivered,3.4,206.48
ORD00390,2025-09-22,CUST0099,Hyderabad,Hyderabad House,South Indian,1,135.0,20.55,20,Debit Card,Delivered,2.8,134.45
ORD02295,2025-09-22,CUST0085,Kochi,Coastal Treats,South Indian,2,181.57,19.45,20,Cash,Cancelled,3.8,363.69
ORD01270,2025-09-22,CUST0244,Kochi,Kerala Kitchen,Burgers,2,229.8,78.68,40,Debit Card,Delivered,4.1,420.92
ORD02995,2025-09-23,CUST0159,Kolkata,Kolkata Kitchen,North Indian,1,307.83,49.42,50,Debit Card,Delivered,4.6,308.41
ORD01307,2025-09-23,CUST0360,Mumbai,Coastal Kitchen,Pizza,2,344.08,8.75,30,UPI,Cancelled,5.0,709.41
ORD02279,2025-09-23,CUST0065,Kochi,Kerala Kitchen,Biryani,1,203.74,13.79,40,UPI,Delivered,4.0,229.95
ORD01611,2025-09-23,CUST0493,Kolkata,Bengal Feast,Biryani,1,194.16,14.18,30,UPI,Delivered,4.2,209.98
ORD01599,2025-09-23,CUST0171,Chennai,Urban Tiffin,North Indian,1,229.3,13.28,30,Debit Card,Delivered,3.8,246.02
ORD00572,2025-09-23,CUST0499,Bengaluru,South Spice,Pizza,2,178.66,36.7,30,Credit Card,Delivered,4.0,350.62
ORD02813,2025-09-23,CUST0590,Chennai,Urban Tiffin,Biryani,2,267.5,59.83,40,UPI,Delivered,4.4,515.17
ORD01571,2025-09-23,CUST0794,Bengaluru,Bengaluru Bowl,North Indian,2,338.16,51.82,40,Debit Card,Delivered,3.5,664.5
ORD00419,2025-09-24,CUST0039,Bengaluru,Bengaluru Bowl,Pizza,1,273.74,2.82,40,UPI,Delivered,4.4,310.92
ORD02775,2025-09-24,CUST0664,Kochi,Coastal Treats,Desserts,2,181.36,6.39,60,Credit Card,Delivered,4.6,416.33
ORD02614,2025-09-24,CUST0608,Hyderabad,Deccan Delights,Burgers,2,246.09,20.47,30,Credit Card,Delivered,4.4,501.71
ORD00522,2025-09-24,CUST0432,Hyderabad,Hyderabad House,South Indian,1,227.5,41.89,40,Debit Card,Delivered,4.3,225.61
ORD01141,2025-09-24,CUST0574,Chennai,Urban Tiffin,Pizza,3,379.71,184.07,40,Credit Card,Delivered,3.7,995.06
ORD00739,2025-09-24,CUST0229,Kolkata,Kolkata Kitchen,North Indian,1,239.13,43.55,40,Wallet,Delivered,4.6,235.58
ORD01993,2025-09-24,CUST0143,Mumbai,Mumbai Masala,South Indian,1,217.6,32.15,40,UPI,Returned,3.9,225.45
ORD00216,2025-09-24,CUST0672,Hyderabad,Hyderabad House,Biryani,1,169.14,21.24,30,Wallet,Delivered,4.1,177.9
ORD00590,2025-09-25,CUST0420,Bengaluru,Tech Tadka,Burgers,2,202.43,63.39,20,Cash,Delivered,4.2,361.47
ORD00217,2025-09-25,CUST0608,Mumbai,Coastal Kitchen,Burgers,1,190.07,30.8,20,Debit Card,Delivered,4.5,179.27
ORD02223,2025-09-25,CUST0119,Delhi,Capital Bites,Biryani,1,256.54,5.44,30,Credit Card,Cancelled,4.5,281.1
ORD00231,2025-09-25,CUST0625,Kochi,Malabar Bites,Chinese,1,195.79,37.69,40,Wallet,Delivered,4.3,198.1
ORD00474,2025-09-25,CUST0659,Kolkata,Kolkata Kitchen,Desserts,1,196.36,37.53,30,Debit Card,Delivered,4.3,188.83
ORD02127,2025-09-25,CUST0449,Mumbai,Bombay Bites,Chinese,1,258.41,10.06,50,Debit Card,Cancelled,3.6,298.35
ORD00417,2025-09-25,CUST0246,Chennai,Chennai Bites,Biryani,1,310.05,42.24,30,UPI,Delivered,,297.81
ORD01058,2025-09-25,CUST0006,Hyderabad,Hyderabad House,Pizza,1,298.37,13.3,60,Credit Card,Delivered,4.2,345.07
ORD00535,2025-09-25,CUST0180,Delhi,Capital Bites,Chinese,3,235.15,52.54,40,UPI,Delivered,4.2,692.91
ORD02451,2025-09-25,CUST0036,Bengaluru,Tech Tadka,Biryani,1,189.73,21.53,40,UPI,Delivered,3.2,208.2
ORD02165,2025-09-25,CUST0251,Chennai,Chennai Bites,Biryani,2,268.43,95.04,30,UPI,Delivered,4.0,471.82
ORD02418,2025-09-26,CUST0655,Mumbai,Tandoor Tales,Healthy Food,2,278.2,35.0,20,Credit Card,Delivered,3.7,541.4
ORD02029,2025-09-26,CUST0087,Hyderabad,Nawab Kitchen,Pizza,2,354.21,109.64,20,Wallet,Cancelled,4.8,618.78
ORD02499,2025-09-26,CUST0618,Kochi,Kerala Kitchen,South Indian,1,183.87,5.93,30,Cash,Delivered,4.4,207.94
ORD02084,2025-09-26,CUST0774,Bengaluru,South Spice,Pizza,2,385.96,154.22,40,Credit Card,Delivered,4.6,657.7
ORD01865,2025-09-26,CUST0738,Kochi,Coastal Treats,Desserts,4,138.08,15.57,40,Credit Card,Delivered,5.0,576.75
ORD01992,2025-09-26,CUST0122,Bengaluru,Bengaluru Bowl,Pizza,1,436.32,0.17,20,UPI,Cancelled,4.0,456.15
ORD02402,2025-09-26,CUST0202,Chennai,Chennai Bites,Chinese,1,264.36,38.82,50,Debit Card,Delivered,3.7,275.54
ORD00891,2025-09-26,CUST0563,Mumbai,Coastal Kitchen,Pizza,1,400.83,7.35,40,UPI,Delivered,4.1,433.48
ORD00260,2025-09-26,CUST0610,Delhi,Street Feast,Biryani,2,339.78,96.77,40,UPI,Delivered,4.6,622.79
ORD02664,2025-09-26,CUST0124,Delhi,Street Feast,Desserts,3,190.99,2.44,20,UPI,Delivered,4.3,590.53
ORD00367,2025-09-27,CUST0659,Bengaluru,Tech Tadka,Pizza,1,244.49,26.38,50,Cash,Delivered,3.5,268.11
ORD00197,2025-09-27,CUST0385,Mumbai,Mumbai Masala,South Indian,4,183.72,76.96,40,UPI,Delivered,4.1,697.92
ORD01479,2025-09-27,CUST0371,Delhi,Punjabi Rasoi,Biryani,3,216.55,31.33,20,UPI,Delivered,3.8,638.32
ORD02335,2025-09-27,CUST0564,Pune,Cafe Central,Biryani,2,262.82,55.81,20,Debit Card,Delivered,5.0,489.83
ORD02781,2025-09-27,CUST0366,Bengaluru,South Spice,Burgers,4,175.63,113.49,40,UPI,Cancelled,5.0,629.03
ORD00094,2025-09-27,CUST0725,Delhi,Punjabi Rasoi,North Indian,1,386.62,11.02,60,Credit Card,Delivered,3.6,435.6
ORD02871,2025-09-27,CUST0663,Delhi,Punjabi Rasoi,South Indian,1,139.01,12.53,40,Cash,Delivered,4.3,166.48
ORD01904,2025-09-28,CUST0786,Chennai,Chennai Bites,Burgers,2,258.81,57.69,40,Credit Card,Delivered,,499.93
ORD01647,2025-09-28,CUST0429,Bengaluru,South Spice,South Indian,1,198.95,25.33,20,UPI,Delivered,,193.62
ORD01441,2025-09-28,CUST0610,Pune,Marathi Meals,Biryani,2,228.12,73.58,20,Debit Card,Cancelled,4.5,402.66
ORD02445,2025-09-28,CUST0218,Chennai,Chennai Bites,Biryani,1,174.91,20.23,30,UPI,Delivered,3.1,184.68
ORD02301,2025-09-28,CUST0221,Kolkata,Biryani Corner,Pizza,1,432.66,80.75,60,Credit Card,Delivered,4.0,411.91
ORD02240,2025-09-28,CUST0304,Chennai,Spice Hub,Biryani,1,306.44,56.76,40,UPI,Delivered,4.8,289.68
ORD02542,2025-09-28,CUST0361,Kochi,Coastal Treats,Healthy Food,2,406.83,72.57,30,Debit Card,Delivered,3.5,771.09
ORD01469,2025-09-28,CUST0476,Hyderabad,Deccan Delights,Chinese,2,236.3,22.6,20,Debit Card,Delivered,3.1,470.0
ORD02725,2025-09-28,CUST0227,Kolkata,Bengal Feast,Desserts,3,161.86,70.9,50,UPI,Delivered,3.3,464.68
ORD02755,2025-09-28,CUST0726,Mumbai,Mumbai Masala,North Indian,1,458.05,71.16,30,Credit Card,Delivered,4.7,416.89
ORD00312,2025-09-28,CUST0152,Mumbai,Bombay Bites,North Indian,3,296.76,175.33,50,UPI,Delivered,3.9,764.95
ORD01348,2025-09-28,CUST0055,Hyderabad,Hyderabad House,North Indian,2,333.28,10.06,30,UPI,Delivered,4.1,686.5
ORD02893,2025-09-29,CUST0407,Bengaluru,Bengaluru Bowl,South Indian,1,130.74,8.28,20,UPI,Delivered,4.0,142.46
ORD01071,2025-09-29,CUST0715,Hyderabad,Deccan Delights,Chinese,1,250.74,34.13,20,UPI,Cancelled,3.7,236.61
ORD00316,2025-09-29,CUST0628,Kochi,Coastal Treats,North Indian,1,295.02,25.7,20,,Delivered,3.3,289.32
ORD01200,2025-09-29,CUST0648,Chennai,Urban Tiffin,South Indian,2,173.66,47.69,50,UPI,Delivered,4.2,349.63
ORD02406,2025-09-29,CUST0242,Bengaluru,South Spice,Pizza,2,326.07,4.91,40,UPI,Delivered,4.4,687.23
ORD02827,2025-09-29,CUST0770,Kochi,Coastal Treats,Pizza,4,385.69,168.92,50,Debit Card,Delivered,,1423.84
ORD01411,2025-09-29,CUST0506,Chennai,Spice Hub,Healthy Food,3,269.92,73.28,40,Debit Card,Delivered,3.6,776.48
ORD01509,2025-09-29,CUST0491,Kochi,Coastal Treats,South Indian,3,206.89,76.34,30,Credit Card,Delivered,3.9,574.33
ORD00979,2025-09-30,CUST0699,Hyderabad,Hyderabad House,North Indian,2,385.03,32.13,50,Debit Card,Delivered,4.3,787.93
ORD02461,2025-09-30,CUST0708,Delhi,Punjabi Rasoi,Desserts,1,189.56,11.21,20,UPI,Delivered,3.8,198.35
ORD02648,2025-09-30,CUST0494,Chennai,Spice Hub,Pizza,1,413.99,2.64,20,UPI,Delivered,5.0,431.35
ORD01653,2025-09-30,CUST0293,Chennai,Urban Tiffin,Biryani,2,220.85,77.1,30,UPI,Delivered,3.8,394.6
ORD02224,2025-09-30,CUST0218,Chennai,Urban Tiffin,Biryani,1,286.92,47.86,30,Debit Card,Delivered,3.6,269.06
ORD01423,2025-09-30,CUST0115,Chennai,Spice Hub,Pizza,2,460.39,19.18,20,Cash,Delivered,2.9,921.6
ORD00307,2025-09-30,CUST0099,Kolkata,Kolkata Kitchen,Pizza,2,361.72,1.27,40,UPI,Returned,4.1,762.17
ORD01224,2025-09-30,CUST0363,Bengaluru,Bengaluru Bowl,Pizza,1,195.68,39.0,30,UPI,Delivered,4.6,186.68
ORD02390,2025-09-30,CUST0152,Pune,Pune Pantry,Biryani,1,210.71,17.95,40,Credit Card,Delivered,4.2,232.76
ORD00716,2025-09-30,CUST0456,Mumbai,Tandoor Tales,Biryani,1,267.49,23.65,30,UPI,Delivered,4.0,273.84
ORD02682,2025-09-30,CUST0645,Delhi,Punjabi Rasoi,North Indian,4,382.89,115.85,40,Wallet,Cancelled,3.6,1455.71
ORD02949,2025-09-30,CUST0418,Bengaluru,South Spice,Biryani,1,293.5,44.46,40,Cash,Delivered,4.2,289.04
ORD02483,2025-09-30,CUST0614,Pune,Pune Pantry,Pizza,3,533.95,91.8,20,UPI,Delivered,3.8,1530.05
ORD00681,2025-10-01,CUST0165,Pune,Cafe Central,Biryani,1,295.04,15.42,30,Wallet,Delivered,2.7,309.62
ORD01021,2025-10-01,CUST0369,Hyderabad,Hyderabad House,North Indian,2,235.14,30.52,20,Debit Card,Delivered,4.9,459.76
ORD01292,2025-10-01,CUST0063,Hyderabad,Deccan Delights,Pizza,2,409.22,97.04,30,UPI,Cancelled,4.4,751.4
ORD00935,2025-10-01,CUST0534,Kolkata,Kolkata Kitchen,Pizza,1,291.02,9.99,30,UPI,Delivered,4.6,311.03
ORD01213,2025-10-01,CUST0283,Bengaluru,Bengaluru Bowl,Healthy Food,1,343.31,40.65,30,UPI,Delivered,4.0,332.66
ORD01684,2025-10-02,CUST0330,Delhi,Street Feast,Desserts,2,184.03,39.34,20,UPI,Delivered,3.7,348.72
ORD02879,2025-10-02,CUST0345,Kochi,Kerala Kitchen,Pizza,1,337.3,25.19,20,UPI,Delivered,3.3,332.11
ORD00385,2025-10-02,CUST0349,Pune,Pune Pantry,Pizza,2,300.12,70.55,20,UPI,Delivered,4.8,549.69
ORD02898,2025-10-02,CUST0683,Delhi,Delhi Zaika,South Indian,1,234.12,17.18,40,Debit Card,Cancelled,4.1,256.94
ORD00374,2025-10-02,CUST0172,Kolkata,Bengal Feast,North Indian,2,260.71,55.11,40,Debit Card,Returned,5.0,506.31
ORD00725,2025-10-02,CUST0369,Delhi,Punjabi Rasoi,Healthy Food,1,330.67,8.2,30,UPI,Delivered,4.1,352.47
ORD00639,2025-10-02,CUST0069,Delhi,Capital Bites,South Indian,1,136.42,7.17,30,UPI,Delivered,4.7,159.25
ORD00894,2025-10-02,CUST0797,Delhi,Punjabi Rasoi,South Indian,1,181.33,29.13,60,UPI,Delivered,4.7,212.2
ORD00249,2025-10-02,CUST0710,Hyderabad,Deccan Delights,Chinese,2,186.91,26.83,30,Cash,Delivered,3.7,376.99
ORD02235,2025-10-03,CUST0001,Hyderabad,Deccan Delights,Chinese,1,278.61,9.02,30,UPI,Returned,4.7,299.59
ORD02072,2025-10-03,CUST0562,Mumbai,Mumbai Masala,Chinese,4,309.99,225.46,20,Debit Card,Delivered,4.4,1034.5
ORD02219,2025-10-03,CUST0086,Chennai,Chennai Bites,North Indian,2,306.04,114.22,30,UPI,Delivered,3.0,527.86
ORD02114,2025-10-03,CUST0623,Kochi,Malabar Bites,Biryani,2,253.78,92.13,50,Debit Card,Cancelled,4.5,465.43
ORD00451,2025-10-03,CUST0305,Delhi,Delhi Zaika,Biryani,1,357.4,9.54,40,UPI,Returned,4.4,387.86
ORD02387,2025-10-03,CUST0637,Pune,Cafe Central,Biryani,1,297.04,59.29,30,Debit Card,Delivered,3.9,267.75
ORD00426,2025-10-03,CUST0506,Chennai,Spice Hub,Biryani,2,265.31,87.83,20,UPI,Delivered,4.2,462.79
ORD00604,2025-10-04,CUST0663,Kochi,Coconut Cafe,Pizza,2,510.75,163.66,40,Credit Card,Delivered,4.2,897.84
ORD01984,2025-10-04,CUST0589,Delhi,Capital Bites,North Indian,1,327.57,35.08,20,Credit Card,Delivered,4.3,312.49
ORD00515,2025-10-04,CUST0047,Hyderabad,Nawab Kitchen,Burgers,1,223.89,8.04,20,Credit Card,Cancelled,5.0,235.85
ORD00291,2025-10-04,CUST0611,Kolkata,Biryani Corner,Healthy Food,1,176.43,1.79,30,Debit Card,Delivered,4.4,204.64
ORD00185,2025-10-04,CUST0620,Delhi,Delhi Zaika,Pizza,2,366.33,79.89,40,UPI,Delivered,3.7,692.77
ORD02142,2025-10-04,CUST0361,Chennai,Urban Tiffin,Healthy Food,1,317.07,49.15,20,UPI,Delivered,4.7,287.92
ORD01767,2025-10-04,CUST0092,Kolkata,Kolkata Kitchen,North Indian,1,245.85,22.6,30,UPI,Delivered,5.0,253.25
ORD00809,2025-10-04,CUST0063,Pune,Cafe Central,Chinese,2,288.43,33.37,30,Credit Card,Delivered,4.2,573.49
ORD01172,2025-10-04,CUST0448,Kochi,Coconut Cafe,Desserts,1,206.28,11.32,30,UPI,Delivered,4.9,224.96
ORD02572,2025-10-04,CUST0670,Mumbai,Coastal Kitchen,Chinese,1,308.1,27.02,20,Credit Card,Delivered,4.4,301.08
ORD01313,2025-10-05,CUST0215,Hyderabad,Nawab Kitchen,Desserts,2,128.9,40.58,60,Credit Card,Delivered,4.8,277.22
ORD01618,2025-10-05,CUST0546,Kochi,Coconut Cafe,North Indian,2,315.54,89.42,30,UPI,Cancelled,3.8,571.66
ORD01261,2025-10-05,CUST0431,Mumbai,Coastal Kitchen,Chinese,1,295.26,2.72,30,UPI,Delivered,4.7,322.54
ORD02296,2025-10-05,CUST0794,Chennai,Spice Hub,Desserts,1,169.53,2.03,20,Credit Card,Delivered,3.6,187.5
ORD02031,2025-10-05,CUST0537,Chennai,Dosa House,North Indian,1,311.69,23.94,40,UPI,Delivered,4.6,327.75
ORD01130,2025-10-05,CUST0779,Bengaluru,Bengaluru Bowl,South Indian,1,149.23,28.01,20,UPI,Delivered,4.0,141.22
ORD02271,2025-10-05,CUST0365,Pune,Pune Pantry,South Indian,3,163.14,73.57,60,,Delivered,2.7,475.85
ORD00689,2025-10-05,CUST0657,Kochi,Malabar Bites,Burgers,1,251.83,19.4,30,Debit Card,Delivered,4.3,262.43
ORD02631,2025-10-05,CUST0467,Bengaluru,South Spice,Burgers,4,182.96,41.32,30,Cash,Delivered,5.0,720.52
ORD02923,2025-10-05,CUST0515,Hyderabad,Nawab Kitchen,Biryani,1,204.77,1.48,30,UPI,Delivered,3.8,233.29
ORD00304,2025-10-06,CUST0160,Chennai,Urban Tiffin,Biryani,2,313.79,22.77,20,UPI,Delivered,3.5,624.81
ORD02014,2025-10-06,CUST0251,Delhi,Capital Bites,Pizza,1,368.26,17.41,40,UPI,Delivered,4.7,390.85
ORD00211,2025-10-06,CUST0225,Bengaluru,Garden Kitchen,South Indian,2,213.83,25.41,30,UPI,Delivered,4.2,432.25
ORD02788,2025-10-06,CUST0499,Hyderabad,Hyderabad House,North Indian,1,268.01,45.27,20,UPI,Delivered,4.0,242.74
ORD01335,2025-10-06,CUST0114,Chennai,Urban Tiffin,South Indian,3,186.53,28.46,50,UPI,Delivered,3.3,581.13
ORD02034,2025-10-06,CUST0122,Delhi,Punjabi Rasoi,Pizza,2,374.79,115.23,20,UPI,Delivered,5.0,654.35
ORD01363,2025-10-06,CUST0229,Delhi,Punjabi Rasoi,South Indian,1,198.84,12.48,20,UPI,Delivered,4.1,206.36
ORD02395,2025-10-06,CUST0580,Delhi,Street Feast,Pizza,1,314.7,24.13,30,Credit Card,Delivered,2.8,320.57
ORD00601,2025-10-06,CUST0548,Bengaluru,Garden Kitchen,Chinese,1,354.09,46.39,30,Credit Card,Delivered,4.5,337.7
ORD02972,2025-10-07,CUST0038,Delhi,Delhi Zaika,North Indian,1,310.89,1.72,40,Credit Card,Delivered,3.5,349.17
ORD02724,2025-10-07,CUST0744,Kochi,Malabar Bites,Desserts,1,153.23,29.62,30,Credit Card,Delivered,3.6,153.61
ORD01049,2025-10-07,CUST0664,Pune,Marathi Meals,Chinese,2,323.89,35.97,40,Credit Card,Delivered,4.1,651.81
ORD01549,2025-10-07,CUST0776,Pune,Cafe Central,Biryani,2,366.15,43.16,20,UPI,Delivered,3.6,709.14
ORD00072,2025-10-07,CUST0562,Bengaluru,South Spice,South Indian,1,152.43,28.57,20,UPI,Delivered,3.6,143.86
ORD01350,2025-10-07,CUST0800,Chennai,Chennai Bites,Healthy Food,1,318.14,26.3,30,Cash,Cancelled,3.5,321.84
ORD01578,2025-10-07,CUST0519,Hyderabad,Hyderabad House,Burgers,3,249.02,140.53,50,Debit Card,Delivered,3.8,656.53
ORD00711,2025-10-07,CUST0220,Kochi,Coastal Treats,South Indian,1,168.82,0.81,50,Credit Card,Delivered,4.5,218.01
ORD00896,2025-10-08,CUST0184,Chennai,Dosa House,South Indian,1,177.25,16.26,20,UPI,Delivered,4.5,180.99
ORD02798,2025-10-08,CUST0320,Chennai,Spice Hub,Pizza,1,248.54,30.88,30,UPI,Delivered,3.7,247.66
ORD00365,2025-10-08,CUST0481,Bengaluru,Bengaluru Bowl,Desserts,2,224.03,72.4,50,Debit Card,Delivered,3.6,425.66
ORD02993,2025-10-08,CUST0670,Chennai,Urban Tiffin,Biryani,2,342.98,106.07,40,UPI,Delivered,3.7,619.89
ORD02888,2025-10-08,CUST0436,Chennai,Urban Tiffin,Burgers,2,236.37,8.96,30,UPI,Delivered,4.4,493.78
ORD00980,2025-10-08,CUST0312,Bengaluru,Garden Kitchen,Pizza,1,347.35,34.16,50,Credit Card,Delivered,4.2,363.19
ORD02341,2025-10-08,CUST0291,Mumbai,Tandoor Tales,North Indian,1,304.92,4.89,20,Cash,Delivered,4.9,320.03
ORD00274,2025-10-08,CUST0764,Chennai,Spice Hub,South Indian,1,151.93,19.43,20,UPI,Delivered,3.2,152.5
ORD02547,2025-10-09,CUST0180,Delhi,Delhi Zaika,South Indian,1,218.22,28.35,30,UPI,Delivered,3.7,219.87
ORD01885,2025-10-09,CUST0748,Hyderabad,Biryani Point,Biryani,2,253.34,38.79,30,UPI,Delivered,4.3,497.89
ORD02532,2025-10-09,CUST0550,Delhi,Street Feast,Biryani,3,321.08,122.05,30,Debit Card,Delivered,4.0,871.19
ORD00823,2025-10-09,CUST0645,Delhi,Street Feast,Biryani,1,187.5,6.3,50,Credit Card,Delivered,5.0,231.2
ORD02264,2025-10-09,CUST0614,Hyderabad,Nawab Kitchen,Chinese,3,190.06,73.44,30,UPI,Delivered,3.6,526.74
ORD01325,2025-10-09,CUST0424,Kolkata,Kolkata Kitchen,Chinese,1,221.84,8.09,40,UPI,Delivered,3.7,253.75
ORD01862,2025-10-09,CUST0538,Mumbai,Coastal Kitchen,Pizza,1,307.64,33.43,20,UPI,Delivered,3.5,294.21
ORD01158,2025-10-09,CUST0143,Hyderabad,Hyderabad House,South Indian,2,93.78,22.63,20,,Delivered,4.5,184.93
ORD01867,2025-10-09,CUST0516,Hyderabad,Biryani Point,Biryani,2,280.34,25.08,30,Debit Card,Delivered,,565.6
ORD02845,2025-10-10,CUST0626,Bengaluru,Garden Kitchen,Chinese,1,236.82,42.54,40,UPI,Cancelled,4.0,234.28
ORD01351,2025-10-10,CUST0178,Delhi,Capital Bites,Desserts,1,173.4,24.29,30,UPI,Delivered,3.3,179.11
ORD01762,2025-10-10,CUST0262,Bengaluru,Bengaluru Bowl,Desserts,2,101.43,40.47,40,Wallet,Delivered,4.8,202.39
ORD01641,2025-10-10,CUST0359,Hyderabad,Deccan Delights,Healthy Food,1,312.72,8.52,50,Debit Card,Delivered,3.7,354.2
ORD02983,2025-10-10,CUST0515,Hyderabad,Biryani Point,South Indian,1,160.92,14.11,20,Credit Card,Delivered,3.8,166.81
ORD01520,2025-10-10,CUST0017,Mumbai,Coastal Kitchen,South Indian,2,127.48,21.34,20,UPI,Delivered,4.1,253.62
ORD01598,2025-10-10,CUST0131,Mumbai,Mumbai Masala,South Indian,1,70.39,3.17,40,UPI,Delivered,3.8,107.22
ORD01076,2025-10-10,CUST0300,Bengaluru,Bengaluru Bowl,Desserts,1,140.7,9.57,40,UPI,Delivered,4.6,171.13
ORD01489,2025-10-10,CUST0187,Chennai,Urban Tiffin,Pizza,2,367.3,83.36,20,UPI,Returned,4.2,671.24
ORD00236,2025-10-10,CUST0642,Delhi,Capital Bites,South Indian,1,225.44,26.89,50,Wallet,Delivered,3.5,248.55
ORD02663,2025-10-10,CUST0420,Kolkata,Kolkata Kitchen,Pizza,1,360.55,65.0,40,Credit Card,Delivered,5.0,335.55
ORD02540,2025-10-10,CUST0749,Pune,Cafe Central,Chinese,2,252.04,43.46,20,Credit Card,Delivered,4.4,480.62
ORD00477,2025-10-10,CUST0787,Pune,Deccan Kitchen,North Indian,1,241.8,24.83,30,UPI,Delivered,3.5,246.97
ORD00268,2025-10-10,CUST0187,Delhi,Delhi Zaika,North Indian,1,393.36,21.93,30,UPI,Delivered,3.4,401.43
ORD00729,2025-10-11,CUST0058,Delhi,Street Feast,Chinese,1,351.88,29.4,40,Credit Card,Delivered,3.1,362.48
ORD00603,2025-10-11,CUST0664,Mumbai,Coastal Kitchen,Desserts,1,223.24,0.29,20,Cash,Delivered,4.0,242.95
ORD00376,2025-10-11,CUST0158,Delhi,Street Feast,South Indian,1,164.13,9.54,20,UPI,Delivered,4.8,174.59
ORD01622,2025-10-11,CUST0781,Bengaluru,Garden Kitchen,Desserts,1,199.9,12.41,40,Debit Card,Delivered,4.0,227.49
ORD02716,2025-10-11,CUST0794,Bengaluru,Bengaluru Bowl,South Indian,2,162.41,7.8,20,UPI,Delivered,4.7,337.02
ORD01700,2025-10-11,CUST0020,Bengaluru,South Spice,Burgers,1,181.39,25.03,40,Cash,Delivered,3.9,196.36
ORD02864,2025-10-11,CUST0397,Bengaluru,South Spice,South Indian,2,196.18,63.22,50,Credit Card,Delivered,3.6,379.14
ORD02514,2025-10-11,CUST0627,Chennai,Dosa House,North Indian,2,333.8,95.45,30,UPI,Delivered,4.7,602.15
ORD00200,2025-10-11,CUST0633,Mumbai,Mumbai Masala,Biryani,2,167.74,47.67,30,UPI,Cancelled,4.5,317.81
ORD02992,2025-10-11,CUST0162,Pune,Cafe Central,Healthy Food,2,364.1,85.35,60,UPI,Delivered,4.3,702.85
ORD01801,2025-10-12,CUST0589,Delhi,Street Feast,South Indian,2,202.36,10.61,30,UPI,Delivered,4.6,424.11
ORD02886,2025-10-12,CUST0213,Hyderabad,Hyderabad House,Healthy Food,2,275.45,53.32,30,Wallet,Delivered,,527.58
ORD00567,2025-10-12,CUST0397,Hyderabad,Hyderabad House,Burgers,2,231.4,78.13,30,Debit Card,Delivered,3.6,414.67
ORD02876,2025-10-12,CUST0598,Hyderabad,Biryani Point,North Indian,1,234.63,14.1,20,UPI,Delivered,4.0,240.53
ORD01220,2025-10-12,CUST0712,Mumbai,Tandoor Tales,South Indian,1,140.65,14.03,30,UPI,Cancelled,4.5,156.62
ORD00683,2025-10-12,CUST0339,Hyderabad,Hyderabad House,Burgers,1,232.3,40.79,30,Credit Card,Delivered,3.7,221.51
ORD00290,2025-10-13,CUST0298,Hyderabad,Biryani Point,Biryani,3,289.61,104.46,50,Cash,Delivered,3.7,814.37
ORD02736,2025-10-13,CUST0192,Mumbai,Tandoor Tales,Chinese,1,329.55,21.62,30,UPI,Delivered,3.9,337.93
ORD02410,2025-10-13,CUST0483,Bengaluru,Bengaluru Bowl,Biryani,1,224.61,8.29,20,UPI,Delivered,5.0,236.32
ORD00816,2025-10-13,CUST0099,Bengaluru,Garden Kitchen,North Indian,3,270.45,37.4,40,UPI,Delivered,4.1,813.95
ORD00389,2025-10-13,CUST0607,Hyderabad,Hyderabad House,Chinese,2,200.15,66.47,20,Debit Card,Delivered,4.6,353.83
ORD02075,2025-10-14,CUST0617,Kochi,Coconut Cafe,Pizza,2,303.23,20.0,40,UPI,Delivered,3.6,626.46
ORD02370,2025-10-14,CUST0385,Chennai,Urban Tiffin,Pizza,4,477.97,250.0,20,UPI,Delivered,4.7,1681.88
ORD02378,2025-10-14,CUST0277,Mumbai,Bombay Bites,South Indian,3,198.79,18.98,30,Cash,Delivered,3.0,607.39
ORD01413,2025-10-14,CUST0280,Delhi,Punjabi Rasoi,Biryani,1,347.65,68.99,40,Debit Card,Delivered,3.8,318.66
ORD00797,2025-10-14,CUST0242,Mumbai,Mumbai Masala,Biryani,2,374.13,112.22,40,Debit Card,Delivered,3.1,676.04
ORD02720,2025-10-14,CUST0564,Hyderabad,Hyderabad House,Chinese,1,240.24,3.2,30,Credit Card,Delivered,3.8,267.04
ORD02523,2025-10-14,CUST0149,Bengaluru,Bengaluru Bowl,South Indian,2,238.64,66.92,50,UPI,Delivered,4.5,460.36
ORD02502,2025-10-15,CUST0633,Delhi,Capital Bites,South Indian,1,148.86,5.72,40,Credit Card,Delivered,4.0,183.14
ORD00614,2025-10-15,CUST0798,Chennai,Urban Tiffin,North Indian,2,238.9,52.19,30,UPI,Delivered,4.4,455.61
ORD02444,2025-10-15,CUST0580,Pune,Cafe Central,South Indian,1,231.12,3.49,50,UPI,Cancelled,4.1,277.63
ORD02942,2025-10-15,CUST0602,Hyderabad,Biryani Point,South Indian,2,189.25,16.68,40,UPI,Delivered,4.8,401.82
ORD02752,2025-10-15,CUST0715,Hyderabad,Nawab Kitchen,North Indian,2,338.79,5.28,30,Debit Card,Delivered,4.2,702.3
ORD02703,2025-10-15,CUST0338,Pune,Cafe Central,Biryani,2,312.72,43.86,20,Debit Card,Delivered,4.2,601.58
ORD01635,2025-10-15,CUST0272,Pune,Pune Pantry,Biryani,1,224.88,38.49,50,UPI,Delivered,3.8,236.39
ORD02135,2025-10-15,CUST0010,Delhi,Capital Bites,North Indian,1,368.78,13.54,20,Debit Card,Delivered,4.4,375.24
ORD01128,2025-10-15,CUST0572,Delhi,Street Feast,Pizza,1,333.89,32.11,30,UPI,Delivered,4.1,331.78
ORD02915,2025-10-15,CUST0111,Mumbai,Tandoor Tales,Biryani,1,174.09,4.4,20,UPI,Delivered,4.4,189.69
ORD00314,2025-10-16,CUST0120,Delhi,Street Feast,Biryani,2,325.95,102.5,20,Debit Card,Delivered,3.9,569.4
ORD01537,2025-10-16,CUST0275,Hyderabad,Deccan Delights,Biryani,2,338.45,26.67,20,UPI,Delivered,2.6,670.23
ORD01478,2025-10-16,CUST0292,Delhi,Punjabi Rasoi,Chinese,2,259.68,73.56,40,,Cancelled,4.9,485.8
ORD00144,2025-10-16,CUST0643,Chennai,Chennai Bites,Chinese,1,256.27,46.15,30,Cash,Delivered,4.3,240.12
ORD01844,2025-10-16,CUST0306,Kochi,Coastal Treats,Burgers,1,184.44,33.25,50,Credit Card,Delivered,4.0,201.19
ORD01819,2025-10-16,CUST0414,Kolkata,East Spice,Chinese,3,231.95,82.68,50,Debit Card,Delivered,3.5,663.17
ORD00877,2025-10-17,CUST0306,Bengaluru,Garden Kitchen,Biryani,1,280.45,21.95,20,UPI,Returned,4.5,278.5
ORD01359,2025-10-17,CUST0328,Kochi,Coconut Cafe,Biryani,2,372.52,16.21,30,Credit Card,Delivered,4.4,758.83
ORD00922,2025-10-17,CUST0195,Kolkata,Kolkata Kitchen,Desserts,2,175.75,18.96,30,Cash,Delivered,4.2,362.54
ORD00859,2025-10-17,CUST0236,Pune,Cafe Central,Chinese,2,188.05,66.46,30,UPI,Delivered,3.4,339.64
ORD01594,2025-10-17,CUST0152,Bengaluru,Garden Kitchen,Chinese,1,230.74,30.49,40,Credit Card,Cancelled,4.2,240.25
ORD02527,2025-10-17,CUST0743,Bengaluru,Garden Kitchen,North Indian,1,326.51,4.68,60,Debit Card,Delivered,3.7,381.83
ORD00850,2025-10-17,CUST0154,Mumbai,Coastal Kitchen,Chinese,2,307.2,12.05,30,UPI,Delivered,4.3,632.35
ORD02233,2025-10-17,CUST0588,Bengaluru,South Spice,Chinese,1,256.94,32.85,20,Debit Card,Delivered,3.8,244.09
ORD02926,2025-10-17,CUST0483,Mumbai,Tandoor Tales,North Indian,1,289.05,43.58,30,Wallet,Delivered,4.6,275.47
ORD00630,2025-10-17,CUST0455,Chennai,Chennai Bites,Biryani,1,283.16,55.18,30,UPI,Cancelled,4.9,257.98
ORD01668,2025-10-17,CUST0344,Kolkata,East Spice,South Indian,1,168.33,10.26,40,UPI,Delivered,5.0,198.07
ORD01574,2025-10-18,CUST0391,Pune,Cafe Central,South Indian,1,214.57,17.53,50,Debit Card,Delivered,4.5,247.04
ORD02770,2025-10-18,CUST0385,Mumbai,Tandoor Tales,South Indian,1,145.03,23.16,50,UPI,Delivered,4.1,171.87
ORD00485,2025-10-18,CUST0127,Kochi,Malabar Bites,Desserts,1,181.0,34.59,40,UPI,Returned,4.0,186.41
ORD02088,2025-10-18,CUST0186,Delhi,Capital Bites,Pizza,3,383.24,121.82,60,Credit Card,Delivered,4.3,1087.9
ORD02085,2025-10-18,CUST0295,Delhi,Capital Bites,Biryani,2,231.81,27.8,30,UPI,Delivered,4.0,465.82
ORD01757,2025-10-18,CUST0568,Kochi,Coastal Treats,South Indian,1,150.75,1.63,40,UPI,Delivered,3.7,189.12
ORD02181,2025-10-19,CUST0691,Delhi,Punjabi Rasoi,Pizza,2,459.54,45.4,40,UPI,Delivered,4.4,913.68
ORD01020,2025-10-19,CUST0776,Mumbai,Coastal Kitchen,Pizza,1,278.03,18.6,40,Credit Card,Delivered,4.6,299.43
ORD01436,2025-10-19,CUST0004,Delhi,Street Feast,Desserts,1,216.87,25.18,30,UPI,Delivered,3.8,221.69
ORD00830,2025-10-19,CUST0458,Kolkata,Biryani Corner,Biryani,2,283.46,62.78,20,UPI,Delivered,3.8,524.14
ORD02858,2025-10-19,CUST0039,Mumbai,Tandoor Tales,Biryani,1,337.52,13.0,40,Credit Card,Delivered,5.0,364.52
ORD02863,2025-10-19,CUST0149,Kolkata,Biryani Corner,Chinese,1,262.63,30.36,30,UPI,Delivered,4.2,262.27
ORD01987,2025-10-19,CUST0103,Pune,Cafe Central,Pizza,2,298.84,103.11,30,Wallet,Delivered,3.5,524.57
ORD01921,2025-10-19,CUST0387,Mumbai,Bombay Bites,Biryani,1,181.08,29.59,30,UPI,Delivered,4.4,181.49
ORD00987,2025-10-20,CUST0508,Chennai,Urban Tiffin,Pizza,1,372.89,15.17,40,Debit Card,Delivered,3.2,397.72
ORD02178,2025-10-20,CUST0757,Delhi,Street Feast,Desserts,1,154.22,12.78,20,UPI,Delivered,3.6,161.44
ORD02490,2025-10-20,CUST0662,Bengaluru,South Spice,Desserts,3,116.82,33.27,20,Debit Card,Delivered,3.4,337.19
ORD02242,2025-10-20,CUST0361,Delhi,Delhi Zaika,Chinese,2,248.75,40.83,30,Cash,Delivered,3.6,486.67
ORD02875,2025-10-20,CUST0256,Hyderabad,Nawab Kitchen,South Indian,2,179.89,54.87,50,Debit Card,Delivered,4.0,354.91
ORD02209,2025-10-20,CUST0375,Kochi,Kerala Kitchen,South Indian,3,187.43,50.28,30,UPI,Cancelled,3.2,542.01
ORD02019,2025-10-21,CUST0208,Hyderabad,Hyderabad House,Desserts,1,143.55,28.62,40,Cash,Delivered,3.4,154.93
ORD00938,2025-10-21,CUST0645,Pune,Cafe Central,North Indian,2,214.91,74.73,50,Wallet,Delivered,3.8,405.09
ORD02566,2025-10-21,CUST0042,Kolkata,Kolkata Kitchen,Burgers,1,274.0,11.7,40,Debit Card,Delivered,4.9,302.3
ORD01174,2025-10-21,CUST0015,Chennai,Spice Hub,Biryani,1,232.12,31.54,40,UPI,Delivered,4.2,240.58
ORD00644,2025-10-21,CUST0484,Delhi,Street Feast,North Indian,1,317.36,28.14,40,Debit Card,Delivered,2.9,329.22
ORD00792,2025-10-21,CUST0256,Delhi,Punjabi Rasoi,North Indian,1,305.26,3.44,40,UPI,Delivered,3.4,341.82
ORD00176,2025-10-21,CUST0086,Kochi,Coastal Treats,South Indian,1,167.78,6.22,20,UPI,Delivered,4.5,181.56
ORD00602,2025-10-21,CUST0096,Kochi,Malabar Bites,South Indian,1,200.21,27.63,60,UPI,Delivered,4.3,232.58
ORD00332,2025-10-21,CUST0720,Pune,Cafe Central,Burgers,2,175.45,28.7,40,Wallet,Delivered,3.8,362.2
ORD01970,2025-10-22,CUST0046,Delhi,Delhi Zaika,Biryani,2,297.85,118.22,20,UPI,Delivered,3.9,497.48
ORD00878,2025-10-22,CUST0098,Chennai,Dosa House,Chinese,2,242.44,1.32,60,UPI,Cancelled,3.2,543.56
ORD01583,2025-10-22,CUST0477,Chennai,Dosa House,Chinese,2,285.67,24.53,20,Credit Card,Delivered,3.6,566.81
ORD00499,2025-10-22,CUST0272,Hyderabad,Deccan Delights,Burgers,1,248.7,12.11,20,Wallet,Delivered,3.6,256.59
ORD02323,2025-10-22,CUST0399,Delhi,Punjabi Rasoi,Biryani,1,296.67,7.57,30,Debit Card,Cancelled,3.6,319.1
ORD00887,2025-10-22,CUST0335,Pune,Deccan Kitchen,Pizza,1,463.46,89.79,40,UPI,Delivered,3.0,413.67
ORD00070,2025-10-22,CUST0206,Hyderabad,Biryani Point,North Indian,1,364.82,40.81,40,Wallet,Delivered,3.5,364.01
ORD01859,2025-10-22,CUST0079,Kochi,Coastal Treats,Chinese,2,234.98,84.77,40,Credit Card,Delivered,3.7,425.19
ORD01699,2025-10-22,CUST0099,Kolkata,Biryani Corner,South Indian,1,151.2,1.55,20,Credit Card,Delivered,4.1,169.65
ORD01784,2025-10-22,CUST0133,Bengaluru,Bengaluru Bowl,South Indian,1,162.67,17.25,40,UPI,Delivered,4.1,185.42
ORD02166,2025-10-23,CUST0334,Chennai,Dosa House,North Indian,4,301.79,19.38,30,Credit Card,Delivered,3.9,1217.78
ORD02244,2025-10-23,CUST0220,Hyderabad,Biryani Point,South Indian,1,140.16,22.23,20,UPI,Delivered,4.7,137.93
ORD02997,2025-10-23,CUST0060,Chennai,Dosa House,North Indian,3,247.76,145.81,30,Wallet,Delivered,4.4,627.47
ORD02246,2025-10-23,CUST0575,Kolkata,Biryani Corner,Biryani,1,235.36,31.57,40,Cash,Delivered,4.2,243.79
ORD00587,2025-10-23,CUST0075,Kochi,Malabar Bites,Pizza,4,416.94,151.61,30,UPI,Delivered,4.2,1546.15
ORD01669,2025-10-23,CUST0011,Bengaluru,Bengaluru Bowl,Desserts,3,125.94,34.34,60,Cash,Delivered,4.1,403.48
ORD02710,2025-10-23,CUST0395,Chennai,Dosa House,Pizza,1,296.96,32.18,30,UPI,Delivered,4.0,294.78
ORD02976,2025-10-23,CUST0020,Hyderabad,Biryani Point,Pizza,1,325.81,22.21,30,UPI,Returned,4.8,333.6
ORD02190,2025-10-23,CUST0126,Delhi,Delhi Zaika,Biryani,1,341.23,5.46,50,Debit Card,Delivered,3.4,385.77
ORD02517,2025-10-23,CUST0517,Delhi,Delhi Zaika,Desserts,1,149.46,6.94,50,UPI,Delivered,4.2,192.52
ORD02768,2025-10-24,CUST0087,Delhi,Punjabi Rasoi,Pizza,3,265.19,132.19,40,UPI,Delivered,3.7,703.38
ORD00076,2025-10-24,CUST0566,Kolkata,Bengal Feast,Desserts,3,144.57,82.71,20,Credit Card,Delivered,3.3,371.0
ORD00220,2025-10-24,CUST0692,Delhi,Delhi Zaika,Biryani,1,241.39,28.19,30,UPI,Cancelled,4.2,243.2
ORD02226,2025-10-25,CUST0414,Mumbai,Tandoor Tales,North Indian,3,360.95,204.88,50,Debit Card,Delivered,4.0,927.97
ORD02824,2025-10-25,CUST0676,Bengaluru,South Spice,North Indian,1,356.34,19.72,30,Cash,Delivered,3.5,366.62
ORD02928,2025-10-25,CUST0491,Chennai,Chennai Bites,Biryani,2,248.52,92.6,40,UPI,Delivered,4.1,444.44
ORD02838,2025-10-25,CUST0783,Kolkata,Kolkata Kitchen,Burgers,3,162.95,17.1,30,Debit Card,Delivered,3.8,501.75
ORD00988,2025-10-25,CUST0274,Mumbai,Mumbai Masala,Healthy Food,2,267.88,30.67,20,Debit Card,Delivered,3.6,525.09
ORD02996,2025-10-25,CUST0188,Delhi,Punjabi Rasoi,Pizza,1,258.22,31.5,20,Debit Card,Delivered,3.8,246.72
ORD00806,2025-10-25,CUST0177,Chennai,Spice Hub,South Indian,3,137.61,58.27,30,UPI,Delivered,3.9,384.56
ORD02496,2025-10-26,CUST0303,Kochi,Malabar Bites,Pizza,1,388.26,13.43,40,UPI,Delivered,4.7,414.83
ORD02765,2025-10-26,CUST0008,Delhi,Delhi Zaika,Healthy Food,2,299.13,49.11,30,UPI,Delivered,4.6,579.15
ORD02074,2025-10-26,CUST0608,Pune,Deccan Kitchen,North Indian,1,279.98,50.62,20,UPI,Cancelled,4.2,249.36
ORD01226,2025-10-26,CUST0218,Kochi,Coconut Cafe,Biryani,3,206.09,119.65,50,Credit Card,Delivered,4.3,548.62
ORD01667,2025-10-26,CUST0302,Bengaluru,Garden Kitchen,Desserts,1,147.14,19.7,30,Credit Card,Delivered,3.6,157.44
ORD02185,2025-10-26,CUST0276,Hyderabad,Hyderabad House,Desserts,2,138.46,27.09,30,UPI,Delivered,4.4,279.83
ORD00706,2025-10-27,CUST0126,Pune,Pune Pantry,Chinese,1,199.52,32.52,20,UPI,Delivered,5.0,187.0
ORD02925,2025-10-27,CUST0104,Chennai,Urban Tiffin,North Indian,1,424.27,4.98,30,Wallet,Returned,3.5,449.29
ORD02006,2025-10-27,CUST0370,Mumbai,Mumbai Masala,Healthy Food,1,328.58,65.3,30,UPI,Delivered,4.0,293.28
ORD00104,2025-10-28,CUST0493,Mumbai,Coastal Kitchen,Chinese,1,244.52,4.68,30,UPI,Delivered,4.9,269.84
ORD00025,2025-10-28,CUST0386,Pune,Pune Pantry,North Indian,3,327.17,81.68,30,UPI,Delivered,3.6,929.83
ORD00594,2025-10-28,CUST0676,Chennai,Spice Hub,North Indian,1,345.11,34.52,30,UPI,Delivered,3.3,340.59
ORD01139,2025-10-28,CUST0078,Hyderabad,Deccan Delights,North Indian,1,322.68,27.47,40,UPI,Delivered,3.2,335.21
ORD01623,2025-10-28,CUST0141,Kolkata,East Spice,Chinese,1,286.74,19.7,40,Debit Card,Delivered,4.3,307.04
ORD00537,2025-10-28,CUST0762,Kolkata,East Spice,Pizza,1,272.51,20.66,20,UPI,Delivered,2.9,271.85
ORD00435,2025-10-28,CUST0471,Mumbai,Mumbai Masala,North Indian,1,313.42,16.3,50,Debit Card,Delivered,4.2,347.12
ORD02570,2025-10-29,CUST0158,Hyderabad,Biryani Point,South Indian,1,173.2,4.66,30,Credit Card,Delivered,4.0,198.54
ORD00056,2025-10-29,CUST0316,Kolkata,East Spice,Healthy Food,3,230.7,103.29,20,UPI,Delivered,,608.81
ORD02275,2025-10-29,CUST0455,Kochi,Kerala Kitchen,North Indian,1,337.98,26.74,40,UPI,Delivered,3.6,351.24
ORD00253,2025-10-29,CUST0203,Chennai,Dosa House,Pizza,1,283.31,51.33,30,Debit Card,Delivered,4.3,261.98
ORD00339,2025-10-29,CUST0392,Kochi,Malabar Bites,Burgers,2,261.94,60.39,60,UPI,Delivered,3.3,523.49
ORD00493,2025-10-29,CUST0638,Mumbai,Bombay Bites,Chinese,1,355.78,15.0,50,Debit Card,Delivered,4.1,390.78
ORD02053,2025-10-29,CUST0643,Mumbai,Coastal Kitchen,Chinese,1,250.82,26.74,40,UPI,Delivered,3.7,264.08
ORD01775,2025-10-29,CUST0345,Kochi,Malabar Bites,Burgers,1,213.63,20.49,20,Cash,Delivered,4.1,213.14
ORD01180,2025-10-29,CUST0420,Chennai,Dosa House,Chinese,2,167.35,12.16,40,UPI,Delivered,4.3,362.54
ORD02953,2025-10-29,CUST0587,Kochi,Kerala Kitchen,South Indian,1,207.24,24.44,40,UPI,Cancelled,3.8,222.8
ORD02578,2025-10-30,CUST0073,Hyderabad,Biryani Point,North Indian,2,252.14,37.46,40,Credit Card,Delivered,4.5,506.82
ORD01042,2025-10-30,CUST0503,Delhi,Capital Bites,North Indian,1,313.8,24.21,40,UPI,Delivered,3.8,329.59
ORD01329,2025-10-30,CUST0590,Chennai,Spice Hub,Biryani,1,368.68,57.33,20,UPI,Delivered,3.7,331.35
ORD00022,2025-10-30,CUST0344,Mumbai,Tandoor Tales,North Indian,1,310.49,56.99,20,Wallet,Delivered,4.6,273.5
ORD02675,2025-10-30,CUST0519,Kochi,Coastal Treats,Burgers,2,291.31,49.95,50,Credit Card,Delivered,4.7,582.67
ORD00331,2025-10-30,CUST0163,Hyderabad,Hyderabad House,Biryani,2,348.12,119.28,30,UPI,Delivered,4.3,606.96
ORD01754,2025-10-30,CUST0115,Pune,Marathi Meals,Desserts,2,239.66,13.28,30,Cash,Delivered,4.2,496.04
ORD01387,2025-10-30,CUST0085,Mumbai,Mumbai Masala,South Indian,1,195.16,3.58,20,UPI,Delivered,5.0,211.58
ORD00995,2025-10-30,CUST0028,Delhi,Punjabi Rasoi,Pizza,1,262.24,35.53,30,UPI,Delivered,3.7,256.71
ORD00819,2025-10-30,CUST0405,Bengaluru,Tech Tadka,Healthy Food,2,357.98,6.41,50,UPI,Delivered,3.9,759.55
ORD02087,2025-10-31,CUST0371,Hyderabad,Deccan Delights,South Indian,2,237.81,5.06,40,Credit Card,Delivered,4.7,510.56
ORD01679,2025-10-31,CUST0575,Delhi,Capital Bites,North Indian,1,253.45,2.36,50,UPI,Delivered,3.4,301.09
ORD02837,2025-10-31,CUST0522,Pune,Marathi Meals,Pizza,1,363.07,67.39,50,Debit Card,Delivered,4.3,345.68
ORD02516,2025-10-31,CUST0630,Kochi,Coastal Treats,Biryani,1,130.67,21.7,40,Debit Card,Delivered,4.0,148.97
ORD00425,2025-10-31,CUST0525,Hyderabad,Deccan Delights,Biryani,1,364.36,38.48,20,UPI,Cancelled,4.2,345.88
ORD00990,2025-10-31,CUST0739,Hyderabad,Nawab Kitchen,Pizza,1,303.59,55.6,20,UPI,Cancelled,4.3,267.99
ORD00756,2025-10-31,CUST0656,Kochi,Malabar Bites,Chinese,2,266.98,60.66,50,UPI,Delivered,4.7,523.3
ORD00511,2025-11-01,CUST0697,Bengaluru,Bengaluru Bowl,Healthy Food,1,357.87,67.62,40,Cash,Delivered,4.5,330.25
ORD01626,2025-11-01,CUST0608,Bengaluru,Bengaluru Bowl,North Indian,3,289.42,136.68,30,UPI,Delivered,5.0,761.58
ORD00135,2025-11-01,CUST0574,Bengaluru,Tech Tadka,Pizza,2,300.76,61.06,20,Wallet,Delivered,4.1,560.46
ORD00643,2025-11-01,CUST0469,Delhi,Punjabi Rasoi,North Indian,1,373.88,34.3,40,UPI,Delivered,4.7,379.58
ORD01868,2025-11-01,CUST0099,Kochi,Coconut Cafe,Chinese,1,317.97,40.65,30,UPI,Cancelled,3.4,307.32
ORD02672,2025-11-01,CUST0574,Kochi,Coconut Cafe,Healthy Food,1,325.28,58.16,50,Wallet,Delivered,4.9,317.12
ORD02985,2025-11-01,CUST0741,Bengaluru,Garden Kitchen,Pizza,2,345.55,68.6,30,Cash,Delivered,3.8,652.5
ORD01871,2025-11-01,CUST0039,Chennai,Urban Tiffin,South Indian,1,210.95,9.75,40,Debit Card,Delivered,5.0,241.2
ORD00693,2025-11-01,CUST0301,Chennai,Dosa House,Desserts,1,161.56,27.71,60,Cash,Delivered,4.0,193.85
ORD02475,2025-11-01,CUST0381,Chennai,Spice Hub,Pizza,2,383.92,57.61,50,UPI,Delivered,3.9,760.23
ORD02961,2025-11-02,CUST0623,Kochi,Coastal Treats,South Indian,1,155.57,25.75,30,Debit Card,Delivered,3.7,159.82
ORD00942,2025-11-02,CUST0046,Bengaluru,Tech Tadka,South Indian,1,173.41,21.46,20,UPI,Delivered,4.3,171.95
ORD01394,2025-11-02,CUST0082,Bengaluru,Garden Kitchen,South Indian,1,209.37,6.89,50,UPI,Delivered,3.7,252.48
ORD02977,2025-11-02,CUST0273,Delhi,Capital Bites,South Indian,1,193.75,0.78,20,Credit Card,Delivered,3.5,212.97
ORD00665,2025-11-02,CUST0009,Mumbai,Bombay Bites,Pizza,1,248.46,42.8,30,UPI,Delivered,4.4,235.66
ORD00957,2025-11-03,CUST0573,Chennai,Spice Hub,Biryani,1,380.16,70.74,20,UPI,Delivered,5.0,329.42
ORD01100,2025-11-03,CUST0650,Kochi,Coconut Cafe,Healthy Food,1,338.03,13.1,30,UPI,Delivered,4.5,354.93
ORD00570,2025-11-03,CUST0302,Bengaluru,Bengaluru Bowl,Burgers,3,247.01,84.0,30,UPI,Delivered,4.7,687.03
ORD02612,2025-11-03,CUST0800,Delhi,Punjabi Rasoi,Pizza,2,404.53,52.67,50,Debit Card,Delivered,4.1,806.39
ORD00215,2025-11-03,CUST0374,Kolkata,East Spice,North Indian,2,152.27,0.42,20,Cash,Delivered,5.0,324.12
ORD00516,2025-11-03,CUST0094,Chennai,Urban Tiffin,North Indian,4,306.46,239.08,50,UPI,Delivered,3.6,1036.76
ORD00449,2025-11-03,CUST0570,Pune,Deccan Kitchen,Pizza,1,217.38,26.28,30,Debit Card,Cancelled,3.6,221.1
ORD00300,2025-11-03,CUST0254,Delhi,Delhi Zaika,Healthy Food,2,395.41,43.3,30,UPI,Cancelled,4.1,777.52
ORD01456,2025-11-04,CUST0629,Mumbai,Mumbai Masala,Healthy Food,1,164.0,21.91,50,Cash,Delivered,5.0,192.09
ORD00759,2025-11-04,CUST0330,Kochi,Coconut Cafe,Healthy Food,1,269.9,0.22,40,Credit Card,Delivered,4.2,309.68
ORD01162,2025-11-04,CUST0503,Hyderabad,Hyderabad House,Chinese,1,242.92,10.09,40,UPI,Delivered,4.1,272.83
ORD02375,2025-11-04,CUST0559,Bengaluru,Garden Kitchen,South Indian,1,168.41,26.53,40,UPI,Delivered,4.1,181.88
ORD02434,2025-11-04,CUST0554,Pune,Marathi Meals,Pizza,2,382.85,29.81,20,UPI,Delivered,3.9,755.89
ORD00445,2025-11-04,CUST0190,Bengaluru,Garden Kitchen,South Indian,4,222.5,49.51,30,Credit Card,Delivered,4.2,870.49
ORD00393,2025-11-04,CUST0191,Mumbai,Mumbai Masala,Chinese,2,367.24,121.65,40,UPI,Cancelled,3.7,652.83
ORD02500,2025-11-04,CUST0446,Kolkata,Bengal Feast,North Indian,1,274.78,53.06,20,Credit Card,Delivered,4.2,241.72
ORD01612,2025-11-05,CUST0426,Delhi,Street Feast,South Indian,1,143.91,6.99,20,UPI,Delivered,3.4,156.92
ORD01593,2025-11-05,CUST0159,Kochi,Malabar Bites,North Indian,2,248.45,87.62,40,Debit Card,Delivered,4.5,449.28
ORD02221,2025-11-05,CUST0193,Bengaluru,Garden Kitchen,North Indian,1,403.33,48.15,40,UPI,Delivered,3.6,395.18
ORD00697,2025-11-05,CUST0415,Delhi,Street Feast,Healthy Food,2,388.41,110.75,60,UPI,Delivered,3.7,726.07
ORD00397,2025-11-05,CUST0323,Bengaluru,Bengaluru Bowl,Pizza,2,383.09,53.69,20,Credit Card,Delivered,4.2,732.49
ORD01873,2025-11-05,CUST0797,Mumbai,Coastal Kitchen,Pizza,1,412.11,46.22,40,Debit Card,Delivered,3.5,405.89
ORD01888,2025-11-06,CUST0021,Bengaluru,Bengaluru Bowl,Chinese,1,272.72,33.17,30,UPI,Delivered,4.0,269.55
ORD01010,2025-11-06,CUST0067,Hyderabad,Deccan Delights,Chinese,1,292.47,57.97,20,UPI,Delivered,3.4,254.5
ORD01546,2025-11-06,CUST0592,Mumbai,Tandoor Tales,Chinese,1,330.94,5.59,60,UPI,Delivered,3.6,385.35
ORD02662,2025-11-06,CUST0221,Pune,Cafe Central,Pizza,1,285.24,33.17,40,Credit Card,Cancelled,4.0,292.07
ORD01408,2025-11-06,CUST0226,Hyderabad,Biryani Point,North Indian,1,294.25,0.99,20,UPI,Delivered,4.0,313.26
ORD01736,2025-11-06,CUST0124,Bengaluru,Tech Tadka,Burgers,1,225.27,17.8,50,Credit Card,Delivered,4.5,257.47
ORD00740,2025-11-06,CUST0676,Kochi,Coastal Treats,Desserts,3,162.14,39.92,30,UPI,Delivered,4.8,476.5
ORD02337,2025-11-06,CUST0539,Bengaluru,Garden Kitchen,South Indian,1,157.62,29.58,50,UPI,Delivered,4.6,178.04
ORD01027,2025-11-06,CUST0518,Kolkata,Biryani Corner,Healthy Food,1,433.88,49.12,30,UPI,Delivered,4.2,414.76
ORD00506,2025-11-06,CUST0076,Kochi,Coconut Cafe,Biryani,2,285.0,62.58,20,UPI,Delivered,3.4,527.42
ORD02469,2025-11-06,CUST0149,Delhi,Capital Bites,North Indian,2,291.95,32.12,30,UPI,Cancelled,4.3,581.78
ORD02885,2025-11-07,CUST0541,Kolkata,Biryani Corner,Chinese,1,309.57,36.11,40,Debit Card,Delivered,3.7,313.46
ORD01774,2025-11-07,CUST0557,Mumbai,Bombay Bites,Chinese,1,320.68,42.77,30,Debit Card,Delivered,2.9,307.91
ORD01215,2025-11-07,CUST0660,Kochi,Coastal Treats,South Indian,3,193.45,26.57,50,Debit Card,Delivered,4.1,603.78
ORD00593,2025-11-07,CUST0761,Hyderabad,Deccan Delights,North Indian,1,321.66,29.12,50,Credit Card,Delivered,3.2,342.54
ORD02599,2025-11-07,CUST0381,Pune,Marathi Meals,Chinese,1,275.72,43.28,40,Debit Card,Delivered,4.3,272.44
ORD00455,2025-11-07,CUST0054,Kolkata,Kolkata Kitchen,Chinese,1,402.62,29.39,20,UPI,Delivered,4.3,393.23
ORD01741,2025-11-07,CUST0602,Kochi,Malabar Bites,Burgers,2,185.53,26.72,50,Credit Card,Delivered,4.5,394.34
ORD01763,2025-11-08,CUST0216,Delhi,Street Feast,Healthy Food,2,457.42,120.51,40,Debit Card,Delivered,4.0,834.33
ORD01124,2025-11-08,CUST0547,Mumbai,Tandoor Tales,Desserts,4,146.0,116.32,20,UPI,Delivered,3.1,487.68
ORD01892,2025-11-08,CUST0659,Kochi,Malabar Bites,South Indian,1,88.45,8.04,40,Wallet,Delivered,4.2,120.41
ORD01321,2025-11-08,CUST0429,Delhi,Punjabi Rasoi,Desserts,1,165.03,2.95,40,UPI,Delivered,3.8,202.08
ORD00488,2025-11-08,CUST0058,Hyderabad,Biryani Point,Pizza,4,303.86,123.03,30,UPI,Delivered,4.7,1122.41
ORD02735,2025-11-09,CUST0105,Kochi,Coconut Cafe,Biryani,1,275.64,48.98,20,Credit Card,Delivered,3.0,246.66
ORD00626,2025-11-09,CUST0445,Kolkata,East Spice,South Indian,1,121.81,9.51,20,UPI,Delivered,4.6,132.3
ORD01925,2025-11-09,CUST0378,Mumbai,Mumbai Masala,Chinese,1,204.12,21.07,30,UPI,Delivered,3.6,213.05
ORD02214,2025-11-09,CUST0669,Mumbai,Tandoor Tales,Pizza,3,327.88,115.62,30,Debit Card,Cancelled,4.3,898.02
ORD01999,2025-11-09,CUST0009,Hyderabad,Biryani Point,Healthy Food,1,263.33,39.18,20,Credit Card,Delivered,3.8,244.15
ORD00126,2025-11-09,CUST0041,Mumbai,Tandoor Tales,Pizza,4,365.48,250.0,30,UPI,Delivered,3.5,1241.92
ORD02433,2025-11-09,CUST0658,Mumbai,Mumbai Masala,North Indian,1,250.78,36.86,50,Cash,Delivered,4.4,263.92
ORD00023,2025-11-09,CUST0492,Pune,Deccan Kitchen,Chinese,1,280.64,32.86,30,Credit Card,Delivered,4.4,277.78
ORD01504,2025-11-09,CUST0751,Delhi,Delhi Zaika,Chinese,3,245.45,33.3,30,UPI,Delivered,3.8,733.05
ORD01035,2025-11-09,CUST0377,Bengaluru,Tech Tadka,Biryani,1,258.0,31.77,50,Credit Card,Delivered,3.5,276.23
ORD00895,2025-11-09,CUST0138,Hyderabad,Hyderabad House,Biryani,2,283.43,44.69,50,Credit Card,Delivered,4.9,572.17
ORD02290,2025-11-09,CUST0102,Mumbai,Coastal Kitchen,Desserts,1,177.14,5.07,20,UPI,Delivered,4.4,192.07
ORD01377,2025-11-09,CUST0500,Hyderabad,Biryani Point,Desserts,1,139.53,5.66,40,UPI,Delivered,4.4,173.87
ORD00073,2025-11-09,CUST0388,Chennai,Dosa House,North Indian,1,351.29,59.53,50,Cash,Delivered,4.0,341.76
ORD00337,2025-11-09,CUST0277,Kochi,Coconut Cafe,Biryani,1,363.2,34.62,20,Wallet,Delivered,4.3,348.58
ORD01371,2025-11-09,CUST0088,Pune,Pune Pantry,Burgers,1,305.8,21.61,40,Cash,Delivered,4.1,324.19
ORD01447,2025-11-09,CUST0356,Hyderabad,Nawab Kitchen,Pizza,1,394.81,22.46,20,Cash,Returned,3.6,392.35
ORD01799,2025-11-09,CUST0258,Kochi,Coconut Cafe,Chinese,1,229.32,0.37,30,UPI,Delivered,4.6,258.95
ORD01091,2025-11-09,CUST0320,Chennai,Spice Hub,South Indian,1,176.64,26.22,50,UPI,Delivered,4.0,200.42
ORD02804,2025-11-10,CUST0337,Chennai,Urban Tiffin,North Indian,1,371.91,68.43,20,UPI,Delivered,3.4,323.48
ORD00128,2025-11-10,CUST0135,Kochi,Malabar Bites,North Indian,2,423.58,37.98,50,Debit Card,Delivered,3.7,859.18
ORD00005,2025-11-10,CUST0072,Chennai,Spice Hub,Burgers,1,223.48,9.41,20,UPI,Delivered,4.1,234.07
ORD00302,2025-11-10,CUST0453,Bengaluru,Tech Tadka,South Indian,1,177.17,34.53,60,Cash,Delivered,3.3,202.64
ORD01673,2025-11-10,CUST0711,Delhi,Capital Bites,Pizza,2,430.38,37.59,20,UPI,Cancelled,4.5,843.17
ORD02706,2025-11-10,CUST0164,Delhi,Punjabi Rasoi,Chinese,2,229.89,75.52,20,Wallet,Delivered,3.8,404.26
ORD01783,2025-11-10,CUST0007,Kolkata,East Spice,South Indian,1,175.07,8.13,50,UPI,Delivered,2.6,216.94
ORD01967,2025-11-10,CUST0553,Delhi,Punjabi Rasoi,South Indian,1,144.74,23.67,30,UPI,Cancelled,4.6,151.07
ORD01393,2025-11-10,CUST0700,Bengaluru,Garden Kitchen,North Indian,2,376.47,140.68,30,Debit Card,Delivered,3.5,642.26
ORD01870,2025-11-10,CUST0489,Pune,Deccan Kitchen,Healthy Food,1,222.28,42.08,50,Credit Card,Delivered,3.6,230.2
ORD01477,2025-11-10,CUST0693,Bengaluru,Garden Kitchen,North Indian,1,306.16,54.08,20,UPI,Delivered,4.9,272.08
ORD01971,2025-11-10,CUST0672,Mumbai,Tandoor Tales,Chinese,1,214.97,27.81,20,Debit Card,Delivered,4.8,207.16
ORD02844,2025-11-11,CUST0124,Hyderabad,Deccan Delights,North Indian,1,243.27,32.56,20,Credit Card,Delivered,4.2,230.71
ORD01484,2025-11-11,CUST0296,Chennai,Chennai Bites,Healthy Food,2,303.78,0.4,20,Credit Card,Delivered,5.0,627.16
ORD02124,2025-11-11,CUST0163,Delhi,Capital Bites,South Indian,2,238.61,50.29,30,UPI,Delivered,4.4,456.93
ORD00667,2025-11-11,CUST0492,Delhi,Punjabi Rasoi,Burgers,1,237.77,45.48,40,Wallet,Delivered,4.1,232.29
ORD01308,2025-11-11,CUST0561,Kolkata,East Spice,Pizza,1,317.81,56.88,40,Cash,Delivered,3.5,300.93
ORD02369,2025-11-11,CUST0775,Chennai,Spice Hub,North Indian,1,296.22,21.47,30,Cash,Delivered,5.0,304.75
ORD01614,2025-11-11,CUST0450,Kochi,Coastal Treats,Desserts,2,176.21,66.43,20,UPI,Delivered,3.8,305.99
ORD02399,2025-11-11,CUST0612,Hyderabad,Deccan Delights,North Indian,2,343.71,101.08,20,UPI,Delivered,3.8,606.34
ORD00967,2025-11-12,CUST0639,Pune,Cafe Central,Biryani,1,366.24,2.61,40,Debit Card,Delivered,3.9,403.63
ORD02987,2025-11-12,CUST0698,Delhi,Delhi Zaika,Burgers,1,204.51,38.39,50,Cash,Delivered,4.0,216.12
ORD02051,2025-11-12,CUST0312,Hyderabad,Biryani Point,Chinese,1,191.59,10.25,50,UPI,Delivered,3.8,231.34
ORD02778,2025-11-12,CUST0148,Bengaluru,South Spice,South Indian,1,241.26,5.73,30,Debit Card,Delivered,3.7,265.53
ORD02948,2025-11-12,CUST0633,Pune,Marathi Meals,Biryani,2,289.25,37.31,20,Credit Card,Delivered,3.7,561.19
ORD00230,2025-11-12,CUST0613,Hyderabad,Nawab Kitchen,Biryani,1,321.28,10.22,30,Credit Card,Delivered,3.7,341.06
ORD00079,2025-11-12,CUST0477,Pune,Deccan Kitchen,Biryani,1,237.45,35.85,40,Credit Card,Delivered,4.1,241.6
ORD02284,2025-11-12,CUST0473,Mumbai,Bombay Bites,Pizza,3,225.29,13.06,40,Debit Card,Delivered,4.8,702.81
ORD01858,2025-11-13,CUST0646,Bengaluru,Bengaluru Bowl,Desserts,2,162.29,39.1,40,Debit Card,Cancelled,3.6,325.48
ORD02696,2025-11-13,CUST0065,Mumbai,Bombay Bites,Burgers,1,254.14,23.1,20,Debit Card,Delivered,3.6,251.04
ORD01961,2025-11-13,CUST0425,Chennai,Spice Hub,Pizza,2,330.23,50.59,30,UPI,Delivered,4.4,639.87
ORD00387,2025-11-13,CUST0302,Delhi,Delhi Zaika,North Indian,2,337.35,34.41,30,Cash,Delivered,3.6,670.29
ORD01788,2025-11-13,CUST0031,Hyderabad,Hyderabad House,Desserts,1,165.48,12.09,30,Debit Card,Delivered,3.8,183.39
ORD01382,2025-11-13,CUST0007,Bengaluru,Garden Kitchen,South Indian,2,137.9,10.54,40,Cash,Delivered,4.2,305.26
ORD01969,2025-11-14,CUST0588,Hyderabad,Nawab Kitchen,South Indian,1,163.09,21.17,30,UPI,Cancelled,3.6,171.92
ORD02359,2025-11-14,CUST0039,Bengaluru,South Spice,South Indian,1,209.41,2.59,20,UPI,Delivered,4.7,226.82
ORD00503,2025-11-14,CUST0581,Hyderabad,Hyderabad House,Chinese,1,309.64,31.62,40,Debit Card,Delivered,4.6,318.02
ORD02016,2025-11-14,CUST0007,Mumbai,Tandoor Tales,Biryani,1,366.87,51.54,30,UPI,Delivered,3.7,345.33
ORD02328,2025-11-14,CUST0324,Bengaluru,Bengaluru Bowl,South Indian,2,219.91,36.1,40,Wallet,Delivered,4.3,443.72
ORD02196,2025-11-14,CUST0223,Kolkata,Bengal Feast,South Indian,2,197.1,1.62,20,Debit Card,Delivered,4.1,412.58
ORD01369,2025-11-14,CUST0418,Bengaluru,Tech Tadka,North Indian,2,361.19,68.23,40,Credit Card,Cancelled,4.0,694.15
ORD01530,2025-11-14,CUST0229,Delhi,Punjabi Rasoi,Biryani,3,240.13,126.62,30,UPI,Delivered,5.0,623.77
ORD01672,2025-11-14,CUST0153,Pune,Cafe Central,Chinese,2,255.64,64.7,30,UPI,Delivered,4.5,476.58
ORD02901,2025-11-14,CUST0353,Hyderabad,Hyderabad House,North Indian,1,376.04,61.39,50,UPI,Delivered,4.7,364.65
ORD01564,2025-11-14,CUST0538,Delhi,Street Feast,Healthy Food,1,307.55,51.71,50,UPI,Delivered,3.4,305.84
ORD01686,2025-11-15,CUST0226,Bengaluru,Bengaluru Bowl,South Indian,2,164.3,22.82,50,Credit Card,Delivered,3.9,355.78
ORD02890,2025-11-15,CUST0562,Mumbai,Bombay Bites,Burgers,1,198.92,4.49,40,Credit Card,Delivered,3.8,234.43
ORD01769,2025-11-15,CUST0571,Bengaluru,Bengaluru Bowl,Pizza,2,275.63,57.24,30,UPI,Delivered,4.2,524.02
ORD01551,2025-11-15,CUST0081,Bengaluru,Tech Tadka,Biryani,1,195.48,8.07,30,Credit Card,Delivered,4.2,217.41
ORD00182,2025-11-15,CUST0646,Mumbai,Bombay Bites,North Indian,1,355.02,46.6,30,Debit Card,Delivered,3.3,338.42
ORD02302,2025-11-15,CUST0154,Pune,Deccan Kitchen,North Indian,1,291.55,57.82,30,Credit Card,Delivered,3.0,263.73
ORD00017,2025-11-15,CUST0664,Delhi,Street Feast,Biryani,1,259.51,45.14,30,UPI,Delivered,3.7,244.37
ORD01493,2025-11-16,CUST0098,Delhi,Street Feast,North Indian,1,243.47,28.82,30,Cash,Delivered,4.1,244.65
ORD00059,2025-11-16,CUST0777,Pune,Marathi Meals,South Indian,1,165.35,30.02,40,Debit Card,Returned,3.9,175.33
ORD00391,2025-11-16,CUST0700,Hyderabad,Hyderabad House,Pizza,2,291.84,39.32,20,Credit Card,Delivered,3.5,564.36
ORD01857,2025-11-16,CUST0033,Chennai,Spice Hub,Burgers,1,200.35,38.23,20,UPI,Delivered,3.3,182.12
ORD01943,2025-11-16,CUST0395,Chennai,Urban Tiffin,Healthy Food,3,209.39,61.29,50,Credit Card,Delivered,4.0,616.88
ORD01206,2025-11-16,CUST0130,Chennai,Dosa House,Biryani,2,223.4,56.24,20,UPI,Delivered,3.5,410.56
ORD00945,2025-11-16,CUST0730,Kolkata,Bengal Feast,Biryani,1,329.5,29.7,50,Debit Card,Delivered,4.4,349.8
ORD00807,2025-11-16,CUST0779,Delhi,Street Feast,Biryani,2,185.11,42.77,30,UPI,Delivered,4.2,357.45
ORD02452,2025-11-17,CUST0744,Kochi,Coconut Cafe,Biryani,2,373.6,118.61,20,UPI,Delivered,3.4,648.59
ORD02635,2025-11-17,CUST0382,Bengaluru,Garden Kitchen,South Indian,3,188.12,112.85,50,UPI,Delivered,4.2,501.51
ORD00650,2025-11-17,CUST0109,Pune,Marathi Meals,Pizza,4,267.19,27.08,30,Debit Card,Delivered,5.0,1071.68
ORD01893,2025-11-17,CUST0453,Bengaluru,Tech Tadka,Healthy Food,1,269.17,47.14,30,Debit Card,Delivered,3.8,252.03
ORD01236,2025-11-17,CUST0133,Delhi,Delhi Zaika,Pizza,1,305.55,60.06,30,UPI,Delivered,4.3,275.49
ORD00888,2025-11-17,CUST0542,Hyderabad,Nawab Kitchen,Chinese,2,296.21,41.95,30,Credit Card,Delivered,4.2,580.47
ORD02966,2025-11-17,CUST0227,Bengaluru,Garden Kitchen,Healthy Food,1,200.29,13.05,20,UPI,Delivered,2.9,207.24
ORD01690,2025-11-17,CUST0259,Hyderabad,Deccan Delights,Chinese,1,303.95,32.86,30,Credit Card,Delivered,,301.09
ORD00635,2025-11-17,CUST0564,Kolkata,Bengal Feast,Pizza,1,253.3,33.36,60,UPI,Delivered,3.8,279.94
ORD01146,2025-11-17,CUST0089,Chennai,Urban Tiffin,Biryani,1,225.31,12.66,60,Credit Card,Delivered,3.8,272.65
ORD00592,2025-11-17,CUST0277,Hyderabad,Hyderabad House,Chinese,1,380.25,71.71,20,Cash,Delivered,5.0,328.54
ORD01432,2025-11-17,CUST0758,Mumbai,Coastal Kitchen,Chinese,1,294.86,31.83,20,Wallet,Delivered,4.0,283.03
ORD01067,2025-11-17,CUST0504,Hyderabad,Nawab Kitchen,North Indian,3,221.98,8.19,30,UPI,Delivered,4.4,687.75
ORD02149,2025-11-17,CUST0313,Chennai,Chennai Bites,Chinese,3,241.69,53.5,20,UPI,Delivered,4.5,691.57
ORD00873,2025-11-18,CUST0422,Delhi,Street Feast,Chinese,2,224.18,72.93,30,UPI,Delivered,4.8,405.43
ORD01258,2025-11-18,CUST0567,Kochi,Coastal Treats,Burgers,2,192.3,56.72,20,Debit Card,Delivered,3.9,347.88
ORD01929,2025-11-18,CUST0734,Mumbai,Mumbai Masala,Biryani,2,394.87,89.8,50,Debit Card,Returned,4.6,749.94
ORD02943,2025-11-18,CUST0314,Chennai,Chennai Bites,South Indian,2,150.99,32.69,20,Credit Card,Cancelled,4.1,289.29
ORD02177,2025-11-18,CUST0485,Kolkata,Kolkata Kitchen,Pizza,3,279.17,92.37,40,UPI,Delivered,4.0,785.14
ORD01560,2025-11-18,CUST0268,Delhi,Street Feast,Healthy Food,1,294.08,15.83,40,UPI,Delivered,3.8,318.25
ORD02180,2025-11-18,CUST0161,Bengaluru,Tech Tadka,Burgers,1,196.07,11.89,20,,Delivered,3.7,204.18
ORD01592,2025-11-18,CUST0526,Chennai,Urban Tiffin,Healthy Food,1,361.02,30.34,30,UPI,Delivered,4.2,360.68
ORD00793,2025-11-19,CUST0709,Kochi,Coconut Cafe,North Indian,2,361.05,61.03,20,UPI,Delivered,4.6,681.07
ORD01358,2025-11-19,CUST0767,Hyderabad,Deccan Delights,Pizza,1,337.13,56.23,30,UPI,Returned,5.0,310.9
ORD01281,2025-11-19,CUST0763,Hyderabad,Nawab Kitchen,Desserts,1,176.86,19.74,50,Credit Card,Delivered,3.9,207.12
ORD02762,2025-11-19,CUST0449,Hyderabad,Deccan Delights,North Indian,1,289.46,14.53,50,Credit Card,Delivered,4.0,324.93
ORD00804,2025-11-19,CUST0224,Bengaluru,Bengaluru Bowl,Burgers,1,227.68,2.43,30,Wallet,Delivered,3.3,255.25
ORD02536,2025-11-19,CUST0654,Bengaluru,Tech Tadka,Desserts,1,181.96,0.28,30,UPI,Cancelled,5.0,211.68
ORD01938,2025-11-19,CUST0501,Hyderabad,Nawab Kitchen,North Indian,1,235.4,30.21,50,Debit Card,Delivered,4.0,255.19
ORD01595,2025-11-19,CUST0620,Pune,Deccan Kitchen,South Indian,2,154.83,7.53,40,Debit Card,Delivered,3.7,342.13
ORD01347,2025-11-20,CUST0087,Kolkata,Bengal Feast,Pizza,1,288.57,30.44,30,UPI,Delivered,3.3,288.13
ORD01424,2025-11-20,CUST0209,Mumbai,Bombay Bites,Desserts,1,189.63,17.71,30,Cash,Delivered,3.4,201.92
ORD00709,2025-11-20,CUST0653,Hyderabad,Hyderabad House,South Indian,1,191.75,17.74,50,Credit Card,Delivered,3.8,224.01
ORD01738,2025-11-20,CUST0328,Delhi,Punjabi Rasoi,Burgers,2,254.99,3.94,20,Credit Card,Delivered,4.7,526.04
ORD02709,2025-11-20,CUST0700,Chennai,Dosa House,North Indian,2,428.25,133.9,40,UPI,Cancelled,3.3,762.6
ORD00553,2025-11-20,CUST0690,Chennai,Dosa House,Burgers,2,244.51,87.01,30,Credit Card,Delivered,3.5,432.01
ORD01299,2025-11-20,CUST0361,Bengaluru,Bengaluru Bowl,North Indian,2,419.62,118.51,30,Wallet,Delivered,4.7,750.73
ORD00430,2025-11-20,CUST0321,Chennai,Spice Hub,Chinese,2,316.04,88.98,20,Credit Card,Delivered,,563.1
ORD02924,2025-11-20,CUST0449,Kolkata,Kolkata Kitchen,Desserts,4,104.65,81.97,20,Cash,Delivered,3.6,356.63
ORD00944,2025-11-21,CUST0078,Delhi,Delhi Zaika,Desserts,1,174.97,13.32,50,Credit Card,Cancelled,4.2,211.65
ORD00654,2025-11-21,CUST0398,Bengaluru,Garden Kitchen,Chinese,3,257.25,111.47,30,UPI,Delivered,3.8,690.28
ORD00424,2025-11-21,CUST0408,Chennai,Chennai Bites,South Indian,1,148.39,19.71,40,UPI,Delivered,4.6,168.68
ORD00646,2025-11-21,CUST0151,Kolkata,Biryani Corner,Pizza,1,312.56,9.83,20,UPI,Delivered,4.8,322.73
ORD00040,2025-11-21,CUST0700,Kochi,Malabar Bites,Desserts,2,105.93,10.88,40,UPI,Delivered,4.6,240.98
ORD02373,2025-11-21,CUST0685,Chennai,Urban Tiffin,Desserts,2,166.66,43.36,20,UPI,Delivered,3.7,309.96
ORD00794,2025-11-21,CUST0450,Mumbai,Coastal Kitchen,Chinese,1,281.23,25.38,30,Wallet,Delivered,2.9,285.85
ORD01563,2025-11-21,CUST0489,Kochi,Coastal Treats,Healthy Food,2,373.28,59.49,50,Credit Card,Delivered,3.4,737.07
ORD00308,2025-11-21,CUST0659,Kochi,Coconut Cafe,South Indian,2,147.18,42.44,30,UPI,Delivered,3.7,281.92
ORD00269,2025-11-21,CUST0326,Chennai,Spice Hub,North Indian,2,337.79,83.93,50,UPI,Delivered,4.1,641.65
ORD01866,2025-11-21,CUST0285,Kolkata,Kolkata Kitchen,Biryani,2,228.05,55.8,40,UPI,Delivered,3.7,440.3
ORD02860,2025-11-21,CUST0780,Chennai,Chennai Bites,Desserts,2,189.35,1.85,20,Credit Card,Delivered,4.0,396.85
ORD01375,2025-11-22,CUST0491,Kolkata,Kolkata Kitchen,Burgers,1,209.9,13.61,50,Wallet,Delivered,3.8,246.29
ORD02035,2025-11-22,CUST0147,Chennai,Chennai Bites,Healthy Food,1,180.13,22.71,50,Debit Card,Delivered,3.8,207.42
ORD00075,2025-11-22,CUST0390,Kolkata,Bengal Feast,South Indian,1,191.65,21.95,20,Credit Card,Delivered,4.3,189.7
ORD01603,2025-11-22,CUST0527,Kochi,Kerala Kitchen,Biryani,2,394.85,134.99,50,UPI,Cancelled,3.7,704.71
ORD02889,2025-11-22,CUST0283,Delhi,Delhi Zaika,Biryani,1,219.58,24.57,20,Wallet,Delivered,3.9,215.01
ORD01024,2025-11-22,CUST0554,Bengaluru,Tech Tadka,Biryani,2,307.66,24.86,50,Cash,Delivered,4.3,640.46
ORD01279,2025-11-23,CUST0529,Bengaluru,South Spice,North Indian,1,237.4,36.76,20,Credit Card,Delivered,4.9,220.64
ORD02698,2025-11-23,CUST0213,Hyderabad,Nawab Kitchen,Biryani,3,331.0,178.44,40,Credit Card,Delivered,3.9,854.56
ORD00825,2025-11-23,CUST0437,Mumbai,Mumbai Masala,Biryani,2,367.46,117.09,50,Debit Card,Delivered,3.1,667.83
ORD02151,2025-11-23,CUST0284,Hyderabad,Biryani Point,Burgers,1,225.16,36.07,30,Cash,Cancelled,4.6,219.09
ORD02960,2025-11-23,CUST0132,Chennai,Urban Tiffin,Biryani,1,214.22,23.79,50,Debit Card,Delivered,3.1,240.43
ORD01330,2025-11-23,CUST0371,Bengaluru,Garden Kitchen,Burgers,1,238.26,19.92,30,Debit Card,Delivered,5.0,248.34
ORD00142,2025-11-23,CUST0613,Bengaluru,South Spice,Burgers,2,250.32,99.72,50,UPI,Delivered,4.3,450.92
ORD02318,2025-11-23,CUST0407,Delhi,Street Feast,Chinese,1,257.27,44.54,40,UPI,Delivered,4.3,252.73
ORD00378,2025-11-23,CUST0046,Mumbai,Coastal Kitchen,Pizza,1,399.11,9.07,50,UPI,Delivered,4.0,440.04
ORD01505,2025-11-24,CUST0148,Pune,Marathi Meals,Biryani,2,222.62,22.66,30,Credit Card,Delivered,3.1,452.58
ORD00783,2025-11-24,CUST0724,Kochi,Kerala Kitchen,Burgers,2,207.19,17.86,30,Wallet,Delivered,4.2,426.52
ORD01513,2025-11-24,CUST0201,Mumbai,Mumbai Masala,South Indian,2,139.64,28.57,40,UPI,Delivered,3.0,290.71
ORD00789,2025-11-24,CUST0253,Hyderabad,Hyderabad House,Healthy Food,1,337.63,1.38,20,,Delivered,3.9,356.25
ORD00358,2025-11-24,CUST0283,Kochi,Malabar Bites,Desserts,2,108.12,15.81,40,UPI,Delivered,3.5,240.43
ORD02392,2025-11-24,CUST0049,Mumbai,Mumbai Masala,Biryani,2,244.63,12.14,20,Credit Card,Cancelled,3.9,497.12
ORD02397,2025-11-24,CUST0664,Pune,Marathi Meals,Pizza,2,269.2,56.49,20,Credit Card,Delivered,4.7,501.91
ORD00782,2025-11-25,CUST0201,Mumbai,Coastal Kitchen,Biryani,3,349.97,48.29,40,UPI,Delivered,4.0,1041.62
ORD02787,2025-11-25,CUST0391,Bengaluru,Garden Kitchen,Pizza,1,366.8,10.63,40,UPI,Delivered,4.0,396.17
ORD01008,2025-11-25,CUST0580,Hyderabad,Biryani Point,South Indian,3,172.88,22.25,30,Wallet,Delivered,4.8,526.39
ORD02906,2025-11-25,CUST0019,Hyderabad,Hyderabad House,Desserts,1,179.55,33.59,30,Credit Card,Delivered,5.0,175.96
ORD00103,2025-11-25,CUST0380,Pune,Deccan Kitchen,South Indian,1,197.85,4.32,60,Credit Card,Delivered,4.0,253.53
ORD01640,2025-11-26,CUST0266,Chennai,Spice Hub,Healthy Food,1,217.79,12.9,60,UPI,Delivered,4.2,264.89
ORD01847,2025-11-26,CUST0687,Chennai,Urban Tiffin,Pizza,1,459.96,13.72,40,UPI,Delivered,4.1,486.24
ORD00168,2025-11-26,CUST0655,Pune,Deccan Kitchen,Burgers,3,182.2,7.81,50,UPI,Delivered,5.0,588.79
ORD00160,2025-11-26,CUST0241,Mumbai,Bombay Bites,Pizza,1,458.11,40.95,40,Credit Card,Delivered,4.0,457.16
ORD02066,2025-11-27,CUST0516,Kochi,Coconut Cafe,Desserts,1,139.46,14.9,40,UPI,Delivered,3.9,164.56
ORD01949,2025-11-27,CUST0274,Kochi,Kerala Kitchen,Healthy Food,1,248.75,41.92,50,Debit Card,Delivered,3.4,256.83
ORD02826,2025-11-27,CUST0488,Hyderabad,Nawab Kitchen,Healthy Food,1,360.91,6.19,20,Cash,Delivered,4.4,374.72
ORD01102,2025-11-27,CUST0013,Delhi,Capital Bites,Desserts,2,198.51,28.34,20,Credit Card,Cancelled,3.3,388.68
ORD01126,2025-11-27,CUST0296,Kolkata,East Spice,North Indian,1,351.52,29.81,30,Credit Card,Delivered,3.6,351.71
ORD02440,2025-11-27,CUST0280,Kochi,Coconut Cafe,Biryani,2,307.55,22.98,40,UPI,Returned,4.2,632.12
ORD00571,2025-11-27,CUST0253,Chennai,Urban Tiffin,Chinese,2,249.19,25.64,20,UPI,Delivered,4.7,492.74
ORD01519,2025-11-27,CUST0296,Hyderabad,Deccan Delights,North Indian,1,302.64,52.49,50,UPI,Delivered,4.5,300.15
ORD02979,2025-11-27,CUST0583,Bengaluru,Tech Tadka,Biryani,1,232.53,40.96,20,UPI,Cancelled,3.0,211.57
ORD01192,2025-11-27,CUST0635,Bengaluru,Tech Tadka,North Indian,1,365.8,22.42,30,UPI,Delivered,4.8,373.38
ORD01675,2025-11-27,CUST0772,Bengaluru,Tech Tadka,Pizza,1,483.96,89.34,30,Debit Card,Delivered,2.9,424.62
ORD01388,2025-11-28,CUST0147,Bengaluru,Tech Tadka,North Indian,2,380.49,118.31,20,UPI,Delivered,4.2,662.67
ORD02315,2025-11-28,CUST0364,Delhi,Capital Bites,Biryani,2,235.02,18.48,30,Credit Card,Delivered,4.4,481.56
ORD02822,2025-11-28,CUST0778,Pune,Marathi Meals,Healthy Food,1,276.32,40.55,50,UPI,Delivered,3.8,285.77
ORD02616,2025-11-28,CUST0653,Hyderabad,Biryani Point,Pizza,2,446.14,70.71,20,Credit Card,Delivered,3.9,841.57
ORD00437,2025-11-28,CUST0092,Delhi,Capital Bites,Chinese,1,299.37,29.19,30,Wallet,Delivered,4.2,300.18
ORD01990,2025-11-28,CUST0090,Bengaluru,Tech Tadka,Pizza,2,372.3,71.22,60,UPI,Delivered,3.9,733.38
ORD00532,2025-11-28,CUST0522,Chennai,Dosa House,Chinese,1,372.8,27.58,50,Wallet,Cancelled,4.9,395.22
ORD01209,2025-11-28,CUST0627,Pune,Cafe Central,North Indian,1,264.44,1.49,50,UPI,Cancelled,3.9,312.95
ORD00562,2025-11-28,CUST0417,Mumbai,Mumbai Masala,Chinese,3,303.95,17.83,20,UPI,Cancelled,4.0,914.02
ORD00344,2025-11-29,CUST0033,Bengaluru,Garden Kitchen,North Indian,2,231.29,85.57,40,UPI,Delivered,3.9,417.01
ORD00524,2025-11-29,CUST0551,Bengaluru,Garden Kitchen,Burgers,1,240.96,10.92,40,Credit Card,Delivered,5.0,270.04
ORD02999,2025-11-29,CUST0211,Hyderabad,Nawab Kitchen,Biryani,1,284.31,40.72,40,Debit Card,Delivered,4.6,283.59
ORD02841,2025-11-29,CUST0183,Kolkata,Kolkata Kitchen,Chinese,1,317.23,17.08,30,UPI,Delivered,4.2,330.15
ORD01193,2025-11-29,CUST0118,Chennai,Urban Tiffin,North Indian,2,333.71,51.09,40,Wallet,Delivered,3.8,656.33
ORD02312,2025-11-29,CUST0343,Delhi,Capital Bites,North Indian,1,265.13,18.78,40,Credit Card,Delivered,4.0,286.35
ORD02342,2025-11-29,CUST0648,Chennai,Spice Hub,South Indian,1,197.39,27.98,30,Credit Card,Delivered,5.0,199.41
ORD01930,2025-11-29,CUST0206,Kochi,Coastal Treats,Chinese,1,220.11,32.01,20,Credit Card,Delivered,3.9,208.1
ORD00399,2025-11-30,CUST0018,Bengaluru,South Spice,Burgers,1,227.79,16.92,40,UPI,Delivered,4.7,250.87
ORD02808,2025-11-30,CUST0360,Delhi,Delhi Zaika,Chinese,2,344.1,27.04,30,UPI,Delivered,4.1,691.16
ORD01525,2025-11-30,CUST0042,Kochi,Coastal Treats,Chinese,1,268.75,13.37,20,Debit Card,Cancelled,4.7,275.38
ORD00363,2025-11-30,CUST0609,Mumbai,Bombay Bites,Pizza,1,284.03,19.38,50,Cash,Cancelled,4.5,314.65
ORD02639,2025-12-01,CUST0056,Kolkata,Bengal Feast,Biryani,1,218.26,35.7,20,UPI,Delivered,4.3,202.56
ORD01922,2025-12-01,CUST0349,Chennai,Urban Tiffin,Burgers,1,229.63,36.59,20,UPI,Delivered,3.6,213.04
ORD00618,2025-12-01,CUST0729,Delhi,Capital Bites,Healthy Food,4,296.23,112.76,50,UPI,Delivered,4.4,1122.16
ORD02912,2025-12-01,CUST0281,Kolkata,Biryani Corner,South Indian,2,213.36,0.19,40,UPI,Delivered,3.7,466.53
ORD01932,2025-12-01,CUST0273,Pune,Marathi Meals,South Indian,2,210.34,54.6,20,Credit Card,Delivered,3.9,386.08
ORD00912,2025-12-01,CUST0761,Delhi,Delhi Zaika,North Indian,1,270.4,4.4,40,UPI,Delivered,4.6,306.0
ORD01720,2025-12-01,CUST0617,Pune,Pune Pantry,South Indian,1,203.52,28.86,30,UPI,Delivered,3.6,204.66
ORD00096,2025-12-02,CUST0749,Delhi,Capital Bites,South Indian,2,153.79,22.56,40,Debit Card,Delivered,4.5,325.02
ORD01490,2025-12-02,CUST0744,Mumbai,Mumbai Masala,Biryani,1,268.61,9.34,40,UPI,Delivered,4.1,299.27
ORD00233,2025-12-02,CUST0699,Hyderabad,Deccan Delights,Biryani,2,352.56,55.18,20,Debit Card,Delivered,4.7,669.94
ORD02008,2025-12-02,CUST0264,Delhi,Punjabi Rasoi,North Indian,1,283.88,41.89,30,UPI,Delivered,4.6,271.99
ORD01228,2025-12-02,CUST0616,Delhi,Capital Bites,Chinese,3,327.45,136.06,30,Cash,Delivered,4.8,876.29
ORD01785,2025-12-02,CUST0747,Kochi,Kerala Kitchen,South Indian,1,153.43,10.54,20,Cash,Cancelled,3.8,162.89
ORD01896,2025-12-02,CUST0257,Kochi,Malabar Bites,Desserts,3,168.58,66.86,50,Credit Card,Delivered,4.3,488.88
ORD02767,2025-12-03,CUST0505,Kolkata,East Spice,Chinese,2,251.49,97.03,40,UPI,Delivered,3.3,445.95
ORD01459,2025-12-03,CUST0287,Delhi,Capital Bites,Biryani,2,363.95,90.53,50,UPI,Delivered,4.1,687.37
ORD00785,2025-12-03,CUST0732,Kolkata,Biryani Corner,Pizza,1,518.03,42.49,60,UPI,Delivered,4.6,535.54
ORD02690,2025-12-03,CUST0742,Chennai,Urban Tiffin,Chinese,1,218.92,16.26,30,Wallet,Delivered,4.1,232.66
ORD02424,2025-12-03,CUST0590,Delhi,Street Feast,Healthy Food,1,415.62,18.73,30,UPI,Cancelled,3.9,426.89
ORD02389,2025-12-03,CUST0584,Delhi,Delhi Zaika,South Indian,2,199.38,6.34,20,UPI,Delivered,3.7,412.42
ORD02330,2025-12-03,CUST0141,Bengaluru,Tech Tadka,Pizza,1,440.25,57.85,40,UPI,Delivered,3.4,422.4
ORD00051,2025-12-03,CUST0021,Chennai,Spice Hub,Desserts,2,176.81,60.13,30,UPI,Delivered,3.9,323.49
ORD00786,2025-12-03,CUST0752,Mumbai,Coastal Kitchen,Chinese,1,309.78,27.41,30,Credit Card,Delivered,3.8,312.37
ORD00899,2025-12-03,CUST0785,Hyderabad,Biryani Point,Biryani,2,328.45,30.36,40,Debit Card,Delivered,4.2,666.54
ORD02654,2025-12-03,CUST0260,Bengaluru,Bengaluru Bowl,South Indian,2,166.27,47.72,60,Debit Card,Delivered,4.8,344.82
ORD01468,2025-12-03,CUST0401,Bengaluru,Bengaluru Bowl,Healthy Food,4,212.35,158.76,20,Cash,Delivered,3.2,710.64
ORD01051,2025-12-03,CUST0759,Pune,Pune Pantry,Healthy Food,1,336.7,1.05,30,Credit Card,Delivered,4.5,365.65
ORD02305,2025-12-03,CUST0133,Bengaluru,Bengaluru Bowl,Pizza,3,274.33,32.24,30,Credit Card,Delivered,3.4,820.75
ORD00956,2025-12-04,CUST0048,Chennai,Dosa House,Biryani,1,251.85,15.62,50,UPI,Delivered,4.7,286.23
ORD00923,2025-12-04,CUST0667,Chennai,Spice Hub,Biryani,1,277.29,21.63,50,UPI,Delivered,4.9,305.66
ORD01550,2025-12-04,CUST0661,Kolkata,Bengal Feast,South Indian,1,153.6,2.77,20,Debit Card,Delivered,4.5,170.83
ORD02917,2025-12-04,CUST0362,Bengaluru,Garden Kitchen,Chinese,2,298.21,36.94,60,Wallet,Cancelled,4.4,619.48
ORD02268,2025-12-04,CUST0594,Bengaluru,Garden Kitchen,North Indian,1,328.7,36.67,40,UPI,Delivered,4.8,332.03
ORD01677,2025-12-04,CUST0584,Delhi,Punjabi Rasoi,Pizza,1,362.22,56.92,40,Credit Card,Delivered,3.5,345.3
ORD01681,2025-12-04,CUST0243,Kochi,Coconut Cafe,Desserts,1,185.48,8.33,40,Credit Card,Returned,3.9,217.15
ORD02417,2025-12-04,CUST0432,Kochi,Coastal Treats,North Indian,1,214.08,16.02,20,UPI,Delivered,4.3,218.06
ORD00301,2025-12-04,CUST0652,Kochi,Coconut Cafe,North Indian,2,277.44,51.74,60,UPI,Delivered,4.9,563.14
ORD00551,2025-12-04,CUST0475,Chennai,Dosa House,Pizza,1,308.83,47.25,30,Credit Card,Delivered,3.4,291.58
ORD00109,2025-12-04,CUST0521,Hyderabad,Deccan Delights,Burgers,2,292.4,17.2,30,Credit Card,Delivered,4.1,597.6
ORD00719,2025-12-04,CUST0387,Chennai,Chennai Bites,Pizza,1,372.83,70.46,50,Credit Card,Cancelled,3.7,352.37
ORD01705,2025-12-04,CUST0690,Chennai,Dosa House,Desserts,1,132.46,12.69,40,UPI,Delivered,5.0,159.77
ORD01485,2025-12-05,CUST0011,Bengaluru,South Spice,Burgers,2,112.2,5.4,30,UPI,Delivered,3.6,249.0
ORD01902,2025-12-05,CUST0792,Bengaluru,Tech Tadka,Chinese,2,330.43,72.44,30,UPI,Delivered,4.1,618.42
ORD02148,2025-12-05,CUST0513,Delhi,Street Feast,Biryani,2,357.83,53.01,30,Cash,Delivered,3.8,692.65
ORD01474,2025-12-05,CUST0130,Delhi,Street Feast,Pizza,2,366.06,16.87,30,Credit Card,Delivered,4.5,745.25
ORD01939,2025-12-05,CUST0117,Chennai,Dosa House,Desserts,1,220.21,6.81,20,UPI,Delivered,4.0,233.4
ORD02480,2025-12-05,CUST0727,Hyderabad,Biryani Point,Chinese,1,352.53,14.59,20,Wallet,Delivered,3.9,357.94
ORD01487,2025-12-05,CUST0676,Hyderabad,Deccan Delights,Burgers,1,223.4,42.71,40,Wallet,Delivered,3.5,220.69
ORD02104,2025-12-05,CUST0298,Hyderabad,Hyderabad House,Pizza,1,358.0,23.74,20,UPI,Delivered,3.5,354.26
ORD02939,2025-12-05,CUST0500,Hyderabad,Hyderabad House,North Indian,1,224.88,19.17,20,UPI,Delivered,3.9,225.71
ORD01140,2025-12-05,CUST0410,Mumbai,Mumbai Masala,Burgers,2,203.83,44.15,50,UPI,Cancelled,4.2,413.51
ORD02551,2025-12-06,CUST0196,Kochi,Coconut Cafe,Desserts,1,132.22,11.28,50,Debit Card,Delivered,3.2,170.94
ORD01455,2025-12-06,CUST0599,Delhi,Punjabi Rasoi,Burgers,1,212.0,15.31,20,Wallet,Delivered,4.0,216.69
ORD02036,2025-12-06,CUST0567,Pune,Deccan Kitchen,Desserts,1,199.86,4.06,40,UPI,Delivered,4.4,235.8
ORD00550,2025-12-06,CUST0160,Bengaluru,Garden Kitchen,Chinese,1,265.31,22.39,40,Wallet,Returned,3.8,282.92
ORD00984,2025-12-06,CUST0750,Hyderabad,Biryani Point,South Indian,1,135.27,1.7,20,UPI,Delivered,3.7,153.57
ORD02563,2025-12-06,CUST0012,Bengaluru,South Spice,Biryani,1,269.01,3.52,20,Debit Card,Cancelled,3.8,285.49
ORD02193,2025-12-06,CUST0797,Pune,Marathi Meals,Chinese,2,266.65,41.49,20,Credit Card,Delivered,3.5,511.81
ORD00487,2025-12-06,CUST0641,Bengaluru,Bengaluru Bowl,Healthy Food,1,241.04,40.63,40,Credit Card,Delivered,4.6,240.41
ORD02038,2025-12-06,CUST0356,Bengaluru,Garden Kitchen,Biryani,1,298.96,27.44,50,Credit Card,Delivered,3.7,321.52
ORD01068,2025-12-06,CUST0574,Kolkata,Bengal Feast,North Indian,1,318.85,30.0,40,UPI,Delivered,3.6,328.85
ORD00500,2025-12-07,CUST0189,Kolkata,Bengal Feast,Burgers,1,272.61,24.01,40,Credit Card,Delivered,4.1,288.6
ORD02937,2025-12-07,CUST0013,Bengaluru,Tech Tadka,South Indian,1,110.46,20.23,50,UPI,Delivered,,140.23
ORD00704,2025-12-07,CUST0531,Kochi,Coconut Cafe,Chinese,3,261.56,77.74,40,UPI,Delivered,4.1,746.94
ORD02958,2025-12-07,CUST0101,Mumbai,Mumbai Masala,South Indian,2,156.04,56.98,30,Cash,Delivered,3.6,285.1
ORD01747,2025-12-07,CUST0593,Hyderabad,Deccan Delights,Pizza,1,322.75,60.97,50,Cash,Delivered,4.6,311.78
ORD00727,2025-12-07,CUST0117,Bengaluru,Bengaluru Bowl,Pizza,4,372.41,215.09,40,UPI,Delivered,3.9,1314.55
ORD02464,2025-12-07,CUST0642,Mumbai,Bombay Bites,North Indian,1,268.78,21.28,30,Credit Card,Delivered,4.3,277.5
ORD02101,2025-12-07,CUST0752,Hyderabad,Nawab Kitchen,Desserts,1,157.53,28.79,50,Debit Card,Delivered,4.0,178.74
ORD00161,2025-12-07,CUST0564,Hyderabad,Deccan Delights,Burgers,2,277.44,104.51,20,Debit Card,Delivered,4.4,470.37
ORD01645,2025-12-07,CUST0689,Delhi,Delhi Zaika,Chinese,4,350.84,249.68,60,UPI,Delivered,5.0,1213.68
ORD01708,2025-12-07,CUST0216,Hyderabad,Hyderabad House,Chinese,2,349.86,40.14,30,Cash,Delivered,4.6,689.58
ORD00137,2025-12-07,CUST0099,Mumbai,Tandoor Tales,Burgers,1,196.76,10.41,20,Debit Card,Cancelled,4.5,206.35
ORD00461,2025-12-08,CUST0620,Chennai,Urban Tiffin,South Indian,2,209.08,28.54,30,UPI,Delivered,3.2,419.62
ORD00696,2025-12-08,CUST0252,Bengaluru,Tech Tadka,Desserts,2,195.86,39.04,20,UPI,Delivered,3.5,372.68
ORD01243,2025-12-08,CUST0029,Hyderabad,Deccan Delights,Healthy Food,1,419.58,82.76,30,UPI,Cancelled,3.6,366.82
ORD00090,2025-12-08,CUST0727,Hyderabad,Biryani Point,North Indian,2,197.52,55.03,40,Debit Card,Delivered,4.5,380.01
ORD01386,2025-12-08,CUST0151,Chennai,Dosa House,Pizza,1,400.9,7.69,20,Debit Card,Delivered,2.8,413.21
ORD02466,2025-12-08,CUST0428,Pune,Marathi Meals,Biryani,1,276.45,33.31,40,UPI,Cancelled,3.5,283.14
ORD00326,2025-12-09,CUST0473,Chennai,Dosa House,Biryani,3,314.79,130.49,40,UPI,Delivered,4.6,853.88
ORD00545,2025-12-09,CUST0792,Mumbai,Bombay Bites,Chinese,1,233.59,8.04,20,Debit Card,Delivered,4.7,245.55
ORD00436,2025-12-09,CUST0143,Bengaluru,South Spice,Pizza,1,208.21,38.92,20,Credit Card,Cancelled,3.9,189.29
ORD00940,2025-12-09,CUST0524,Bengaluru,South Spice,Burgers,3,152.32,83.05,20,Credit Card,Delivered,,393.91
ORD01306,2025-12-09,CUST0701,Mumbai,Mumbai Masala,North Indian,2,310.85,63.71,40,Debit Card,Returned,3.9,597.99
ORD00698,2025-12-09,CUST0787,Bengaluru,Bengaluru Bowl,North Indian,2,225.78,54.99,40,Credit Card,Delivered,4.6,436.57
ORD02919,2025-12-09,CUST0656,Hyderabad,Nawab Kitchen,South Indian,1,185.99,35.28,20,Credit Card,Delivered,4.2,170.71
ORD01013,2025-12-09,CUST0146,Kochi,Coastal Treats,Healthy Food,1,423.55,57.43,40,Credit Card,Delivered,3.5,406.12
ORD02144,2025-12-09,CUST0133,Kochi,Coastal Treats,Burgers,1,325.63,17.78,40,Cash,Delivered,3.9,347.85
ORD02285,2025-12-09,CUST0417,Delhi,Delhi Zaika,Chinese,2,246.16,50.39,50,Credit Card,Delivered,3.5,491.93
ORD01392,2025-12-09,CUST0285,Pune,Pune Pantry,Healthy Food,1,304.01,37.62,40,UPI,Delivered,,306.39
ORD02117,2025-12-09,CUST0231,Mumbai,Mumbai Masala,Biryani,2,284.06,105.42,20,UPI,Delivered,4.0,482.7
ORD01861,2025-12-10,CUST0570,Chennai,Urban Tiffin,Biryani,1,268.48,30.11,30,Credit Card,Delivered,3.8,268.37
ORD01771,2025-12-10,CUST0681,Mumbai,Bombay Bites,North Indian,1,426.16,83.57,30,Debit Card,Delivered,4.3,372.59
ORD00655,2025-12-10,CUST0223,Chennai,Urban Tiffin,South Indian,1,202.54,3.26,30,UPI,Delivered,3.2,229.28
ORD00509,2025-12-10,CUST0435,Pune,Cafe Central,Biryani,1,259.53,48.96,40,UPI,Delivered,3.7,250.57
ORD00514,2025-12-10,CUST0069,Mumbai,Tandoor Tales,Healthy Food,4,336.37,24.25,40,UPI,Cancelled,3.5,1361.23
ORD00366,2025-12-10,CUST0453,Pune,Marathi Meals,North Indian,3,353.93,53.71,20,UPI,Cancelled,3.7,1028.08
ORD00175,2025-12-10,CUST0243,Chennai,Dosa House,Burgers,1,241.96,38.31,30,Debit Card,Delivered,4.5,233.65
ORD02474,2025-12-10,CUST0067,Delhi,Punjabi Rasoi,South Indian,3,202.09,37.27,20,Cash,Cancelled,3.1,589.0
ORD02270,2025-12-10,CUST0279,Bengaluru,South Spice,Biryani,1,262.18,9.64,40,UPI,Delivered,4.6,292.54
ORD02376,2025-12-11,CUST0141,Mumbai,Coastal Kitchen,Burgers,1,184.53,27.08,20,UPI,Delivered,3.5,177.45
ORD00136,2025-12-11,CUST0728,Hyderabad,Hyderabad House,Healthy Food,1,255.1,39.77,20,UPI,Delivered,4.9,235.33
ORD02146,2025-12-11,CUST0776,Hyderabad,Biryani Point,Desserts,1,134.08,7.98,60,Cash,Delivered,3.6,186.1
ORD02590,2025-12-11,CUST0793,Chennai,Dosa House,South Indian,1,114.99,22.4,20,Credit Card,Delivered,4.3,112.59
ORD01698,2025-12-11,CUST0521,Kochi,Kerala Kitchen,Desserts,1,175.13,16.03,30,Cash,Delivered,4.2,189.1
ORD02326,2025-12-11,CUST0051,Hyderabad,Hyderabad House,Biryani,2,248.47,94.43,30,UPI,Delivered,3.7,432.51
ORD01573,2025-12-11,CUST0250,Hyderabad,Biryani Point,Pizza,1,363.87,5.24,40,Wallet,Delivered,3.6,398.63
ORD02629,2025-12-11,CUST0287,Delhi,Delhi Zaika,Biryani,1,337.29,12.83,20,Debit Card,Delivered,3.7,344.46
ORD02013,2025-12-12,CUST0111,Mumbai,Coastal Kitchen,South Indian,1,161.51,27.13,30,UPI,Delivered,4.0,164.38
ORD02334,2025-12-12,CUST0373,Pune,Cafe Central,Biryani,2,260.82,33.83,40,,Delivered,4.5,527.81
ORD02715,2025-12-12,CUST0629,Bengaluru,Tech Tadka,Pizza,2,346.43,120.17,30,UPI,Delivered,4.3,602.69
ORD02832,2025-12-12,CUST0351,Hyderabad,Hyderabad House,Biryani,2,188.5,30.96,50,UPI,Returned,5.0,396.04
ORD01986,2025-12-12,CUST0666,Kochi,Malabar Bites,Pizza,1,331.16,59.34,40,Credit Card,Delivered,5.0,311.82
ORD01065,2025-12-12,CUST0118,Mumbai,Mumbai Masala,Desserts,3,176.85,86.17,60,Credit Card,Delivered,3.8,504.38
ORD01289,2025-12-12,CUST0161,Chennai,Spice Hub,Chinese,1,252.78,34.01,30,Credit Card,Delivered,4.3,248.77
ORD02079,2025-12-13,CUST0512,Chennai,Dosa House,Burgers,1,248.12,3.96,50,UPI,Delivered,4.1,294.16
ORD00543,2025-12-13,CUST0516,Hyderabad,Hyderabad House,Chinese,1,367.7,50.6,20,Debit Card,Cancelled,4.0,337.1
ORD01953,2025-12-13,CUST0495,Hyderabad,Deccan Delights,South Indian,1,146.94,7.82,50,Credit Card,Delivered,4.9,189.12
ORD00464,2025-12-13,CUST0196,Hyderabad,Hyderabad House,North Indian,2,330.12,126.49,40,Credit Card,Delivered,4.1,573.75
ORD00313,2025-12-13,CUST0054,Delhi,Capital Bites,North Indian,1,330.27,19.08,20,Credit Card,Delivered,3.9,331.19
ORD01958,2025-12-14,CUST0301,Chennai,Chennai Bites,Burgers,1,214.24,36.08,40,UPI,Delivered,4.2,218.16
ORD01750,2025-12-14,CUST0301,Kolkata,Kolkata Kitchen,South Indian,4,192.02,10.74,40,UPI,Delivered,4.5,797.34
ORD00456,2025-12-14,CUST0444,Bengaluru,Tech Tadka,Chinese,1,293.69,24.0,20,Cash,Delivered,4.7,289.69
ORD01652,2025-12-14,CUST0146,Bengaluru,Tech Tadka,Desserts,1,181.15,19.3,50,Credit Card,Delivered,4.6,211.85
ORD02965,2025-12-14,CUST0536,Pune,Pune Pantry,Biryani,2,201.72,74.3,30,UPI,Delivered,4.5,359.14
ORD00801,2025-12-15,CUST0374,Hyderabad,Hyderabad House,Chinese,1,268.59,23.1,50,Credit Card,Returned,4.9,295.49
ORD00933,2025-12-15,CUST0604,Delhi,Punjabi Rasoi,Pizza,1,251.83,3.05,20,UPI,Delivered,4.4,268.78
ORD02866,2025-12-15,CUST0638,Kochi,Kerala Kitchen,South Indian,2,147.7,49.32,30,Debit Card,Delivered,3.6,276.08
ORD02604,2025-12-15,CUST0117,Hyderabad,Nawab Kitchen,North Indian,4,307.36,197.02,30,UPI,Cancelled,3.9,1062.42
ORD01264,2025-12-15,CUST0202,Chennai,Spice Hub,Biryani,3,177.6,28.86,20,UPI,Delivered,5.0,523.94
ORD01295,2025-12-15,CUST0156,Hyderabad,Biryani Point,Burgers,2,222.12,10.39,50,UPI,Delivered,3.6,483.85
ORD02371,2025-12-15,CUST0172,Delhi,Delhi Zaika,Biryani,2,218.45,73.87,30,Credit Card,Delivered,3.8,393.03
ORD00058,2025-12-15,CUST0242,Chennai,Chennai Bites,South Indian,2,180.05,53.88,50,UPI,Delivered,3.4,356.22
ORD02227,2025-12-16,CUST0114,Kolkata,Bengal Feast,Burgers,1,252.06,28.42,50,UPI,Delivered,3.6,273.64
ORD00047,2025-12-16,CUST0505,Pune,Pune Pantry,South Indian,2,184.03,67.97,40,UPI,Delivered,4.9,340.09
ORD02253,2025-12-16,CUST0585,Chennai,Urban Tiffin,Biryani,1,235.78,27.31,60,Wallet,Delivered,5.0,268.47
ORD00012,2025-12-16,CUST0331,Chennai,Spice Hub,Biryani,2,319.5,19.14,50,UPI,Delivered,4.0,669.86
ORD00311,2025-12-16,CUST0404,Hyderabad,Hyderabad House,Pizza,1,329.39,39.9,40,Credit Card,Delivered,4.6,329.49
ORD00586,2025-12-16,CUST0493,Mumbai,Bombay Bites,Biryani,2,313.39,58.66,50,Credit Card,Delivered,4.3,618.12
ORD02746,2025-12-16,CUST0097,Kochi,Kerala Kitchen,Biryani,2,277.98,39.36,20,Debit Card,Delivered,4.9,536.6
ORD01145,2025-12-17,CUST0042,Mumbai,Tandoor Tales,North Indian,1,279.01,30.45,60,Credit Card,Delivered,2.7,308.56
ORD02460,2025-12-17,CUST0425,Hyderabad,Biryani Point,Biryani,1,370.17,28.55,30,Debit Card,Delivered,3.7,371.62
ORD01366,2025-12-17,CUST0609,Kolkata,Biryani Corner,North Indian,4,229.4,84.23,50,Credit Card,Delivered,4.3,883.37
ORD02081,2025-12-17,CUST0578,Kolkata,Biryani Corner,Chinese,1,327.79,3.4,40,Cash,Delivered,4.6,364.39
ORD02550,2025-12-17,CUST0666,Kochi,Malabar Bites,Desserts,1,118.26,16.82,30,Credit Card,Cancelled,,131.44
ORD01196,2025-12-17,CUST0216,Kolkata,East Spice,South Indian,1,180.92,2.98,20,UPI,Delivered,4.7,197.94
ORD01472,2025-12-18,CUST0558,Delhi,Punjabi Rasoi,Biryani,1,382.14,71.98,20,Debit Card,Delivered,4.7,330.16
ORD02950,2025-12-18,CUST0437,Mumbai,Bombay Bites,Burgers,3,322.78,153.64,30,UPI,Delivered,4.1,844.7
ORD00760,2025-12-18,CUST0736,Pune,Deccan Kitchen,North Indian,1,284.7,11.24,30,Wallet,Delivered,3.7,303.46
ORD02717,2025-12-18,CUST0510,Chennai,Spice Hub,South Indian,2,219.15,81.45,30,UPI,Cancelled,4.0,386.85
ORD01601,2025-12-18,CUST0364,Chennai,Dosa House,Healthy Food,1,232.8,28.02,20,UPI,Delivered,3.2,224.78
ORD01234,2025-12-18,CUST0356,Kolkata,Bengal Feast,Biryani,1,284.52,34.12,30,UPI,Delivered,4.8,280.4
ORD00788,2025-12-18,CUST0547,Bengaluru,Garden Kitchen,Chinese,3,252.79,92.71,40,Debit Card,Delivered,4.8,705.66
ORD01778,2025-12-18,CUST0356,Delhi,Capital Bites,North Indian,1,276.75,5.92,30,Debit Card,Delivered,3.5,300.83
ORD00497,2025-12-19,CUST0488,Chennai,Dosa House,Chinese,3,224.26,125.18,30,UPI,Cancelled,3.7,577.6
ORD01701,2025-12-19,CUST0753,Chennai,Dosa House,Chinese,1,229.66,29.5,60,UPI,Delivered,4.0,260.16
ORD00272,2025-12-19,CUST0771,Bengaluru,Tech Tadka,South Indian,1,195.36,19.94,40,Wallet,Delivered,4.2,215.42
ORD00700,2025-12-20,CUST0182,Chennai,Dosa House,Burgers,2,226.99,17.26,50,Wallet,Cancelled,4.2,486.72
ORD01314,2025-12-20,CUST0435,Bengaluru,South Spice,North Indian,1,334.4,20.83,20,UPI,Delivered,4.1,333.57
ORD01723,2025-12-20,CUST0541,Chennai,Urban Tiffin,Biryani,2,305.46,31.45,30,UPI,Delivered,3.2,609.47
ORD00353,2025-12-20,CUST0230,Mumbai,Mumbai Masala,Burgers,1,261.54,24.88,20,Wallet,Delivered,4.2,256.66
ORD00925,2025-12-20,CUST0672,Mumbai,Mumbai Masala,Biryani,2,342.15,91.7,20,UPI,Delivered,4.2,612.6
ORD00613,2025-12-20,CUST0217,Chennai,Dosa House,Burgers,2,227.76,25.44,20,UPI,Delivered,3.9,450.08
ORD00149,2025-12-20,CUST0767,Hyderabad,Biryani Point,Burgers,1,188.51,35.68,40,Debit Card,Delivered,4.8,192.83
ORD01223,2025-12-20,CUST0302,Kochi,Kerala Kitchen,Pizza,2,506.65,180.14,30,UPI,Delivered,3.6,863.16
ORD00738,2025-12-20,CUST0764,Delhi,Punjabi Rasoi,Chinese,1,355.38,46.07,30,Credit Card,Delivered,4.2,339.31
ORD00714,2025-12-20,CUST0660,Kolkata,Kolkata Kitchen,Biryani,1,275.22,10.3,20,UPI,Delivered,4.8,284.92
ORD01849,2025-12-20,CUST0716,Chennai,Chennai Bites,Desserts,1,153.04,4.07,40,UPI,Delivered,4.9,188.97
ORD02809,2025-12-21,CUST0329,Delhi,Delhi Zaika,Pizza,1,329.16,52.96,30,UPI,Delivered,3.8,306.2
ORD00994,2025-12-21,CUST0485,Bengaluru,South Spice,Biryani,1,273.56,40.28,50,Credit Card,Delivered,4.4,283.28
ORD01202,2025-12-21,CUST0157,Bengaluru,Bengaluru Bowl,Biryani,1,338.18,26.87,30,UPI,Delivered,3.8,341.31
ORD00342,2025-12-21,CUST0401,Chennai,Chennai Bites,Chinese,1,306.11,11.02,50,UPI,Delivered,4.1,345.09
ORD00854,2025-12-21,CUST0118,Delhi,Street Feast,Chinese,2,284.46,85.4,20,UPI,Delivered,3.8,503.52
ORD02282,2025-12-21,CUST0143,Bengaluru,Bengaluru Bowl,Burgers,2,247.71,6.09,50,Credit Card,Delivered,4.3,539.33
ORD00483,2025-12-21,CUST0117,Bengaluru,Tech Tadka,Burgers,1,126.13,3.42,40,UPI,Delivered,4.2,162.71
ORD01973,2025-12-21,CUST0592,Hyderabad,Deccan Delights,South Indian,1,155.9,26.28,20,Debit Card,Delivered,4.2,149.62
ORD02510,2025-12-21,CUST0542,Mumbai,Coastal Kitchen,North Indian,2,299.59,99.72,40,Debit Card,Delivered,3.3,539.46
ORD02702,2025-12-21,CUST0693,Hyderabad,Nawab Kitchen,Pizza,1,341.34,17.61,40,UPI,Delivered,4.4,363.73
ORD02097,2025-12-21,CUST0737,Pune,Deccan Kitchen,North Indian,1,294.8,3.95,20,Debit Card,Delivered,4.0,310.85
ORD00007,2025-12-22,CUST0021,Chennai,Dosa House,Pizza,1,389.1,11.48,40,UPI,Delivered,4.6,417.62
ORD02903,2025-12-22,CUST0515,Kolkata,Kolkata Kitchen,Chinese,1,316.79,52.56,40,UPI,Delivered,4.0,304.23
ORD00064,2025-12-22,CUST0367,Kolkata,Biryani Corner,Desserts,1,88.36,15.22,30,UPI,Delivered,4.0,103.14
ORD02092,2025-12-22,CUST0643,Kolkata,East Spice,Burgers,2,161.84,49.32,20,UPI,Delivered,4.4,294.36
ORD02030,2025-12-22,CUST0524,Chennai,Chennai Bites,Desserts,1,190.99,15.06,40,Credit Card,Delivered,3.4,215.93
ORD01029,2025-12-22,CUST0282,Delhi,Capital Bites,South Indian,1,207.82,25.51,30,UPI,Delivered,4.3,212.31
ORD01052,2025-12-22,CUST0243,Delhi,Punjabi Rasoi,Pizza,3,449.72,48.63,50,UPI,Delivered,3.6,1350.53
ORD01619,2025-12-22,CUST0414,Chennai,Dosa House,Pizza,1,358.4,55.31,30,UPI,Delivered,4.1,333.09
ORD02895,2025-12-22,CUST0044,Hyderabad,Deccan Delights,Burgers,1,182.11,9.92,20,Credit Card,Delivered,4.2,192.19
ORD02037,2025-12-23,CUST0750,Delhi,Street Feast,North Indian,1,352.4,18.49,20,Credit Card,Delivered,4.5,353.91
ORD01968,2025-12-23,CUST0401,Hyderabad,Hyderabad House,North Indian,1,249.93,16.33,50,Debit Card,Delivered,3.6,283.6
ORD01211,2025-12-23,CUST0292,Chennai,Urban Tiffin,North Indian,1,193.48,32.72,30,Debit Card,Delivered,2.8,190.76
ORD01376,2025-12-23,CUST0452,Kolkata,Bengal Feast,Burgers,3,241.94,107.95,30,UPI,Delivered,4.0,647.87
ORD00676,2025-12-23,CUST0795,Chennai,Spice Hub,Pizza,2,438.68,83.11,20,Credit Card,Delivered,4.6,814.25
ORD01429,2025-12-23,CUST0281,Delhi,Delhi Zaika,North Indian,3,282.88,40.36,30,Credit Card,Delivered,3.7,838.28
ORD00427,2025-12-23,CUST0036,Chennai,Dosa House,Burgers,1,209.83,9.32,20,UPI,Delivered,3.6,220.51
ORD01397,2025-12-23,CUST0523,Bengaluru,South Spice,Biryani,3,295.79,63.7,60,Credit Card,Delivered,3.5,883.67
ORD00595,2025-12-23,CUST0394,Hyderabad,Biryani Point,Desserts,2,177.78,68.36,30,Debit Card,Cancelled,4.5,317.2
ORD00871,2025-12-24,CUST0435,Hyderabad,Hyderabad House,South Indian,2,147.86,50.62,40,UPI,Delivered,4.9,285.1
ORD02237,2025-12-24,CUST0287,Mumbai,Mumbai Masala,Chinese,2,242.97,31.18,30,Credit Card,Delivered,5.0,484.76
ORD01216,2025-12-24,CUST0011,Delhi,Delhi Zaika,Biryani,1,384.98,21.05,40,Debit Card,Delivered,5.0,403.93
ORD01689,2025-12-24,CUST0506,Hyderabad,Hyderabad House,Burgers,1,243.78,42.73,40,UPI,Delivered,4.8,241.05
ORD00864,2025-12-24,CUST0624,Hyderabad,Biryani Point,North Indian,1,263.52,13.33,30,UPI,Delivered,4.3,280.19
ORD02603,2025-12-24,CUST0653,Hyderabad,Deccan Delights,Pizza,1,301.12,13.5,30,UPI,Delivered,5.0,317.62
ORD00852,2025-12-24,CUST0674,Bengaluru,Bengaluru Bowl,Pizza,1,402.45,65.77,20,Debit Card,Delivered,4.1,356.68
ORD02481,2025-12-25,CUST0172,Mumbai,Mumbai Masala,Biryani,3,262.89,156.03,20,UPI,Delivered,3.9,652.64
ORD02411,2025-12-25,CUST0108,Hyderabad,Nawab Kitchen,North Indian,1,316.51,48.5,50,UPI,Delivered,4.4,318.01
ORD00037,2025-12-25,CUST0511,Kochi,Malabar Bites,Biryani,1,182.11,14.35,20,UPI,Cancelled,3.8,187.76
ORD01287,2025-12-25,CUST0710,Chennai,Dosa House,Burgers,1,239.72,6.77,20,UPI,Delivered,4.3,252.95
ORD00991,2025-12-25,CUST0015,Mumbai,Bombay Bites,Chinese,1,339.28,27.57,30,Debit Card,Cancelled,4.2,341.71
ORD00708,2025-12-25,CUST0173,Kolkata,Bengal Feast,Desserts,2,126.45,39.11,40,UPI,Delivered,4.3,253.79
ORD01920,2025-12-26,CUST0199,Bengaluru,Tech Tadka,North Indian,2,279.93,11.14,40,UPI,Delivered,3.9,588.72
ORD00622,2025-12-26,CUST0019,Delhi,Street Feast,South Indian,2,195.27,77.74,30,UPI,Delivered,4.0,342.8
ORD02512,2025-12-26,CUST0279,Hyderabad,Hyderabad House,North Indian,1,333.58,29.0,30,UPI,Delivered,3.0,334.58
ORD02610,2025-12-26,CUST0173,Bengaluru,Bengaluru Bowl,Biryani,1,338.56,48.78,20,Cash,Delivered,4.2,309.78
ORD01257,2025-12-26,CUST0001,Mumbai,Bombay Bites,Desserts,2,103.23,0.22,30,Debit Card,Delivered,3.9,236.24
ORD02533,2025-12-26,CUST0500,Mumbai,Mumbai Masala,Burgers,2,290.84,76.4,40,Debit Card,Delivered,4.1,545.28
ORD02584,2025-12-26,CUST0466,Kochi,Malabar Bites,Pizza,1,338.48,50.35,30,Credit Card,Delivered,5.0,318.13
ORD02695,2025-12-26,CUST0423,Hyderabad,Biryani Point,Pizza,2,337.74,22.44,40,Credit Card,Delivered,3.5,693.04
ORD02249,2025-12-26,CUST0681,Hyderabad,Hyderabad House,Biryani,1,300.14,26.15,20,Credit Card,Delivered,3.6,293.99
ORD01143,2025-12-26,CUST0601,Kolkata,Bengal Feast,South Indian,1,112.48,19.64,30,Credit Card,Delivered,3.7,122.84
ORD01000,2025-12-27,CUST0086,Kolkata,Bengal Feast,Biryani,2,286.47,103.44,20,Debit Card,Delivered,4.5,489.5
ORD01553,2025-12-27,CUST0485,Kochi,Coconut Cafe,Chinese,2,339.91,131.17,40,UPI,Cancelled,4.3,588.65
ORD03000,2025-12-27,CUST0406,Delhi,Street Feast,South Indian,2,157.69,12.31,50,UPI,Delivered,4.8,353.07
ORD00442,2025-12-27,CUST0665,Pune,Cafe Central,Healthy Food,1,399.32,71.9,40,Wallet,Delivered,4.1,367.42
ORD01163,2025-12-27,CUST0616,Delhi,Capital Bites,South Indian,1,141.17,26.77,30,Wallet,Delivered,4.4,144.4
ORD00928,2025-12-27,CUST0051,Pune,Deccan Kitchen,Desserts,1,139.15,17.99,20,Credit Card,Delivered,5.0,141.16
ORD00465,2025-12-27,CUST0774,Kolkata,Biryani Corner,South Indian,1,198.05,16.83,40,UPI,Returned,4.8,221.22
ORD00406,2025-12-27,CUST0792,Chennai,Spice Hub,North Indian,1,284.09,0.79,50,Credit Card,Delivered,4.0,333.3
ORD01782,2025-12-28,CUST0700,Bengaluru,Tech Tadka,South Indian,1,194.0,35.92,30,UPI,Delivered,4.9,188.08
ORD01336,2025-12-28,CUST0222,Kochi,Kerala Kitchen,Healthy Food,3,286.64,153.39,20,UPI,Delivered,3.2,726.53
ORD01232,2025-12-28,CUST0683,Chennai,Urban Tiffin,Healthy Food,2,332.84,48.08,40,Credit Card,Delivered,3.3,657.6
ORD01136,2025-12-28,CUST0165,Kochi,Kerala Kitchen,Chinese,1,384.14,32.82,30,Cash,Cancelled,4.6,381.32
ORD00479,2025-12-28,CUST0058,Bengaluru,South Spice,Burgers,2,178.83,36.91,50,UPI,Delivered,3.1,370.75
ORD02699,2025-12-29,CUST0242,Delhi,Delhi Zaika,Chinese,1,304.24,18.47,20,UPI,Delivered,3.7,305.77
ORD01841,2025-12-29,CUST0474,Kochi,Coastal Treats,Pizza,1,429.46,43.1,50,Cash,Delivered,4.1,436.36
ORD01735,2025-12-29,CUST0226,Pune,Marathi Meals,Biryani,1,215.98,13.81,20,UPI,Delivered,3.9,222.17
ORD02575,2025-12-29,CUST0067,Chennai,Spice Hub,Biryani,1,308.03,37.48,40,Credit Card,Delivered,4.6,310.55
ORD00238,2025-12-29,CUST0566,Kochi,Malabar Bites,Chinese,1,273.28,26.02,20,UPI,Delivered,4.4,267.26
ORD00111,2025-12-29,CUST0129,Chennai,Spice Hub,Pizza,3,392.64,8.21,50,UPI,Delivered,4.0,1219.71
ORD01711,2025-12-29,CUST0739,Chennai,Dosa House,South Indian,1,190.31,15.1,50,UPI,Delivered,3.9,225.21
ORD00662,2025-12-29,CUST0658,Bengaluru,Bengaluru Bowl,Pizza,1,425.42,5.3,30,Credit Card,Delivered,4.0,450.12
ORD00505,2025-12-29,CUST0247,Bengaluru,South Spice,Burgers,1,218.27,36.77,30,Debit Card,Delivered,2.7,211.5
ORD02577,2025-12-30,CUST0526,Delhi,Punjabi Rasoi,Biryani,1,278.09,10.57,40,UPI,Delivered,4.4,307.52
ORD02732,2025-12-30,CUST0554,Delhi,Street Feast,Burgers,2,194.88,23.25,30,Credit Card,Delivered,5.0,396.51
ORD00612,2025-12-30,CUST0279,Delhi,Street Feast,Pizza,2,375.22,62.71,60,Credit Card,Delivered,4.7,747.73
ORD00080,2025-12-30,CUST0703,Hyderabad,Nawab Kitchen,Healthy Food,2,354.82,45.77,30,UPI,Delivered,,693.87
ORD00977,2025-12-30,CUST0666,Chennai,Urban Tiffin,Healthy Food,2,493.77,25.85,50,UPI,Delivered,4.5,1011.69
ORD01265,2025-12-30,CUST0436,Delhi,Punjabi Rasoi,Chinese,2,253.92,67.75,30,Cash,Delivered,3.8,470.09
ORD02835,2025-12-30,CUST0226,Delhi,Punjabi Rasoi,North Indian,1,265.64,18.53,30,Credit Card,Delivered,4.3,277.11
ORD02231,2025-12-30,CUST0303,Hyderabad,Nawab Kitchen,Pizza,1,486.5,76.25,30,Wallet,Delivered,4.0,440.25
ORD00088,2025-12-30,CUST0456,Kolkata,Bengal Feast,Pizza,1,435.07,17.28,20,UPI,Delivered,4.1,437.79
ORD02184,2025-12-30,CUST0490,Kolkata,Kolkata Kitchen,Biryani,1,230.55,13.66,50,UPI,Delivered,4.3,266.89
ORD00283,2025-12-30,CUST0551,Hyderabad,Nawab Kitchen,Burgers,2,192.52,59.07,30,UPI,Delivered,4.2,355.97
ORD01897,2025-12-30,CUST0570,Bengaluru,Tech Tadka,Burgers,1,126.11,7.69,40,UPI,Cancelled,4.0,158.42
ORD00284,2025-12-30,CUST0338,Mumbai,Tandoor Tales,Pizza,1,331.89,25.27,20,Credit Card,Delivered,4.8,326.62
ORD02430,2025-12-30,CUST0320,Chennai,Chennai Bites,South Indian,4,126.99,16.45,40,Wallet,Delivered,4.5,531.51
ORD00052,2025-12-31,CUST0167,Delhi,Punjabi Rasoi,Burgers,2,117.47,11.61,30,Debit Card,Delivered,4.0,253.33
ORD00779,2025-12-31,CUST0704,Kochi,Coconut Cafe,North Indian,1,272.46,4.33,40,UPI,Delivered,4.3,308.13
ORD00695,2025-12-31,CUST0070,Kochi,Kerala Kitchen,Pizza,2,281.99,68.82,20,Credit Card,Delivered,4.3,515.16
ORD00234,2025-12-31,CUST0113,Mumbai,Tandoor Tales,Burgers,2,230.89,14.19,30,Cash,Delivered,4.1,477.59
ORD00653,2025-12-31,CUST0186,Hyderabad,Deccan Delights,Biryani,2,241.35,44.08,40,Credit Card,Delivered,3.9,478.62
ORD01364,2025-12-31,CUST0579,Bengaluru,Bengaluru Bowl,Biryani,1,291.91,40.94,40,Credit Card,Delivered,4.0,290.97
ORD01304,2025-12-31,CUST0476,Kolkata,Kolkata Kitchen,Pizza,1,355.79,67.11,30,Debit Card,Delivered,4.4,318.68
ORD02329,2025-12-31,CUST0789,Bengaluru,Tech Tadka,Burgers,2,270.57,51.77,40,UPI,Delivered,3.2,529.37
ORD02078,2025-12-31,CUST0117,Kochi,Coconut Cafe,Chinese,1,252.07,22.14,50,Cash,Delivered,4.1,279.93
ORD02673,2025-08-05,CUST0768,Bengaluru,South Spice,North Indian,3,273.01,19.05,20,Credit Card,Delivered,4.8,819.98
ORD01903,2025-05-27,CUST0524,Mumbai,Mumbai Masala,Biryani,1,215.57,4.14,50,UPI,Delivered,3.3,261.43
ORD00240,2025-08-08,CUST0225,Kolkata,Kolkata Kitchen,Desserts,2,156.53,36.53,40,Credit Card,Delivered,,316.53
ORD00360,2025-02-04,CUST0226,Delhi,Delhi Zaika,Pizza,2,375.45,32.51,60,Debit Card,Delivered,3.5,778.39
ORD01456,2025-11-04,CUST0629,Mumbai,Mumbai Masala,Healthy Food,1,164.0,21.91,50,Cash,Delivered,5.0,192.09
ORD02118,2025-05-19,CUST0084,Chennai,Dosa House,Biryani,2,283.8,97.45,30,UPI,Delivered,3.4,500.15
ORD01267,2025-06-22,CUST0117,Pune,Deccan Kitchen,Biryani,2,191.63,43.99,20,Wallet,Delivered,4.5,359.27
ORD00856,2025-09-16,CUST0306,Delhi,Delhi Zaika,Biryani,3,300.02,119.26,20,Cash,Delivered,4.2,800.8
ORD01642,2025-02-23,CUST0340,Delhi,Street Feast,Chinese,1,273.68,26.57,40,Debit Card,Delivered,4.3,287.11
ORD01614,2025-11-11,CUST0450,Kochi,Coastal Treats,Desserts,2,176.21,66.43,20,UPI,Delivered,3.8,305.99
